bus_i,gen_id,pg_mw,qg_mvar,qt_mvar,qb_mvar,vs_pu,mbase_mva,status,pmax_mw,pmin_mw
1,1,-11.42,0.0,0.0,0.0,1.0,590.0,1,9999.0,-9999.0
2,1,114.13,0.0,0.0,0.0,1.0,666.8,1,9999.0,-9999.0
3,1,221.96,0.0,0.0,0.0,1.0,666.8,1,9999.0,-9999.0
103,3,245.2,189.205,290.0,-30.0,1.0,590.0,1,485.0,150.0
104,4,245.2,194.497,290.0,-30.0,1.0,588.24,1,485.0,150.0
211,1,752.0,49.276,547.3,-150.0,0.97,1039.0,1,752.0,700.0
212,2,752.0,43.392,547.3,-150.0,0.97,1039.0,1,752.0,700.0
213,3,752.0,47.415,547.3,-150.0,0.97,1039.0,1,752.0,700.0
301,1,146.24,-3.738,114.31,-17.0,0.97,217.0,1,151.5,90.9
302,2,146.24,-1.387,114.31,-17.0,0.97,217.0,1,151.5,90.9
303,3,146.24,-1.401,114.31,-17.0,0.97,217.0,1,151.5,90.9
304,S,261.29,-6.546,185.95,-15.0,0.97,353.0,1,270.7,162.42
305,1,146.24,-3.73,114.31,-17.0,0.97,217.0,1,151.5,90.9
306,2,146.24,-1.432,114.31,-17.0,0.97,217.0,1,151.5,90.9
307,3,146.24,-1.445,114.31,-17.0,0.97,217.0,1,151.5,90.9
308,S,261.29,-6.514,185.95,-15.0,0.97,353.0,1,270.7,162.42
309,1,230.75,42.54,166.99,-93.0,0.98,317.0,1,233.4,140.04
310,2,230.75,42.296,166.99,-93.0,0.98,317.0,1,233.4,140.04
311,S,238.51,43.146,168.57,-90.0,0.98,320.0,1,241.25,144.75
312,1,230.75,42.416,166.99,-93.0,0.98,317.0,1,233.4,140.04
313,2,230.75,42.419,166.99,-93.0,0.98,317.0,1,233.4,140.04
314,S,238.51,43.173,168.57,-90.0,0.98,320.0,1,241.25,144.75
315,1,230.75,42.565,166.99,-93.0,0.98,317.0,1,233.4,140.04
316,2,230.75,42.311,166.99,-93.0,0.98,317.0,1,233.4,140.04
317,S,238.51,43.18,168.57,-90.0,0.98,320.0,1,241.25,144.75
318,1,230.75,42.419,166.99,-93.0,0.98,317.0,1,233.4,140.04
319,2,230.75,42.206,166.99,-93.0,0.98,317.0,1,233.4,140.04
320,S,238.51,43.061,168.57,-90.0,0.98,320.0,1,241.25,144.75
321,1,293.71,-16.882,202.81,-120.27,0.98,385.0,1,327.25,0.0
322,2,293.71,4.175,202.81,-120.27,0.98,385.0,1,327.25,0.0
323,S,292.59,24.927,197.544,-117.094,0.98,375.0,1,326.0,0.0
324,1,355.12,5.73,232.64,-140.51,0.98,450.0,1,366.4,110.0
325,2,355.12,6.109,232.64,-140.51,0.98,450.0,1,366.4,110.0
326,S,378.77,9.414,251.28,-148.94,0.98,477.0,1,390.8,65.0
327,1,355.12,-29.314,232.64,-140.51,0.98,450.0,1,366.4,110.0
328,2,355.12,-29.125,232.64,-140.51,0.98,450.0,1,366.4,110.0
329,S,378.77,-25.945,251.28,-148.94,0.98,477.0,1,390.8,65.0
411,1,0.0,5.877,29.641,-12.0,1.0,68.0,0,61.2,0.0
451,1,0.0,19.26,21.8,0.0,1.0,50.0,0,40.0,0.0
452,2,0.0,19.91,21.8,0.0,1.0,50.0,0,29.75,0.0
531,1,0.0,-50.0,320.0,-50.0,0.96,679.24,0,537.9,400.0
532,2,400.0,49.601,320.0,-50.0,0.96,679.24,1,537.9,400.0
533,3,400.0,55.043,320.0,-50.0,0.96,679.24,1,537.9,400.0
534,4,485.0,56.336,320.0,-50.0,0.96,679.24,1,537.9,400.0
535,5,500.0,60.047,320.0,-50.0,0.96,679.24,1,525.0,350.0
536,6,400.0,43.242,320.0,-50.0,0.96,679.24,1,525.0,350.0
537,7,400.0,50.028,320.0,-50.0,0.96,679.24,1,525.0,350.0
538,8,400.0,50.028,320.0,-50.0,0.96,679.24,1,525.0,350.0
539,9,400.0,53.543,320.0,-42.9,0.96,650.0,1,525.0,350.0
541,A,500.0,62.385,320.0,-42.9,0.96,650.0,1,525.0,350.0
542,1,0.0,0.0,45.3,0.0,1.0,104.0,0,69.7,20.0
543,1,0.0,0.0,45.3,0.0,1.0,104.0,0,69.7,20.0
544,1,0.0,0.0,45.3,0.0,1.0,104.0,0,69.7,20.0
545,1,0.0,0.0,45.3,0.0,1.0,104.0,0,69.7,20.0
551,1,425.16,-8.725,282.8,-167.6,0.96,537.0,1,456.5,0.0
552,2,425.16,-8.519,282.8,-167.6,0.96,537.0,1,456.5,0.0
553,S,424.69,-8.189,282.8,-170.0,0.96,537.0,1,456.0,0.0
554,1,0.0,-16.523,282.8,-170.0,0.96,537.0,0,456.5,0.0
555,2,0.0,-16.523,282.8,-170.0,0.96,537.0,0,456.5,0.0
556,S,0.0,-16.523,282.8,-170.0,0.96,537.0,0,456.0,0.0
590,1,271.01,29.414,208.1,-90.4,0.97,395.0,1,335.75,152.45
591,2,271.01,29.438,208.1,-90.4,0.97,395.0,1,335.75,152.45
592,S,257.98,27.542,198.1,-96.7,0.97,376.0,1,319.6,145.1
593,1,271.01,29.497,208.1,-90.4,0.97,395.0,1,335.75,152.45
594,2,271.01,29.443,208.1,-90.4,0.97,395.0,1,335.75,152.45
595,S,257.98,27.565,198.1,-96.7,0.97,376.0,1,319.6,145.1
596,1,271.01,29.705,208.1,-90.4,0.97,395.0,1,335.75,152.45
597,2,271.01,29.427,208.1,-90.4,0.97,395.0,1,335.75,152.45
598,S,257.98,27.441,198.1,-96.7,0.97,376.0,1,319.6,145.1
616,1,0.0,1.377,48.8,-4.0,0.96,119.2,0,90.0,45.0
617,2,0.0,1.363,48.8,-4.0,0.96,119.2,0,90.0,45.0
618,3,0.0,1.192,48.8,-4.0,0.96,119.2,0,84.28,42.14
619,S,0.0,1.589,65.1,-5.0,0.96,166.2,0,117.6,58.8
621,1,0.0,1.212,48.8,-4.0,0.96,119.2,0,84.28,42.14
622,2,0.0,1.334,48.8,-4.0,0.96,119.2,0,90.0,45.0
623,3,0.0,1.173,48.8,-4.0,0.96,119.2,0,84.28,42.14
624,S,0.0,1.755,65.1,-5.0,0.96,166.2,0,125.42,62.71
625,1,71.98,-3.0,60.7,-3.0,0.96,145.0,1,103.0,51.5
626,2,71.98,-3.0,60.7,-3.0,0.96,145.0,1,103.0,51.5
627,S,76.04,-3.0,65.1,-3.0,0.96,145.0,1,108.8,54.4
652,1,0.0,0.0,0.0,0.0,1.0,100.0,0,0.0,0.0
691,1,0.0,5.702,28.39,-10.1,1.0,47.32,0,37.856,10.0
692,2,0.0,5.702,28.39,-10.1,1.0,47.32,0,37.856,10.0
693,3,0.0,5.702,28.39,-10.1,1.0,47.32,0,37.856,10.0
694,4,0.0,5.75,28.39,-10.1,1.0,47.32,0,37.856,10.0
695,5,0.0,5.75,28.39,-10.1,1.0,47.32,0,37.856,10.0
696,6,0.0,5.75,28.39,-10.1,1.0,47.32,0,37.856,10.0
701,1,150.0,-63.065,120.0,-68.5,0.97,280.0,1,240.0,-240.0
702,2,150.0,-63.065,120.0,-68.5,0.97,280.0,1,240.0,-240.0
703,3,0.0,-68.5,120.0,-68.5,0.97,280.0,0,240.0,-240.0
704,4,0.0,-68.5,120.0,-68.5,0.97,280.0,0,240.0,-240.0
711,1,150.0,-30.0,130.0,-30.0,0.98,300.0,1,240.8,-267.0
712,2,150.0,-30.0,130.0,-30.0,0.98,300.0,1,240.8,-267.0
713,3,0.0,-30.0,130.0,-30.0,0.98,300.0,0,240.8,-267.0
714,4,0.0,-10.797,130.0,-30.0,0.98,300.0,0,240.8,-267.0
715,5,0.0,-10.797,130.0,-30.0,0.98,300.0,0,240.8,-267.0
716,6,0.0,-20.184,130.0,-30.0,0.98,300.0,0,240.8,-267.0
801,1,12.5,-2.367,12.42,-5.0,0.95,28.5,1,25.0,0.0
802,2,12.5,-2.514,12.42,-5.0,0.95,28.5,1,25.0,0.0
803,3,12.5,-2.503,12.42,-5.0,0.95,28.5,1,25.0,0.0
804,4,12.5,-2.141,12.42,-5.0,0.95,28.5,1,25.0,0.0
805,5,50.0,-13.326,51.1,-22.0,0.95,117.22,1,100.0,0.0
825,1,25.0,-5.19,26.37,-14.0,0.95,60.5,1,33.75,0.0
826,2,25.0,-5.195,26.37,-14.0,0.95,60.5,1,33.75,0.0
827,3,25.0,-5.237,26.37,-14.0,0.95,60.5,1,33.75,0.0
828,4,25.0,-5.296,26.37,-14.0,0.95,60.5,1,33.75,0.0
831,1,50.0,-12.03,45.0,-34.0,0.95,105.0,1,94.5,0.0
832,2,0.0,-34.0,45.0,-34.0,0.95,105.0,0,94.5,0.0
833,3,50.0,-12.005,45.0,-34.0,0.95,105.0,1,94.5,0.0
834,4,0.0,-10.347,45.0,-34.0,0.95,105.0,0,94.5,0.0
841,1,0.0,-7.0,6.0,-7.0,0.95,86.67,0,66.7,0.0
842,2,45.0,-7.0,37.77,-7.0,0.95,86.67,1,66.7,0.0
843,3,45.0,-7.0,37.77,-7.0,0.95,86.67,1,66.7,0.0
851,1,10.0,7.208,8.324,0.0,0.99,23.3,1,21.75,0.0
852,1,10.0,7.136,8.324,0.0,0.99,23.3,1,21.75,0.0
861,1,12.5,-2.5,10.5,-2.5,0.95,24.44,1,21.0,0.0
862,1,12.5,-2.5,10.5,-2.5,0.95,24.44,1,21.0,0.0
863,1,12.5,-2.5,10.5,-2.5,0.95,24.44,1,21.0,0.0
864,1,12.5,-2.5,10.5,-2.5,0.95,24.44,1,21.0,0.0
865,1,0.0,0.998,10.5,-2.5,0.95,24.44,0,21.0,0.0
871,1,2.49,1.752,5.013,-1.479,0.99,11.5,1,10.35,0.0
871,2,2.49,1.752,5.0,-1.477,0.99,11.5,1,10.35,0.0
873,3,0.0,-1.2,7.4,-1.502,0.99,17.0,0,15.3,0.0
874,4,5.02,5.798,10.093,-3.07,0.99,23.16,1,20.84,0.0
876,1,0.0,1.572,9.103,-2.89,0.99,20.88,0,18.975,0.0
877,2,0.0,1.349,1.349,-0.392,0.99,3.09,0,2.785,0.0
881,1,23.0,-1.0,19.35,-1.0,0.95,44.4,1,40.0,0.0
882,2,0.0,-3.1,19.35,-3.1,0.95,44.4,0,40.0,0.0
891,1,41.0,-2.452,32.32,-10.0,0.96,74.15,1,66.75,0.0
892,1,41.0,-2.519,32.32,-10.0,0.96,74.15,1,66.75,0.0
1001,1,0.0,-15.852,460.0,-100.0,1.0,1057.5,0,939.0,0.0
1002,2,0.0,70.81,460.0,-100.0,1.0,1057.5,0,939.0,0.0
1007,1,0.0,0.0,30.0,0.0,1.0,69.6,0,79.0,5.0
1008,1,0.0,0.0,30.0,0.0,1.0,69.6,0,79.0,5.0
1031,1,3.6,1.749,6.47,-1.9,0.97,12.29,1,7.99,0.0
1032,2,3.6,1.751,6.47,-1.9,0.97,12.29,1,7.99,0.0
1033,3,3.6,1.749,6.47,-1.9,0.97,12.29,1,7.99,0.0
1034,4,3.6,1.743,6.47,-1.9,0.97,12.29,1,7.99,0.0
1035,5,4.45,1.779,6.83,-2.5,0.97,12.98,1,9.87,0.0
1036,6,4.45,1.779,6.83,-2.5,0.97,12.98,1,9.87,0.0
1037,7,4.45,1.783,6.83,-2.5,0.97,12.98,1,9.87,0.0
1038,8,4.45,1.791,6.83,-2.5,0.97,12.98,1,9.87,0.0
1039,9,4.45,1.779,6.83,-2.5,0.97,12.98,1,9.87,0.0
1040,10,4.45,1.771,6.83,-2.5,0.97,12.98,1,9.87,0.0
1041,11,4.45,1.767,6.83,-2.5,0.97,12.98,1,9.87,0.0
1042,12,4.45,1.779,6.83,-2.5,0.97,12.98,1,9.87,0.0
1060,1,366.67,-17.183,282.88,-167.678,0.99,537.0,1,456.5,0.0
1061,2,366.67,-17.293,282.88,-167.678,0.99,537.0,1,456.5,0.0
1062,S,366.67,-17.612,282.88,-167.678,0.99,537.0,1,456.5,0.0
1063,1,366.67,-17.612,282.802,-150.044,0.99,537.0,1,456.5,0.0
1064,2,366.67,-17.612,282.88,-167.678,0.99,537.0,1,456.5,0.0
1065,S,366.67,6.761,282.88,-167.678,1.0,537.0,1,456.5,0.0
1066,1,0.0,54.575,282.8,-170.0,1.0,537.0,0,456.5,0.0
1067,2,0.0,54.575,282.88,-170.0,1.0,537.0,0,456.5,-9999.0
1077,1,50.95,29.023,45.0,-28.8,0.99,106.0,1,92.8,64.96
1078,2,50.95,10.793,45.0,-28.8,0.99,106.0,1,92.8,64.96
1078,3,50.95,10.793,45.0,-28.8,0.99,106.0,1,92.8,64.96
1079,S,87.14,44.793,71.0,-54.0,0.99,224.5,1,158.7,111.09
1081,1,0.0,56.288,290.0,-30.0,0.99,590.0,0,472.9,380.0
1082,2,0.0,56.249,290.0,-30.0,0.99,590.0,0,472.9,380.0
1083,3,0.0,21.521,320.0,-20.0,0.99,666.75,0,537.1,300.0
1084,4,0.0,21.521,320.0,-20.0,0.99,666.75,0,537.1,300.0
1087,1,50.95,28.93,45.0,-28.8,0.99,106.0,1,92.8,64.96
1088,2,50.95,10.204,45.0,-28.8,0.99,106.0,1,92.8,64.96
1088,3,50.95,10.204,45.0,-28.8,0.99,106.0,1,92.8,64.96
1089,S,87.14,44.549,71.0,-54.0,0.99,224.5,1,158.7,111.09
1091,1,50.95,31.083,45.0,-28.8,0.99,106.0,1,92.8,64.96
1092,2,50.95,11.236,45.0,-28.8,0.99,106.0,1,92.8,64.96
1092,3,50.95,11.236,45.0,-28.8,0.99,106.0,1,92.8,64.96
1093,S,87.14,44.523,71.0,-54.0,0.99,224.5,1,158.7,111.09
1094,1,50.95,27.982,45.0,-28.8,0.99,106.0,1,92.8,64.96
1095,2,50.95,10.149,45.0,-28.8,0.99,106.0,1,92.8,64.96
1095,3,50.95,10.149,45.0,-28.8,0.99,106.0,1,92.8,64.96
1096,S,87.14,45.003,71.0,-54.0,0.99,224.5,1,158.7,111.09
1097,1,50.95,28.7,45.0,-28.8,0.99,106.0,1,92.8,64.96
1098,2,50.95,9.978,45.0,-28.8,0.99,106.0,1,92.8,64.96
1098,3,50.95,9.978,45.0,-28.8,0.99,106.0,1,92.8,64.96
1099,S,87.14,45.003,71.0,-54.0,0.99,224.5,1,158.7,111.09
1101,1,750.491,-58.793,553.1,-255.82,0.95,1050.0,1,752.0,600.0
1102,2,752.0,-57.695,553.1,-255.82,0.95,1050.0,1,752.0,600.0
1105,5,0.0,65.925,290.0,-30.0,0.95,590.0,0,483.0,200.0
1106,6,280.0,-30.0,320.0,-30.0,0.95,679.24,1,536.0,230.0
1201,1,53.85,2.728,65.0,-37.0,0.97,125.0,1,94.2,65.94
1202,2,53.85,2.763,65.0,-37.0,0.97,125.0,1,94.2,65.94
1203,S,62.31,3.377,71.0,-38.0,0.97,135.0,1,109.0,76.3
1204,1,53.85,2.765,65.0,-37.0,0.97,125.0,1,94.2,65.94
1205,2,53.85,2.764,65.0,-37.0,0.97,125.0,1,94.2,65.94
1206,S,62.31,3.377,71.0,-38.0,0.97,135.0,1,109.0,76.3
1211,1,53.86,9.246,65.0,-37.0,0.97,125.0,1,86.5,60.55
1212,2,53.86,9.443,65.0,-37.0,0.97,125.0,1,86.5,60.55
1213,S,62.27,12.559,71.0,-38.0,0.97,135.0,1,100.0,70.0
1214,1,248.0,45.452,156.4,-21.0,0.97,297.0,1,248.0,173.6
1401,G,0.0,-3.014,47.0,-19.0,0.95,108.0,0,97.2,0.0
1752,1,0.0,0.0,0.0,0.0,1.0,100.0,0,0.0,0.0
2162,1,0.0,0.0,0.0,0.0,1.0,100.0,0,0.0,0.0
2202,1,0.0,0.0,0.0,0.0,1.0,100.0,0,0.0,0.0
2322,1,0.0,0.0,0.0,0.0,1.0,100.0,0,0.0,0.0
2332,1,0.0,0.0,0.0,0.0,1.0,100.0,0,0.0,0.0
2402,1,0.0,0.0,0.0,0.0,1.0,100.0,0,0.0,0.0
2672,1,0.0,0.0,0.0,0.0,1.0,100.0,0,0.0,0.0
2802,1,0.0,0.0,0.0,0.0,1.0,100.0,0,0.0,0.0
2812,1,0.0,0.0,0.0,0.0,1.0,100.0,0,0.0,0.0
2862,1,0.0,0.0,0.0,0.0,1.0,100.0,0,0.0,0.0
2902,1,0.0,0.0,0.0,0.0,1.0,100.0,0,0.0,0.0
2932,1,0.0,0.0,0.0,0.0,1.0,100.0,0,0.0,0.0
2952,1,0.0,0.0,0.0,0.0,1.0,100.0,0,0.0,0.0
3002,1,0.0,0.0,0.0,0.0,1.0,100.0,0,0.0,0.0
3102,1,0.0,0.0,0.0,0.0,1.0,100.0,0,0.0,0.0
3122,1,0.0,0.0,0.0,0.0,1.0,100.0,0,0.0,0.0
3132,1,0.0,0.0,0.0,0.0,1.0,100.0,0,0.0,0.0
3142,1,0.0,0.0,0.0,0.0,1.0,100.0,0,0.0,0.0
3162,1,0.0,0.0,0.0,0.0,1.0,100.0,0,0.0,0.0
3182,1,0.0,0.0,0.0,0.0,1.0,100.0,0,0.0,0.0
3222,1,0.0,0.0,0.0,0.0,1.0,100.0,0,0.0,0.0
3232,1,0.0,0.0,0.0,0.0,1.0,100.0,0,0.0,0.0
3242,1,0.0,0.0,0.0,0.0,1.0,100.0,0,0.0,0.0
3282,1,0.0,0.0,0.0,0.0,1.0,100.0,0,0.0,0.0
3292,1,0.0,0.0,0.0,0.0,1.0,100.0,0,0.0,0.0
3302,1,0.0,0.0,0.0,0.0,1.0,100.0,0,0.0,0.0
3322,1,0.0,0.0,0.0,0.0,1.0,100.0,0,0.0,0.0
3342,1,0.0,0.0,0.0,0.0,1.0,100.0,0,0.0,0.0
3352,1,0.0,0.0,0.0,0.0,1.0,100.0,0,0.0,0.0
3362,1,0.0,0.0,0.0,0.0,1.0,100.0,0,0.0,0.0
3364,1,0.0,0.0,0.0,0.0,1.0,100.0,0,0.0,0.0
3372,1,0.0,0.0,0.0,0.0,1.0,100.0,0,0.0,0.0
3374,1,0.0,0.0,0.0,0.0,1.0,100.0,0,0.0,0.0
3392,1,0.0,0.0,0.0,0.0,1.0,100.0,0,0.0,0.0
3394,1,0.0,0.0,0.0,0.0,1.0,100.0,0,0.0,0.0
3412,1,0.0,0.0,0.0,0.0,1.0,100.0,0,0.0,0.0
3422,1,0.0,0.0,0.0,0.0,1.0,100.0,0,0.0,0.0
3442,1,0.0,0.0,0.0,0.0,1.0,100.0,0,0.0,0.0
3452,1,0.0,0.0,0.0,0.0,1.0,100.0,0,0.0,0.0
3462,1,0.0,0.0,0.0,0.0,1.0,100.0,0,0.0,0.0
3472,1,0.0,0.0,0.0,0.0,1.0,100.0,0,0.0,0.0
3482,1,0.0,0.0,0.0,0.0,1.0,100.0,0,0.0,0.0
3522,1,0.0,0.0,0.0,0.0,1.0,100.0,0,0.0,0.0
3532,1,0.0,0.0,0.0,0.0,1.0,100.0,0,0.0,0.0
3552,1,0.0,0.0,0.0,0.0,1.0,100.0,0,0.0,0.0
3662,1,0.0,0.0,0.0,0.0,1.0,100.0,0,0.0,0.0
3672,1,0.0,0.0,0.0,0.0,1.0,100.0,0,0.0,0.0
3682,1,0.0,0.0,0.0,0.0,1.0,100.0,0,0.0,0.0
3702,1,0.0,0.0,0.0,0.0,1.0,100.0,0,0.0,0.0
3722,1,0.0,0.0,0.0,0.0,1.0,100.0,0,0.0,0.0
3732,1,0.0,0.0,0.0,0.0,1.0,100.0,0,0.0,0.0
3762,1,0.0,0.0,0.0,0.0,1.0,100.0,0,0.0,0.0
3792,1,0.0,0.0,0.0,0.0,1.0,100.0,0,0.0,0.0
3812,1,0.0,0.0,0.0,0.0,1.0,100.0,0,0.0,0.0
3882,1,0.0,0.0,0.0,0.0,1.0,100.0,0,0.0,0.0
3892,1,0.0,0.0,0.0,0.0,1.0,100.0,0,0.0,0.0
3922,1,0.0,0.0,0.0,0.0,1.0,100.0,0,0.0,0.0
3932,1,0.0,0.0,0.0,0.0,1.0,100.0,0,0.0,0.0
3942,1,0.0,0.0,0.0,0.0,1.0,100.0,0,0.0,0.0
3952,1,0.0,0.0,0.0,0.0,1.0,100.0,0,0.0,0.0
3972,1,0.0,0.0,0.0,0.0,1.0,100.0,0,0.0,0.0
8615,1,0.0,0.0,0.0,0.0,1.0,100.0,0,100.0,0.0
9101,1,140.0,28.35,96.4,-50.8,0.97,183.0,1,140.0,112.0
9102,2,140.0,27.655,96.4,-50.8,0.97,183.0,1,140.0,112.0
9103,S,161.0,29.016,113.3,-58.4,0.97,215.0,1,161.0,128.8
9104,1,0.0,26.738,96.4,-50.8,0.97,183.0,0,140.0,112.0
9105,2,0.0,26.032,96.4,-50.8,0.97,183.0,0,140.0,112.0
9106,S,0.0,27.463,113.3,-58.4,0.97,215.0,0,161.0,128.8
9111,1,170.34,22.561,104.83,-62.14,1.0,198.9,1,169.1,120.0
9112,2,151.1,49.601,123.3,-48.243,1.0,234.0,1,150.0,120.0
9113,3,151.1,49.635,123.3,-48.243,1.0,234.0,1,150.0,120.0
9114,S,157.45,63.909,173.8,-50.271,1.0,330.0,1,156.3,125.04
9121,1,598.0,-18.736,216.7,-200.0,1.0,770.6,1,597.6,500.0
9122,1,598.0,-18.114,216.7,-200.0,1.0,770.6,1,597.6,500.0
9161,1,153.35,10.626,96.9,-49.47,1.0,184.0,1,155.0,124.0
9162,1,153.35,10.532,96.9,-49.47,1.0,184.0,1,155.0,124.0
9163,1,158.3,2.463,100.1,-51.06,1.0,190.0,1,160.0,128.0
9231,1,154.0,66.907,110.0,-52.932,1.0,208.0,1,154.0,123.2
9232,2,154.0,66.907,110.0,-52.932,1.0,208.0,1,154.0,123.2
9233,S,172.0,74.957,130.0,-59.136,1.0,230.0,1,172.0,137.6
9241,1,156.82,65.868,99.11,-52.932,1.0,188.15,1,156.5,125.2
9242,2,156.82,65.594,99.11,-52.932,1.0,188.15,1,156.5,125.2
9243,S,183.37,64.611,115.89,-59.136,1.0,220.0,1,183.0,146.4
9301,1,0.0,-113.0,370.0,-113.0,0.95,706.0,0,552.0,450.0
9302,2,0.0,-16.043,370.0,-113.0,0.95,706.0,0,552.0,450.0
9303,3,0.0,86.331,370.0,-113.0,0.95,706.0,0,552.0,500.0
9321,1,150.22,38.107,100.0,-50.292,0.98,196.4,1,150.0,120.0
9322,1,150.22,36.339,100.0,-50.292,0.98,196.4,1,150.0,120.0
9323,1,150.22,36.194,100.0,-50.292,0.98,196.4,1,150.0,120.0
9324,1,236.34,48.488,150.0,-79.125,0.98,300.0,1,236.0,188.8
9331,1,330.32,73.376,230.73,-136.77,0.98,438.0,1,372.3,260.61
9332,1,169.68,36.441,118.53,-70.26,0.98,225.0,1,191.25,133.875
9341,1,156.2,44.12,99.1,-52.932,0.99,188.15,1,156.2,124.96
9342,1,156.2,43.797,99.1,-52.932,0.99,188.15,1,156.2,124.96
9343,1,182.6,41.912,115.9,-59.136,0.99,220.0,1,182.6,146.08
9344,1,156.2,43.495,99.1,-52.932,0.99,188.15,1,156.2,124.96
9345,1,156.2,43.495,99.1,-52.932,0.99,188.15,1,156.2,124.96
9346,1,182.6,41.839,115.9,-59.136,0.99,220.0,1,182.6,146.08
9351,1,368.46,-23.044,228.94,-160.0,0.95,434.6,1,369.4,295.52
9352,1,368.46,-22.155,228.94,-160.0,0.95,434.6,1,369.4,295.52
9353,S,363.08,-23.597,225.57,-160.0,0.95,428.2,1,364.0,291.2
9502,1,49.52,24.775,112.5,0.0,1.0,187.5,1,150.0,0.0
9503,1,0.0,0.0,18.939,0.0,1.0,31.57,0,25.253,0.0
9504,1,49.6,39.602,112.687,0.0,1.0,187.81,1,150.25,0.0
9506,1,10.68,0.0,0.0,0.0,1.0,100.0,1,16.2,0.0
9611,1,0.0,0.0,0.0,0.0,1.0,100.0,0,100.0,0.0
9614,1,62.94,2.931,100.0,0.0,1.0,148.26,1,100.0,0.0
9614,2,62.94,2.931,100.0,0.0,1.0,148.26,1,100.0,0.0
9616,1,10.03,0.0,42.5,0.0,1.0,70.8,1,56.7,0.0
9617,1,0.0,0.0,42.9,0.0,1.0,71.5,0,57.25,0.0
9722,1,14.05,0.0,0.0,0.0,1.0,100.0,1,80.0,0.0
9723,1,0.0,0.0,0.0,0.0,1.0,100.0,0,80.0,0.0
9724,1,0.0,0.0,0.0,0.0,1.0,17.5,0,14.0,0.0
9725,1,0.0,0.0,0.0,0.0,1.0,17.5,0,14.0,0.0
9726,1,0.0,0.0,0.0,0.0,1.0,32.163,0,25.73,0.0
9727,1,0.0,0.0,0.0,0.0,1.0,32.163,0,25.73,0.0
9729,1,0.0,0.0,0.0,0.0,1.0,100.0,0,80.0,0.0
9731,1,0.0,0.0,0.0,0.0,1.0,100.0,0,80.0,0.0
9741,1,0.0,0.0,35.0,0.0,1.0,71.35,0,57.0,0.0
9742,1,0.0,0.0,60.0,0.0,1.0,126.33,0,101.6,0.0
9743,1,0.0,0.0,90.0,0.0,1.0,150.0,0,120.0,0.0
9763,1,440.56,56.339,370.0,0.0,0.99,706.0,1,600.0,0.0
9764,2,440.56,56.469,370.0,0.0,0.99,706.0,1,600.0,0.0
9765,3,0.0,0.0,370.0,0.0,0.99,706.0,0,600.0,0.0
9774,4,0.0,0.0,39.24,0.0,1.0,65.4,0,52.25,0.0
9775,5,0.0,0.0,39.24,0.0,1.0,65.4,0,52.25,0.0
9776,1,0.0,0.0,63.78,0.0,1.0,106.3,0,85.0,0.0
9777,2,0.0,0.0,63.78,0.0,1.0,106.3,0,85.0,0.0
9778,3,0.0,0.0,63.78,0.0,1.0,106.3,0,85.0,0.0
9783,1,0.0,0.0,75.3,0.0,1.0,125.5,0,96.4,0.0
9784,2,0.0,0.0,25.23,0.0,1.0,42.05,0,33.64,0.0
9785,3,0.0,0.0,52.23,0.0,1.0,87.05,0,69.64,0.0
9786,4,0.0,0.0,25.23,0.0,1.0,42.05,0,33.64,0.0
9787,5,0.0,0.0,52.23,0.0,1.0,87.05,0,69.64,0.0
9789,1,0.0,0.0,91.89,0.0,1.0,174.43,0,148.27,0.0
9790,2,0.0,0.0,91.88,0.0,1.0,174.43,0,148.27,0.0
9802,1,40.61,0.0,0.0,0.0,1.0,100.0,1,100.0,0.0
9803,1,40.61,0.0,0.0,0.0,1.0,100.0,1,100.0,0.0
9804,1,0.0,0.0,0.0,0.0,1.0,100.0,0,100.0,0.0
9805,1,0.0,0.0,0.0,0.0,1.0,100.0,0,100.0,0.0
9822,1,20.76,0.0,0.0,0.0,1.0,44.118,1,37.5,0.0
9822,2,0.0,0.0,0.0,0.0,1.0,44.118,0,37.5,0.0
9824,1,17.04,0.0,16.86,0.0,1.0,32.0,1,27.2,0.0
9865,1,0.0,0.0,37.425,0.0,1.0,62.38,0,49.9,0.0
9867,1,0.0,0.0,0.0,0.0,1.0,100.0,0,100.0,0.0
9868,1,0.0,0.0,0.0,0.0,1.0,100.0,0,100.0,0.0
9869,1,0.58,0.0,0.0,0.0,1.0,100.0,1,100.0,0.0
9870,1,0.58,0.0,0.0,0.0,1.0,100.0,1,100.0,0.0
9871,1,0.0,0.0,0.0,0.0,1.0,100.0,0,100.0,0.0
9872,1,18.15,0.0,0.0,0.0,1.0,100.0,1,0.0,0.0
9901,1,0.0,0.0,0.0,0.0,1.0,100.0,0,100.0,0.0
9903,1,0.0,0.0,0.0,0.0,1.0,100.0,0,100.0,0.0
9905,1,6.12,0.0,0.0,0.0,1.0,100.0,1,100.0,0.0
9907,1,0.0,0.0,0.0,0.0,1.0,100.0,0,100.0,0.0
9916,1,0.0,0.0,0.0,0.0,1.0,100.0,0,100.0,0.0
9917,1,0.0,0.0,0.0,0.0,1.0,100.0,0,100.0,0.0
9918,1,0.0,0.0,0.0,0.0,1.0,100.0,0,100.0,0.0
9919,1,0.0,0.0,0.0,0.0,1.0,100.0,0,100.0,0.0
9920,1,0.0,0.0,0.0,0.0,1.0,100.0,0,100.0,0.0
9921,1,0.0,0.0,0.0,0.0,1.0,100.0,0,100.0,0.0
9926,1,0.0,0.0,0.0,0.0,1.0,100.0,0,100.0,0.0
9927,1,0.0,0.0,0.0,0.0,1.0,100.0,0,100.0,0.0
9928,1,0.0,0.0,0.0,0.0,1.0,100.0,0,100.0,0.0
9929,1,0.0,0.0,0.0,0.0,1.0,100.0,0,100.0,0.0
9930,1,0.0,0.0,0.0,0.0,1.0,100.0,0,100.0,0.0
9931,1,0.0,0.0,0.0,0.0,1.0,100.0,0,100.0,0.0
9935,1,0.0,0.0,0.0,0.0,1.0,100.0,0,100.0,0.0
10513,1,0.14,0.0,0.0,0.0,1.0,2.0,1,2.0,0.0
10652,1,0.55,0.0,0.0,0.0,1.0,7.8,1,7.8,0.0
13142,1,0.19,0.0,0.0,0.0,1.0,2.68,1,2.68,0.0
13352,1,2.12,0.0,0.0,0.0,1.0,30.0,1,30.0,0.0
13372,1,5.37,0.0,0.0,0.0,1.0,75.9,1,75.9,0.0
13422,1,2.77,0.0,0.0,0.0,1.0,39.1,1,39.1,0.0
13532,1,0.65,0.0,0.0,0.0,1.0,9.2,1,9.2,0.0
13694,1,0.17,0.0,0.0,0.0,1.0,2.4,1,2.4,0.0
13702,1,3.42,0.0,0.0,0.0,1.0,48.3,1,48.3,0.0
13923,1,0.32,0.0,0.0,0.0,1.0,4.5,1,4.5,0.0
15024,1,0.49,0.0,0.0,0.0,1.0,6.9,1,6.9,0.0
20233,1,1.09,0.0,0.0,0.0,1.0,1.69,1,1.69,0.0
20513,1,14.18,0.0,0.0,0.0,1.0,22.068,1,22.068,0.0
20652,1,44.41,0.0,0.0,0.0,1.0,79.116,1,79.116,0.0
20805,1,0.73,0.0,0.0,0.0,1.0,1.135,1,1.135,0.0
20822,1,0.01,0.0,0.0,0.0,1.0,0.017,1,0.017,0.0
20834,1,0.0,0.0,0.0,0.0,1.0,100.0,0,0.0,0.0
20844,1,0.0,0.0,0.0,0.0,1.0,100.0,0,0.0,0.0
20853,1,8.02,0.0,0.0,0.0,1.0,12.493,1,12.493,0.0
20872,1,0.49,0.0,0.0,0.0,1.0,0.755,1,0.755,0.0
20883,1,0.0,0.0,0.0,0.0,1.0,100.0,0,0.0,0.0
21085,1,9.98,0.0,0.0,0.0,1.0,15.532,1,15.532,0.0
21123,1,9.49,0.0,0.0,0.0,1.0,14.952,1,14.952,0.0
21583,1,0.0,0.0,0.0,0.0,1.0,2.292,0,2.292,0.0
21593,1,0.0,0.0,0.0,0.0,1.0,2.292,0,2.292,0.0
21663,1,0.0,0.0,0.0,0.0,1.0,3.286,0,3.286,0.0
21752,1,12.32,0.0,0.0,0.0,1.0,20.678,1,20.678,0.0
22003,1,10.32,0.0,0.0,0.0,1.0,16.094,1,16.094,0.0
22032,1,12.66,0.0,0.0,0.0,1.0,100.0,1,0.0,0.0
22042,1,12.66,0.0,0.0,0.0,1.0,100.0,1,0.0,0.0
22133,1,7.96,0.0,0.0,0.0,1.0,12.39,1,12.39,0.0
22143,1,7.96,0.0,0.0,0.0,1.0,12.39,1,12.39,0.0
22162,1,41.96,0.0,0.0,0.0,1.0,114.59,1,114.59,0.0
22173,1,2.2,0.0,0.0,0.0,1.0,2.961,1,2.961,0.0
22183,1,2.2,0.0,0.0,0.0,1.0,2.961,1,2.961,0.0
22202,1,27.68,0.0,0.0,0.0,1.0,57.216,1,57.216,0.0
22303,1,27.51,0.0,0.0,0.0,1.0,40.452,1,40.452,0.0
22322,1,123.96,0.0,0.0,0.0,1.0,367.935,1,367.935,0.0
22332,1,0.0,0.0,9999.0,-9999.0,1.0,100.0,0,9999.0,-9999.0
22353,1,19.27,0.0,0.0,0.0,1.0,27.898,1,27.898,0.0
22402,1,99.22,0.0,0.0,0.0,1.0,163.353,1,163.353,0.0
22603,1,15.25,0.0,0.0,0.0,1.0,23.53,1,23.53,0.0
22613,1,15.25,0.0,0.0,0.0,1.0,23.53,1,23.53,0.0
22672,1,63.02,0.0,0.0,0.0,1.0,93.489,1,93.489,0.0
22753,1,5.11,0.0,0.0,0.0,1.0,7.956,1,7.956,0.0
22763,1,5.11,0.0,0.0,0.0,1.0,7.956,1,7.956,0.0
22802,1,11.74,0.0,0.0,0.0,1.0,17.941,1,17.941,0.0
22812,1,11.74,0.0,0.0,0.0,1.0,17.941,1,17.941,0.0
22853,1,0.0,0.0,0.0,0.0,1.0,100.0,0,0.0,0.0
22862,1,21.24,0.0,0.0,0.0,1.0,33.122,1,33.122,0.0
22902,1,33.59,0.0,0.0,0.0,1.0,50.394,1,50.394,0.0
22923,1,0.0,0.0,0.0,0.0,1.0,100.0,0,0.0,0.0
22932,1,131.14,0.0,0.0,0.0,1.0,207.726,1,207.726,0.0
22952,1,127.18,0.0,0.0,0.0,1.0,202.384,1,202.384,0.0
23002,1,9.14,0.0,0.0,0.0,1.0,14.219,1,14.219,0.0
23102,1,46.07,0.0,0.0,0.0,1.0,69.47,1,69.47,0.0
23122,1,1.06,0.0,0.0,0.0,1.0,1.65,1,1.65,0.0
23132,1,6.49,0.0,0.0,0.0,1.0,10.11,1,10.11,0.0
23142,1,21.27,0.0,0.0,0.0,1.0,32.688,1,32.688,0.0
23162,1,12.3,0.0,0.0,0.0,1.0,18.883,1,18.883,0.0
23182,1,3.71,0.0,0.0,0.0,1.0,5.779,1,5.779,0.0
23222,1,13.54,0.0,0.0,0.0,1.0,20.4,1,20.4,0.0
23232,1,0.39,0.0,0.0,0.0,1.0,0.569,1,0.569,0.0
23242,1,7.29,0.0,0.0,0.0,1.0,11.352,1,11.352,0.0
23282,1,13.91,0.0,0.0,0.0,1.0,18.478,1,18.478,0.0
23292,1,13.57,0.0,0.0,0.0,1.0,14.007,1,14.007,0.0
23302,1,6.2,0.0,0.0,0.0,1.0,9.646,1,9.646,0.0
23322,1,36.54,0.0,0.0,0.0,1.0,61.919,1,61.919,0.0
23342,1,26.05,0.0,0.0,0.0,1.0,41.361,1,41.361,0.0
23352,1,26.05,0.0,0.0,0.0,1.0,41.361,1,41.361,0.0
23362,1,23.58,0.0,0.0,0.0,1.0,36.601,1,36.601,0.0
23364,1,23.58,0.0,0.0,0.0,1.0,36.601,1,36.601,0.0
23372,1,38.9,0.0,0.0,0.0,1.0,60.69,1,60.69,0.0
23374,1,38.9,0.0,0.0,0.0,1.0,60.69,1,60.69,0.0
23392,1,12.41,0.0,0.0,0.0,1.0,18.982,1,18.982,0.0
23394,1,12.41,0.0,0.0,0.0,1.0,18.982,1,18.982,0.0
23412,1,73.06,0.0,0.0,0.0,1.0,113.2,1,113.2,0.0
23422,1,40.56,0.0,0.0,0.0,1.0,61.993,1,61.993,0.0
23442,1,0.74,0.0,0.0,0.0,1.0,1.154,1,1.154,0.0
23452,1,50.27,0.0,0.0,0.0,1.0,48.051,1,48.051,0.0
23462,1,31.19,0.0,0.0,0.0,1.0,47.834,1,47.834,0.0
23472,1,10.37,0.0,0.0,0.0,1.0,16.088,1,16.088,0.0
23482,1,56.89,0.0,0.0,0.0,1.0,87.243,1,87.243,0.0
23522,1,22.14,0.0,0.0,0.0,1.0,25.994,1,25.994,0.0
23532,1,64.55,0.0,0.0,0.0,1.0,79.352,1,79.352,0.0
23552,1,98.27,0.0,0.0,0.0,1.0,145.519,1,145.519,0.0
23662,1,428.08,0.0,0.0,0.0,1.0,651.194,1,651.194,0.0
23672,1,201.9,0.0,0.0,0.0,1.0,314.746,1,314.746,0.0
23682,1,807.89,0.0,0.0,0.0,1.0,1251.946,1,1251.946,0.0
23694,1,41.29,0.0,0.0,0.0,1.0,63.219,1,63.219,0.0
23702,1,596.85,0.0,0.0,0.0,1.0,906.471,1,906.472,0.0
23722,1,95.95,0.0,0.0,0.0,1.0,149.068,1,149.068,0.0
23732,1,31.44,0.0,0.0,0.0,1.0,48.879,1,48.879,0.0
23762,1,54.31,0.0,0.0,0.0,1.0,82.928,1,82.928,0.0
23792,1,153.24,0.0,0.0,0.0,1.0,238.039,1,238.039,0.0
23812,1,19.17,0.0,0.0,0.0,1.0,28.749,1,28.749,0.0
23882,1,16.67,0.0,0.0,0.0,1.0,25.907,1,25.907,0.0
23892,1,51.35,0.0,0.0,0.0,1.0,79.664,1,79.664,0.0
23922,1,52.39,0.0,0.0,0.0,1.0,81.562,1,81.562,0.0
23932,1,167.99,0.0,0.0,0.0,1.0,254.995,1,254.995,0.0
23942,1,11.53,0.0,0.0,0.0,1.0,17.947,1,17.947,0.0
23952,1,60.86,0.0,0.0,0.0,1.0,95.377,1,95.377,0.0
23972,1,30.99,0.0,0.0,0.0,1.0,41.383,1,41.383,0.0
24002,1,2.12,0.0,0.0,0.0,1.0,2.91,1,2.91,0.0
24012,1,53.28,0.0,0.0,0.0,1.0,81.798,1,81.798,0.0
24016,1,0.0,0.0,0.0,0.0,1.0,100.0,0,0.0,0.0
24026,1,8.55,0.0,0.0,0.0,1.0,12.907,1,12.907,0.0
24028,1,4.6,0.0,0.0,0.0,1.0,7.163,1,7.163,0.0
24030,1,8.32,0.0,0.0,0.0,1.0,12.959,1,12.959,0.0
24048,1,15.75,0.0,0.0,0.0,1.0,24.19,1,24.19,0.0
24108,1,1.22,0.0,0.0,0.0,1.0,1.237,1,1.237,0.0
24110,1,3.05,0.0,0.0,0.0,1.0,4.754,1,4.754,0.0
24112,1,1.23,0.0,0.0,0.0,1.0,1.908,1,1.908,0.0
24114,1,1.23,0.0,0.0,0.0,1.0,1.918,1,1.918,0.0
24116,1,1.63,0.0,0.0,0.0,1.0,2.533,1,2.533,0.0
24118,1,0.15,0.0,0.0,0.0,1.0,0.216,1,0.216,0.0
24128,1,0.29,0.0,0.0,0.0,1.0,0.456,1,0.456,0.0
24140,1,1.51,0.0,0.0,0.0,1.0,2.358,1,2.358,0.0
24144,1,2.35,0.0,0.0,0.0,1.0,4.317,1,4.317,0.0
24148,1,0.94,0.0,0.0,0.0,1.0,1.47,1,1.47,0.0
24162,1,1.87,0.0,0.0,0.0,1.0,2.878,1,2.878,0.0
24204,1,0.92,0.0,0.0,0.0,1.0,1.439,1,1.439,0.0
24208,1,1.11,0.0,0.0,0.0,1.0,1.724,1,1.724,0.0
24214,1,1.66,0.0,0.0,0.0,1.0,2.577,1,2.577,0.0
24256,1,3.61,0.0,0.0,0.0,1.0,5.625,1,5.625,0.0
24258,1,0.97,0.0,0.0,0.0,1.0,1.515,1,1.515,0.0
24260,1,1.13,0.0,0.0,0.0,1.0,1.766,1,1.766,0.0
24264,1,0.9,0.0,0.0,0.0,1.0,1.398,1,1.398,0.0
24266,1,0.01,0.0,0.0,0.0,1.0,0.014,1,0.014,0.0
24270,1,0.4,0.0,0.0,0.0,1.0,0.62,1,0.62,0.0
24276,1,1.29,0.0,0.0,0.0,1.0,2.013,1,2.013,0.0
24302,1,0.8,0.0,0.0,0.0,1.0,1.248,1,1.248,0.0
24306,1,0.81,0.0,0.0,0.0,1.0,1.258,1,1.258,0.0
24308,1,0.22,0.0,0.0,0.0,1.0,0.611,1,0.611,0.0
24310,1,0.64,0.0,0.0,0.0,1.0,0.994,1,0.994,0.0
24314,1,1.58,0.0,0.0,0.0,1.0,2.451,1,2.451,0.0
24352,1,1.88,0.0,0.0,0.0,1.0,2.888,1,2.888,0.0
24354,1,1.4,0.0,0.0,0.0,1.0,2.191,1,2.191,0.0
24358,1,1.5,0.0,0.0,0.0,1.0,2.343,1,2.343,0.0
24360,1,0.94,0.0,0.0,0.0,1.0,1.463,1,1.463,0.0
24362,1,0.11,0.0,0.0,0.0,1.0,0.923,1,0.923,0.0
24402,1,0.65,0.0,0.0,0.0,1.0,1.145,1,1.145,0.0
24404,1,0.91,0.0,0.0,0.0,1.0,1.416,1,1.416,0.0
24410,1,0.21,0.0,0.0,0.0,1.0,0.334,1,0.334,0.0
24412,1,1.72,0.0,0.0,0.0,1.0,2.682,1,2.682,0.0
24426,1,0.65,0.0,0.0,0.0,1.0,0.753,1,0.753,0.0
24438,1,0.93,0.0,0.0,0.0,1.0,1.441,1,1.441,0.0
24506,1,1.29,0.0,0.0,0.0,1.0,2.003,1,2.003,0.0
24508,1,1.57,0.0,0.0,0.0,1.0,2.451,1,2.451,0.0
24514,1,1.9,0.0,0.0,0.0,1.0,2.952,1,2.952,0.0
24528,1,1.07,0.0,0.0,0.0,1.0,1.666,1,1.666,0.0
24552,1,3.86,0.0,0.0,0.0,1.0,5.927,1,5.927,0.0
24554,1,3.86,0.0,0.0,0.0,1.0,5.927,1,5.927,0.0
24558,1,2.91,0.0,0.0,0.0,1.0,4.535,1,4.535,0.0
24560,1,0.4,0.0,0.0,0.0,1.0,0.62,1,0.62,0.0
24564,1,1.97,0.0,0.0,0.0,1.0,3.064,1,3.064,0.0
24568,1,1.81,0.0,0.0,0.0,1.0,2.823,1,2.823,0.0
24574,1,0.96,0.0,0.0,0.0,1.0,1.502,1,1.502,0.0
24576,1,2.18,0.0,0.0,0.0,1.0,3.395,1,3.395,0.0
24584,1,2.39,0.0,0.0,0.0,1.0,3.46,1,3.46,0.0
24602,1,3.28,0.0,0.0,0.0,1.0,5.106,1,5.106,0.0
24604,1,6.7,0.0,0.0,0.0,1.0,10.194,1,10.194,0.0
24608,1,3.36,0.0,0.0,0.0,1.0,5.51,1,5.51,0.0
24612,1,13.25,0.0,0.0,0.0,1.0,19.081,1,19.081,0.0
24614,1,1.3,0.0,0.0,0.0,1.0,2.028,1,2.028,0.0
24618,1,1.19,0.0,0.0,0.0,1.0,1.852,1,1.852,0.0
24626,1,1.41,0.0,0.0,0.0,1.0,2.133,1,2.133,0.0
24628,1,1.15,0.0,0.0,0.0,1.0,1.796,1,1.796,0.0
24630,1,2.46,0.0,0.0,0.0,1.0,3.625,1,3.625,0.0
24636,1,13.24,0.0,0.0,0.0,1.0,20.606,1,20.606,0.0
24638,1,1.43,0.0,0.0,0.0,1.0,2.234,1,2.234,0.0
24640,1,14.25,0.0,0.0,0.0,1.0,22.143,1,22.143,0.0
24650,1,3.36,0.0,0.0,0.0,1.0,5.235,1,5.235,0.0
24652,1,3.09,0.0,0.0,0.0,1.0,4.739,1,4.739,0.0
24702,1,8.32,0.0,0.0,0.0,1.0,12.922,1,12.922,0.0
24704,1,8.6,0.0,0.0,0.0,1.0,13.384,1,13.384,0.0
24706,1,4.4,0.0,0.0,0.0,1.0,6.825,1,6.825,0.0
24710,1,16.51,0.0,0.0,0.0,1.0,25.698,1,25.698,0.0
24712,1,7.71,0.0,0.0,0.0,1.0,11.554,1,11.554,0.0
24714,1,1.62,0.0,0.0,0.0,1.0,2.518,1,2.518,0.0
24716,1,7.05,0.0,0.0,0.0,1.0,11.566,1,11.566,0.0
24752,1,29.45,0.0,0.0,0.0,1.0,45.285,1,45.285,0.0
24754,1,18.2,0.0,0.0,0.0,1.0,28.331,1,28.331,0.0
24756,1,22.52,0.0,0.0,0.0,1.0,30.014,1,30.014,0.0
24758,1,18.54,0.0,0.0,0.0,1.0,28.705,1,28.705,0.0
24760,1,24.97,0.0,0.0,0.0,1.0,35.4,1,35.4,0.0
24764,1,21.05,0.0,0.0,0.0,1.0,37.778,1,37.778,0.0
24802,1,18.0,0.0,0.0,0.0,1.0,27.371,1,27.371,0.0
24806,1,11.87,0.0,0.0,0.0,1.0,18.149,1,18.149,0.0
24812,1,7.06,0.0,0.0,0.0,1.0,10.968,1,10.968,0.0
24814,1,8.93,0.0,0.0,0.0,1.0,13.819,1,13.819,0.0
24816,1,9.59,0.0,0.0,0.0,1.0,14.936,1,14.936,0.0
24818,1,17.94,0.0,0.0,0.0,1.0,27.872,1,27.872,0.0
24820,1,13.94,0.0,0.0,0.0,1.0,21.374,1,21.374,0.0
24822,1,6.4,0.0,0.0,0.0,1.0,9.967,1,9.967,0.0
24824,1,0.89,0.0,0.0,0.0,1.0,1.633,1,1.633,0.0
24840,1,25.32,0.0,0.0,0.0,1.0,39.09,1,39.09,0.0
24902,1,5.74,0.0,0.0,0.0,1.0,8.816,1,8.816,0.0
24904,1,5.07,0.0,0.0,0.0,1.0,7.886,1,7.886,0.0
24908,1,5.75,0.0,0.0,0.0,1.0,8.342,1,8.342,0.0
24910,1,4.79,0.0,0.0,0.0,1.0,7.462,1,7.462,0.0
24922,1,3.82,0.0,0.0,0.0,1.0,5.464,1,5.464,0.0
24990,1,1.7,0.0,0.0,0.0,1.0,2.638,1,2.638,0.0
24992,1,0.96,0.0,0.0,0.0,1.0,1.491,1,1.491,0.0
24994,1,2.2,0.0,0.0,0.0,1.0,3.43,1,3.43,0.0
24996,1,4.42,0.0,0.0,0.0,1.0,6.869,1,6.869,0.0
24998,1,0.0,0.0,0.0,0.0,1.0,100.0,0,0.0,0.0
25000,1,1.75,0.0,0.0,0.0,1.0,2.721,1,2.721,0.0
25004,1,1.05,0.0,0.0,0.0,1.0,1.637,1,1.637,0.0
25006,1,2.99,0.0,0.0,0.0,1.0,4.657,1,4.657,0.0
25014,1,4.51,0.0,0.0,0.0,1.0,7.019,1,7.019,0.0
25018,1,1.8,0.0,0.0,0.0,1.0,2.809,1,2.809,0.0
25022,1,2.57,0.0,0.0,0.0,1.0,4.184,1,4.184,0.0
25024,1,4.66,0.0,0.0,0.0,1.0,7.249,1,7.249,0.0
25026,1,6.88,0.0,0.0,0.0,1.0,10.717,1,10.717,0.0
25028,1,16.5,0.0,0.0,0.0,1.0,13.736,1,13.736,0.0
25056,1,2.53,0.0,0.0,0.0,1.0,3.92,1,3.92,0.0
25080,1,5.56,0.0,0.0,0.0,1.0,8.66,1,8.66,0.0
25092,1,0.93,0.0,0.0,0.0,1.0,1.451,1,1.451,0.0
25098,1,2.0,0.0,0.0,0.0,1.0,3.116,1,3.116,0.0
25108,1,3.03,0.0,0.0,0.0,1.0,4.72,1,4.72,0.0
25502,1,6.59,0.0,0.0,0.0,1.0,10.253,1,10.253,0.0
25504,1,7.33,0.0,0.0,0.0,1.0,11.344,1,11.344,0.0
25506,1,7.27,0.0,0.0,0.0,1.0,11.136,1,11.136,0.0
25522,1,11.56,0.0,0.0,0.0,1.0,17.554,1,17.554,0.0
25524,1,7.84,0.0,0.0,0.0,1.0,11.962,1,11.962,0.0
25526,1,2.73,0.0,0.0,0.0,1.0,3.978,1,3.978,0.0
25530,1,11.46,0.0,0.0,0.0,1.0,16.762,1,16.762,0.0
25538,1,4.76,0.0,0.0,0.0,1.0,7.405,1,7.405,0.0
25542,1,10.0,0.0,0.0,0.0,1.0,14.259,1,14.259,0.0
25546,1,4.74,0.0,0.0,0.0,1.0,7.01,1,7.01,0.0
25602,1,6.89,0.0,0.0,0.0,1.0,9.772,1,9.772,0.0
25604,1,4.84,0.0,0.0,0.0,1.0,7.77,1,7.77,0.0
25606,1,2.65,0.0,0.0,0.0,1.0,4.831,1,4.831,0.0
25610,1,6.44,0.0,0.0,0.0,1.0,11.59,1,11.59,0.0
25612,1,13.75,0.0,0.0,0.0,1.0,21.004,1,21.004,0.0
25616,1,2.53,0.0,0.0,0.0,1.0,3.408,1,3.408,0.0
25618,1,0.32,0.0,0.0,0.0,1.0,0.504,1,0.504,0.0
25626,1,4.74,0.0,0.0,0.0,1.0,7.448,1,7.448,0.0
25628,1,6.21,0.0,0.0,0.0,1.0,9.662,1,9.662,0.0
25638,1,12.67,0.0,0.0,0.0,1.0,19.673,1,19.673,0.0
25644,1,2.74,0.0,0.0,0.0,1.0,4.264,1,4.264,0.0
25648,1,6.62,0.0,0.0,0.0,1.0,10.301,1,10.301,0.0
25652,1,4.6,0.0,0.0,0.0,1.0,7.96,1,7.96,0.0
25654,1,18.34,0.0,0.0,0.0,1.0,26.731,1,26.731,0.0
25656,1,9.51,0.0,0.0,0.0,1.0,13.134,1,13.134,0.0
25658,1,5.25,0.0,0.0,0.0,1.0,9.009,1,9.009,0.0
25660,1,2.77,0.0,0.0,0.0,1.0,4.277,1,4.277,0.0
25664,1,3.15,0.0,0.0,0.0,1.0,4.899,1,4.899,0.0
25666,1,2.21,0.0,0.0,0.0,1.0,5.678,1,5.678,0.0
25668,1,4.42,0.0,0.0,0.0,1.0,6.839,1,6.839,0.0
25670,1,7.67,0.0,0.0,0.0,1.0,11.953,1,11.953,0.0
25672,1,1.25,0.0,0.0,0.0,1.0,1.901,1,1.901,0.0
25682,1,13.81,0.0,0.0,0.0,1.0,24.603,1,24.603,0.0
25684,1,37.61,0.0,0.0,0.0,1.0,57.716,1,57.716,0.0
25686,1,14.64,0.0,0.0,0.0,1.0,25.155,1,25.155,0.0
25694,1,4.66,0.0,0.0,0.0,1.0,7.25,1,7.25,0.0
25778,1,9.83,0.0,0.0,0.0,1.0,15.297,1,15.297,0.0
25788,1,10.31,0.0,0.0,0.0,1.0,14.649,1,14.649,0.0
25790,1,18.34,0.0,0.0,0.0,1.0,28.597,1,28.597,0.0
25802,1,43.48,0.0,0.0,0.0,1.0,70.062,1,70.062,0.0
25810,1,64.59,0.0,0.0,0.0,1.0,75.608,1,75.608,0.0
25812,1,58.74,0.0,0.0,0.0,1.0,116.45,1,116.45,0.0
25818,1,58.27,0.0,0.0,0.0,1.0,90.378,1,90.378,0.0
25820,1,25.42,0.0,0.0,0.0,1.0,38.211,1,38.211,0.0
25842,1,58.28,0.0,0.0,0.0,1.0,90.723,1,90.723,0.0
25852,1,8.61,0.0,0.0,0.0,1.0,11.967,1,11.967,0.0
25854,1,15.19,0.0,0.0,0.0,1.0,23.651,1,23.651,0.0
25856,1,22.65,0.0,0.0,0.0,1.0,35.247,1,35.247,0.0
25864,1,6.23,0.0,0.0,0.0,1.0,9.479,1,9.479,0.0
25902,1,14.43,0.0,0.0,0.0,1.0,21.027,1,21.027,0.0
25904,1,4.8,0.0,0.0,0.0,1.0,7.494,1,7.494,0.0
25906,1,11.2,0.0,0.0,0.0,1.0,17.4,1,17.4,0.0
25910,1,17.7,0.0,0.0,0.0,1.0,27.551,1,27.551,0.0
25914,1,22.24,0.0,0.0,0.0,1.0,34.752,1,34.752,0.0
25916,1,20.5,0.0,0.0,0.0,1.0,30.773,1,30.773,0.0
25942,1,37.13,0.0,0.0,0.0,1.0,57.297,1,57.297,0.0
25944,1,67.65,0.0,0.0,0.0,1.0,118.032,1,118.032,0.0
25948,1,0.0,0.0,0.0,0.0,1.0,100.0,0,0.0,0.0
25956,1,50.12,0.0,0.0,0.0,1.0,77.906,1,77.906,0.0
25958,1,0.0,0.0,0.0,0.0,1.0,100.0,0,0.0,0.0
25976,1,27.64,0.0,0.0,0.0,1.0,41.719,1,41.719,0.0
25978,1,33.58,0.0,0.0,0.0,1.0,52.283,1,52.283,0.0
25980,1,16.56,0.0,0.0,0.0,1.0,25.338,1,25.338,0.0
25984,1,35.74,0.0,0.0,0.0,1.0,54.312,1,54.312,0.0
25996,1,19.49,0.0,0.0,0.0,1.0,28.789,1,28.789,0.0
25998,1,23.81,0.0,0.0,0.0,1.0,37.027,1,37.027,0.0
26004,1,5.62,0.0,0.0,0.0,1.0,8.757,1,8.757,0.0
26010,1,22.26,0.0,0.0,0.0,1.0,34.457,1,34.457,0.0
26012,1,18.61,0.0,0.0,0.0,1.0,28.958,1,28.958,0.0
26018,1,50.22,0.0,0.0,0.0,1.0,84.677,1,84.677,0.0
26024,1,8.41,0.0,0.0,0.0,1.0,13.087,1,13.087,0.0
26034,1,18.73,0.0,0.0,0.0,1.0,28.877,1,28.877,0.0
26040,1,40.25,0.0,0.0,0.0,1.0,64.669,1,64.669,0.0
26044,1,20.77,0.0,0.0,0.0,1.0,32.313,1,32.313,0.0
26056,1,9.56,0.0,0.0,0.0,1.0,14.872,1,14.872,0.0
26060,1,9.14,0.0,0.0,0.0,1.0,14.253,1,14.253,0.0
26064,1,19.67,0.0,0.0,0.0,1.0,29.993,1,29.993,0.0
26068,1,3.93,0.0,0.0,0.0,1.0,6.091,1,6.091,0.0
26072,1,17.42,0.0,0.0,0.0,1.0,26.101,1,26.101,0.0
26074,1,19.26,0.0,0.0,0.0,1.0,29.991,1,29.991,0.0
26076,1,38.78,0.0,0.0,0.0,1.0,60.687,1,60.687,0.0
26080,1,8.22,0.0,0.0,0.0,1.0,12.771,1,12.771,0.0
26084,1,43.03,0.0,0.0,0.0,1.0,66.664,1,66.664,0.0
26086,1,30.1,0.0,0.0,0.0,1.0,46.18,1,46.18,0.0
26096,1,7.02,0.0,0.0,0.0,1.0,10.922,1,10.922,0.0
26098,1,7.02,0.0,0.0,0.0,1.0,10.922,1,10.922,0.0
26106,1,23.15,0.0,0.0,0.0,1.0,35.859,1,35.859,0.0
26108,1,15.16,0.0,0.0,0.0,1.0,23.571,1,23.571,0.0
26110,1,9.03,0.0,0.0,0.0,1.0,14.064,1,14.064,0.0
26112,1,34.45,0.0,0.0,0.0,1.0,39.696,1,39.696,0.0
26116,1,32.44,0.0,0.0,0.0,1.0,44.998,1,44.998,0.0
26120,1,15.47,0.0,0.0,0.0,1.0,22.135,1,22.135,0.0
26126,1,26.87,0.0,0.0,0.0,1.0,40.059,1,40.059,0.0
26128,1,52.15,0.0,0.0,0.0,1.0,79.123,1,79.123,0.0
26130,1,13.0,0.0,0.0,0.0,1.0,18.235,1,18.235,0.0
26140,1,36.28,0.0,0.0,0.0,1.0,57.304,1,57.304,0.0
26162,1,22.4,0.0,0.0,0.0,1.0,32.164,1,32.164,0.0
26164,1,0.0,0.0,0.0,0.0,1.0,100.0,0,0.0,0.0
26166,1,0.65,0.0,0.0,0.0,1.0,0.918,1,0.918,0.0
26170,1,1.08,0.0,0.0,0.0,1.0,1.682,1,1.682,0.0
26204,1,27.81,0.0,0.0,0.0,1.0,41.725,1,41.725,0.0
26208,1,6.57,0.0,0.0,0.0,1.0,10.235,1,10.235,0.0
26218,1,16.85,0.0,0.0,0.0,1.0,26.126,1,26.126,0.0
26220,1,8.12,0.0,0.0,0.0,1.0,12.641,1,12.641,0.0
26224,1,18.76,0.0,0.0,0.0,1.0,29.2,1,29.2,0.0
26228,1,20.33,0.0,0.0,0.0,1.0,28.412,1,28.412,0.0
26234,1,6.51,0.0,0.0,0.0,1.0,10.007,1,10.007,0.0
26236,1,2.39,0.0,0.0,0.0,1.0,3.815,1,3.815,0.0
26302,1,2.29,0.0,0.0,0.0,1.0,3.605,1,3.605,0.0
26306,1,5.13,0.0,0.0,0.0,1.0,7.969,1,7.969,0.0
26310,1,14.69,0.0,0.0,0.0,1.0,21.764,1,21.764,0.0
26312,1,2.88,0.0,0.0,0.0,1.0,4.393,1,4.393,0.0
26318,1,6.04,0.0,0.0,0.0,1.0,8.749,1,8.749,0.0
26320,1,4.07,0.0,0.0,0.0,1.0,6.334,1,6.334,0.0
26322,1,4.43,0.0,0.0,0.0,1.0,6.898,1,6.898,0.0
26330,1,2.41,0.0,0.0,0.0,1.0,1.18,1,1.18,0.0
26354,1,5.77,0.0,0.0,0.0,1.0,8.967,1,8.967,0.0
26362,1,5.12,0.0,0.0,0.0,1.0,7.961,1,7.961,0.0
26368,1,4.97,0.0,0.0,0.0,1.0,7.741,1,7.741,0.0
26370,1,13.07,0.0,0.0,0.0,1.0,20.347,1,20.347,0.0
26372,1,0.74,0.0,0.0,0.0,1.0,1.152,1,1.152,0.0
26408,1,19.43,0.0,0.0,0.0,1.0,31.854,1,31.854,0.0
26410,1,3.9,0.0,0.0,0.0,1.0,6.06,1,6.06,0.0
26452,1,13.71,0.0,0.0,0.0,1.0,19.844,1,19.844,0.0
26456,1,14.78,0.0,0.0,0.0,1.0,22.784,1,22.784,0.0
26458,1,41.02,0.0,0.0,0.0,1.0,61.257,1,61.257,0.0
26512,1,35.26,0.0,0.0,0.0,1.0,54.565,1,54.565,0.0
26514,1,25.95,0.0,0.0,0.0,1.0,35.785,1,35.785,0.0
26516,1,0.0,0.0,0.0,0.0,1.0,100.0,0,0.0,0.0
26522,1,44.1,0.0,0.0,0.0,1.0,70.139,1,70.139,0.0
27002,1,7.04,0.0,0.0,0.0,1.0,10.861,1,10.861,0.0
27004,1,1.68,0.0,0.0,0.0,1.0,2.61,1,2.61,0.0
27006,1,1.05,0.0,0.0,0.0,1.0,0.931,1,0.931,0.0
27012,1,6.06,0.0,0.0,0.0,1.0,9.288,1,9.288,0.0
27014,1,4.36,0.0,0.0,0.0,1.0,6.714,1,6.714,0.0
27020,1,7.31,0.0,0.0,0.0,1.0,10.275,1,10.275,0.0
27022,1,2.65,0.0,0.0,0.0,1.0,5.278,1,5.278,0.0
27024,1,4.15,0.0,0.0,0.0,1.0,6.289,1,6.289,0.0
27030,1,7.77,0.0,0.0,0.0,1.0,8.557,1,8.557,0.0
27032,1,3.64,0.0,0.0,0.0,1.0,5.588,1,5.588,0.0
32121,1,2.55,-0.518,-0.518,-0.518,1.0,36.0,1,36.0,0.0
32122,2,2.12,-0.43,-0.43,-0.43,1.0,30.0,1,30.0,0.0
32123,3,2.55,-0.518,-0.518,-0.518,1.0,36.0,1,36.0,0.0
32124,4,1.27,-0.258,-0.258,-0.258,1.0,18.0,1,18.0,0.0
32125,5,0.57,-0.116,-0.116,-0.116,1.0,8.0,1,8.0,0.0
32151,1,6.79,-1.379,-1.379,-1.379,1.0,96.0,1,96.0,0.0
32152,2,6.79,-1.379,-1.379,-1.379,1.0,96.0,1,96.0,0.0
32153,3,6.23,-1.265,-1.265,-1.265,1.0,88.0,1,88.0,0.0
32154,4,6.79,-1.379,-1.379,-1.379,1.0,96.0,1,96.0,0.0
32164,1,1.84,-0.374,-0.374,-0.374,1.0,26.0,1,26.0,0.0
32165,2,2.21,-0.449,-0.449,-0.449,1.0,31.2,1,31.2,0.0
32174,1,1.84,-0.374,-0.374,-0.374,1.0,26.0,1,26.0,0.0
32175,2,1.84,-0.374,-0.374,-0.374,1.0,26.0,1,26.0,0.0
32204,1,4.0,-0.812,-0.812,-0.812,1.0,56.483,1,56.483,0.0
32205,2,4.57,-0.928,-0.928,-0.928,1.0,64.552,1,64.552,0.0
32206,3,3.42,-0.694,-0.694,-0.694,1.0,48.414,1,48.414,0.0
32207,4,4.57,-0.928,-0.928,-0.928,1.0,64.552,1,64.552,0.0
32208,5,4.57,-0.928,-0.928,-0.928,1.0,64.552,1,64.552,0.0
32210,1,4.57,-0.928,-0.928,-0.928,1.0,64.552,1,64.552,0.0
32211,2,4.57,-0.928,-0.928,-0.928,1.0,64.552,1,64.552,0.0
32213,4,4.57,-0.928,-0.928,-0.928,1.0,64.552,1,64.552,0.0
32214,5,4.0,-0.812,-0.812,-0.812,1.0,56.483,1,56.483,0.0
32215,6,4.0,-0.812,-0.812,-0.812,1.0,56.483,1,56.483,0.0
32243,1,0.58,-0.118,-0.118,-0.118,1.0,8.188,1,8.188,0.0
32244,2,3.48,-0.707,-0.707,-0.707,1.0,49.128,1,49.128,0.0
32245,3,4.63,-0.94,-0.94,-0.94,1.0,65.5,1,65.504,0.0
32246,4,4.63,-0.94,-0.94,-0.94,1.0,65.504,1,65.504,0.0
32247,5,4.63,-0.94,-0.94,-0.94,1.0,65.504,1,65.504,0.0
32248,6,2.9,-0.589,-0.589,-0.589,1.0,40.94,1,40.94,0.0
32271,1,6.79,-1.379,-1.379,-1.379,1.0,96.0,1,96.0,0.0
32301,1,6.79,-1.379,-1.379,-1.379,1.0,96.0,1,96.0,0.0
32302,1,6.79,-1.379,-1.379,-1.379,1.0,96.0,1,96.0,0.0
32303,1,6.11,-1.241,-1.241,-1.241,1.0,86.4,1,86.4,0.0
32304,1,6.11,-1.241,-1.241,-1.241,1.0,86.4,1,86.4,0.0
32305,1,6.11,-1.241,-1.241,-1.241,1.0,86.4,1,86.4,0.0
32306,1,3.4,-0.69,-0.69,-0.69,1.0,48.0,1,48.0,0.0
32331,1,4.95,-1.005,-1.005,-1.005,1.0,83.5,1,70.0,0.0
32332,2,4.95,-1.005,-1.005,-1.005,1.0,83.5,1,70.0,0.0
32333,3,2.97,-0.603,-0.603,-0.603,1.0,50.1,1,42.0,0.0
32334,4,2.97,-0.603,-0.603,-0.603,1.0,50.1,1,42.0,0.0
32335,5,4.95,-1.005,-1.005,-1.005,1.0,83.5,1,70.0,0.0
32345,1,5.38,-1.092,-1.092,-1.092,1.0,76.0,1,76.0,0.0
32346,2,5.38,-1.092,-1.092,-1.092,1.0,76.0,1,76.0,0.0
32350,3,5.38,-1.092,-1.092,-1.092,1.0,76.0,1,76.0,0.0
32351,4,4.7,-0.954,-0.954,-0.954,1.0,66.5,1,66.5,0.0
32379,1,3.96,-0.804,-0.804,-0.804,1.0,66.8,1,56.0,0.0
32380,2,4.95,-1.005,-1.005,-1.005,1.0,83.5,1,70.0,0.0
32381,3,4.95,-1.005,-1.005,-1.005,1.0,83.5,1,70.0,0.0
32382,4,1.98,-0.402,-0.402,-0.402,1.0,33.4,1,28.0,0.0
32408,1,4.95,-1.005,-1.005,-1.005,1.0,83.5,1,70.0,0.0
32409,2,4.95,-1.005,-1.005,-1.005,1.0,83.5,1,70.0,0.0
32410,3,4.95,-1.005,-1.005,-1.005,1.0,83.5,1,70.0,0.0
32411,4,2.97,-0.603,-0.603,-0.603,1.0,50.1,1,42.0,0.0
32420,1,4.95,-1.005,-1.005,-1.005,1.0,83.5,1,70.0,0.0
32421,2,4.95,-1.005,-1.005,-1.005,1.0,83.5,1,70.0,0.0
32422,3,4.95,-1.005,-1.005,-1.005,1.0,83.5,1,70.0,0.0
32423,4,2.97,-0.603,-0.603,-0.603,1.0,50.1,1,42.0,0.0
32473,1,23.85,-4.843,-4.843,-4.843,1.0,337.08,1,337.08,0.0
32503,1,20.62,-4.187,-4.187,-4.187,1.0,291.44,1,291.438,0.0
32504,1,20.62,-4.187,-4.187,-4.187,1.0,291.44,1,291.438,0.0
37221,1,3.4,-0.69,-0.69,-0.69,1.0,48.0,1,48.0,0.0
37222,2,3.4,-0.69,-0.69,-0.69,1.0,48.0,1,48.0,0.0
37223,3,3.96,-0.804,-0.804,-0.804,1.0,56.0,1,56.0,0.0
37224,4,3.96,-0.804,-0.804,-0.804,1.0,40.0,1,56.0,0.0
37225,5,3.96,-0.804,-0.804,-0.804,1.0,56.0,1,56.0,0.0
37226,6,3.96,-0.804,-0.804,-0.804,1.0,56.0,1,56.0,0.0
37241,1,3.96,-0.804,-0.804,-0.804,1.0,48.0,1,56.0,0.0
37242,2,3.96,-0.804,-0.804,-0.804,1.0,56.0,1,56.0,0.0
37243,3,3.96,-0.804,-0.804,-0.804,1.0,56.0,1,56.0,0.0
37244,4,3.4,-0.69,-0.69,-0.69,1.0,48.0,1,48.0,0.0
37245,5,3.96,-0.804,-0.804,-0.804,1.0,56.0,1,56.0,0.0
37246,6,3.4,-0.69,-0.69,-0.69,1.0,16.0,1,48.0,0.0
40001,1,0.42,-0.085,-0.085,-0.085,1.0,6.0,1,6.0,0.0
40001,2,0.51,-0.104,-0.104,-0.104,1.0,7.2,1,7.2,0.0
40031,1,1.07,-0.217,-0.217,-0.217,1.0,15.1,1,15.1,0.0
40061,1,3.42,-0.694,-0.694,-0.694,1.0,30.0,1,48.3,0.0
40091,1,0.3,-0.061,-0.061,-0.061,1.0,4.2,1,4.2,0.0
41500,1,1.06,-0.215,-0.215,-0.215,1.0,15.0,1,15.0,0.0
41531,1,3.25,-0.66,-0.66,-0.66,1.0,46.0,1,46.0,0.0
41561,1,1.78,-0.361,-0.361,-0.361,1.0,25.2,1,25.2,0.0
41591,1,3.9,-0.792,-0.792,-0.792,1.0,55.2,1,55.2,0.0
41621,1,3.09,-0.627,-0.627,-0.627,1.0,43.7,1,43.7,0.0
41651,1,2.28,-0.463,-0.463,-0.463,1.0,32.2,1,32.2,0.0
41681,1,2.97,-0.603,-0.603,-0.603,1.0,42.0,1,42.0,0.0
41711,1,0.81,-0.164,-0.164,-0.164,1.0,11.5,1,11.5,0.0
41741,1,0.85,-0.173,-0.173,-0.173,1.0,12.0,1,12.0,0.0
45401,1,1.98,-0.402,-0.402,-0.402,1.0,28.0,1,28.0,0.0
45441,1,0.51,-0.104,-0.104,-0.104,1.0,7.2,1,7.2,0.0
45442,2,0.3,-0.061,-0.061,-0.061,1.0,4.2,1,4.2,0.0
45443,1,1.02,-0.207,-0.207,-0.207,1.0,14.4,1,14.4,0.0
45445,1,0.25,-0.051,-0.051,-0.051,1.0,3.6,1,3.6,0.0
45446,2,0.89,-0.181,-0.181,-0.181,1.0,12.6,1,12.6,0.0
45447,1,0.51,-0.104,-0.104,-0.104,1.0,7.2,1,7.2,0.0
50501,1,64.23,-31.108,-31.108,-31.108,1.0,100.0,1,100.0,0.0
50523,1,56.55,-27.388,-27.388,-27.388,1.0,88.039,1,88.039,0.0
50524,1,59.73,-28.929,-28.929,-28.929,1.0,92.98,1,92.98,0.0
50525,1,43.21,-20.928,-20.928,-20.928,1.0,67.267,1,67.267,0.0
50531,1,60.35,-29.229,-29.229,-29.229,1.0,93.96,1,93.96,0.0
50532,1,63.15,-30.585,-30.585,-30.585,1.0,98.313,1,98.313,0.0
50542,1,8.52,-4.126,-4.126,-4.126,1.0,13.264,1,13.264,0.0
50543,1,21.92,-10.616,-10.616,-10.616,1.0,34.117,1,34.117,0.0
50561,1,95.77,-46.384,-46.384,-46.384,1.0,149.092,1,149.092,0.0
53501,1,96.35,-46.664,-46.664,-46.664,1.0,150.0,1,150.0,0.0
53521,1,43.58,-21.107,-21.107,-21.107,1.0,67.853,1,67.853,0.0
53531,1,27.18,-13.164,-13.164,-13.164,1.0,40.301,1,42.314,0.0
53532,1,12.53,-6.069,-6.069,-6.069,1.0,19.507,1,19.507,0.0
53533,1,4.71,-2.281,-2.281,-2.281,1.0,7.333,1,7.333,0.0
53534,1,25.14,-12.176,-12.176,-12.176,1.0,39.138,1,39.138,0.0
53535,1,12.65,-6.127,-6.127,-6.127,1.0,19.7,1,19.7,0.0
53541,1,12.57,-6.088,-6.088,-6.088,1.0,19.567,1,19.567,0.0
53542,1,30.68,-14.859,-14.859,-14.859,1.0,47.765,1,47.765,0.0
53543,2,29.44,-14.258,-14.258,-14.258,1.0,45.83,1,45.83,0.0
53544,3,14.72,-7.129,-7.129,-7.129,1.0,22.92,1,22.92,0.0
53545,5,33.7,-16.322,-16.322,-16.322,1.0,52.464,1,52.464,0.0
53546,6,28.61,-13.856,-13.856,-13.856,1.0,44.544,1,44.544,0.0
53561,1,49.79,-24.114,-24.114,-24.114,1.0,77.52,1,77.52,0.0
53581,1,77.08,-37.332,-37.332,-37.332,1.0,119.994,1,119.994,0.0
53601,1,86.04,-41.671,-41.671,-41.671,1.0,133.944,1,133.944,0.0
53602,2,88.66,-42.94,-42.94,-42.94,1.0,138.024,1,138.024,0.0
53621,1,42.78,-20.719,-20.719,-20.719,1.0,66.6,1,66.6,0.0
53622,1,32.12,-15.556,-15.556,-15.556,1.0,50.007,1,50.007,0.0
53623,1,34.94,-16.922,-16.922,-16.922,1.0,54.4,1,54.4,0.0
53641,1,4.36,-2.112,-2.112,-2.112,1.0,6.795,1,6.795,0.0
53661,1,1.81,-0.877,-0.877,-0.877,1.0,0.49,1,2.814,0.0
53661,2,20.59,-9.972,-9.972,-9.972,1.0,32.05,1,32.05,0.0
53661,3,9.55,-4.625,-4.625,-4.625,1.0,14.873,1,14.873,0.0
53661,4,3.94,-1.908,-1.908,-1.908,1.0,6.127,1,6.127,0.0
53661,5,0.08,-0.039,-0.039,-0.039,1.0,0.126,1,0.126,0.0
53661,6,4.12,-1.995,-1.995,-1.995,1.0,6.41,1,6.41,0.0
53681,1,37.55,-18.186,-18.186,-18.186,1.0,58.464,1,58.464,0.0
53682,1,17.5,-8.476,-8.476,-8.476,1.0,27.248,1,27.248,0.0
53701,1,1.75,-0.848,-0.848,-0.848,1.0,2.731,1,2.731,0.0
53721,1,24.98,-12.098,-12.098,-12.098,1.0,38.882,1,38.882,0.0
53722,2,9.83,-4.761,-4.761,-4.761,1.0,15.3,1,15.3,0.0
53741,1,28.26,-13.687,-13.687,-13.687,1.0,44.0,1,44.0,0.0
53801,1,5.69,-2.756,-2.756,-2.756,1.0,8.856,1,8.856,0.0
53821,1,15.66,-7.584,-7.584,-7.584,1.0,24.379,1,24.379,0.0
53841,1,4.28,-2.073,-2.073,-2.073,1.0,6.67,1,6.67,0.0
53861,1,2.72,-1.317,-1.317,-1.317,1.0,4.238,1,4.238,0.0
53901,1,0.04,-0.019,-0.019,-0.019,1.0,0.068,1,0.068,0.0
53921,1,0.12,-0.058,-0.058,-0.058,1.0,0.187,1,0.187,0.0
53941,1,36.76,-17.804,-17.804,-17.804,1.0,57.24,1,57.236,0.0
53961,1,38.56,-18.675,-18.675,-18.675,1.0,60.03,1,60.028,0.0
53982,1,53.1,-25.718,-25.718,-25.718,1.0,82.67,1,82.666,0.0
53983,1,11.13,-5.391,-5.391,-5.391,1.0,17.33,1,17.334,0.0
60001,1,0.0,0.0,-0.0,-0.0,1.0,99.0,0,99.0,-99.0
60021,1,0.0,0.0,-0.0,-0.0,1.0,99.0,0,99.0,-99.0
60041,1,0.0,0.0,-0.0,-0.0,1.0,50.0,0,50.0,-50.0
60061,1,0.0,0.0,-0.0,-0.0,1.0,50.0,0,50.0,-50.0
60062,2,0.0,0.0,-0.0,-0.0,1.0,50.0,0,50.0,-50.0
60081,1,0.0,0.0,-0.0,-0.0,1.0,100.0,0,100.0,-100.0
60082,1,0.0,0.0,-0.0,-0.0,1.0,100.0,0,100.0,-100.0
60086,1,0.0,0.0,0.0,0.0,1.0,50.0,0,50.0,-50.0
60121,1,0.0,0.0,0.0,0.0,1.0,40.0,0,40.0,-40.0
60180,1,-42.8,0.0,-0.0,-0.0,1.0,60.0,1,60.0,-60.0
60200,1,-42.8,0.0,-0.0,-0.0,1.0,60.0,1,60.0,-60.0
62501,1,0.0,0.0,0.0,0.0,1.0,100.0,0,100.0,-100.0
62520,1,-13.55,0.0,-0.0,-0.0,1.0,19.58,1,19.58,-19.58
65000,1,-14.4,0.0,-0.0,-0.0,1.0,21.6,1,21.6,-21.6
65020,1,-10.38,0.0,-0.0,-0.0,1.0,15.0,1,15.0,-15.0
65041,1,0.0,0.0,0.0,0.0,1.0,100.0,0,100.0,-100.0
65060,1,-11.07,0.0,-0.0,-0.0,1.0,16.0,1,16.0,-16.0
65081,1,0.0,0.0,0.0,0.0,1.0,169.9,0,169.9,-169.9
65101,1,0.0,0.0,9999.0,-9999.0,1.0,78.0,0,78.0,-78.0
65121,1,0.0,0.0,0.0,0.0,1.0,100.0,0,100.0,-100.0
65141,1,0.0,0.0,0.0,0.0,1.0,64.0,0,64.0,-64.0
65201,1,0.0,0.0,0.0,0.0,1.0,100.0,0,100.0,-100.0
67501,1,0.0,0.0,0.0,0.0,1.0,100.0,0,100.0,-100.0
67521,1,0.0,0.0,0.0,0.0,1.0,100.0,0,100.0,-100.0
70002,1,20.0,-0.939,22.335,-11.168,1.0,37.225,1,29.78,0.0
70003,1,0.0,0.0,0.594,-0.27,1.0,0.99,0,0.8,0.0
