bus_i,id,status,pl_mw,ql_mvar
233,1,1,10.101,1.619
513,1,1,12.363,-0.02
652,1,1,142.212,1.984
822,1,1,2.349,0.118
844,1,1,4.325,-0.075
853,1,1,13.188,0.0
872,1,1,6.211,-0.819
883,1,1,5.009,1.449
1123,1,1,20.112,5.092
1583,1,1,57.753,7.861
1593,1,1,36.954,-4.631
1663,1,1,30.893,-0.79
1752,1,1,251.621,53.743
1900,1,1,-4.368,0.0
2003,1,1,25.759,0.907
2032,1,1,9.76,1.388
2042,1,1,0.0,0.0
2133,1,1,16.48,4.596
2143,1,1,19.489,0.512
2162,1,1,304.87,20.624
2173,1,1,38.752,6.435
2183,1,1,17.977,-2.542
2202,1,1,335.94,21.043
2203,1,1,66.127,12.251
2303,1,1,12.003,22.583
2322,1,1,266.426,9.948
2323,1,1,6.148,8.963
2332,1,1,30.158,5.041
2333,1,1,15.154,8.759
2353,1,1,59.223,24.159
2402,1,1,376.139,32.206
2480,1,1,146.778,0.0
2603,1,1,42.753,20.19
2613,1,1,61.917,8.198
2650,1,1,232.256,0.0
2672,1,1,156.766,15.13
2673,1,1,0.0,-2.02
2683,1,1,20.59,5.08
2692,1,1,0.0,0.0
2753,1,1,18.299,6.819
2763,1,1,16.826,8.29
2802,1,1,113.024,-7.76
2803,1,1,46.759,-1.376
2812,1,1,61.897,-3.796
2813,1,1,49.044,-4.761
2853,1,1,0.0,0.0
2862,1,1,164.86,3.182
2863,1,1,0.0,0.0
2902,1,1,108.527,-2.097
2923,1,1,62.001,17.768
2932,1,1,133.003,2.868
2933,1,1,15.794,8.419
2943,1,1,3.262,3.848
2952,1,1,26.151,4.888
2953,1,1,32.85,1.335
3002,1,1,-8.137,2.071
3003,1,1,2.269,2.271
3102,1,1,277.204,15.899
3122,1,1,148.174,8.041
3132,1,1,186.797,54.724
3133,1,1,75.394,0.826
3142,1,1,364.124,32.397
3143,1,1,37.493,5.218
3162,1,1,282.212,11.049
3182,1,1,180.173,16.541
3183,1,1,62.304,6.406
3193,1,1,141.716,7.542
3212,1,1,40.0,5.7
3213,1,1,0.0,0.0
3222,1,1,275.773,18.275
3223,1,1,51.758,-3.066
3232,1,1,182.883,9.908
3242,1,1,274.847,102.1
3243,1,1,105.901,4.74
3282,1,1,153.156,28.044
3283,1,1,51.182,10.162
3292,1,1,121.623,29.348
3293,1,1,60.35,17.131
3302,1,1,281.76,38.38
3303,1,1,60.306,17.122
3322,1,1,351.667,47.134
3323,1,1,51.985,14.505
3342,1,1,158.35,21.115
3352,1,1,140.442,31.601
3362,1,1,185.914,-0.725
3363,1,1,83.14,19.291
3364,1,1,199.888,22.175
3372,1,1,253.007,45.537
3374,2,1,260.105,20.615
3392,1,1,61.897,0.85
3393,1,1,48.652,2.654
3394,1,1,260.855,29.4
3412,1,1,124.083,-18.092
3413,1,1,23.295,-0.076
3422,1,1,146.119,-2.106
3442,1,1,252.469,86.783
3443,1,1,54.537,-0.893
3452,1,1,118.033,-0.469
3453,1,1,37.332,8.437
3462,1,1,67.72,-2.775
3472,1,1,65.624,6.621
3482,1,1,61.266,-0.384
3483,1,1,31.211,8.953
3522,1,1,150.884,-10.177
3523,1,1,94.031,5.4
3532,1,1,272.47,7.683
3552,1,1,453.131,22.32
3553,1,1,37.666,15.089
3662,1,1,580.411,20.08
3663,1,1,55.521,-0.87
3672,1,1,350.651,-3.804
3673,1,1,22.204,-3.602
3682,1,1,501.06,77.652
3683,1,1,60.742,6.85
3694,1,1,82.912,14.002
3702,1,1,393.035,49.08
3722,1,1,297.908,13.935
3723,1,1,10.921,5.877
3732,1,1,133.361,3.782
3733,1,1,82.428,0.964
3762,1,1,369.387,29.698
3763,1,1,93.753,-1.194
3792,1,1,294.027,16.078
3793,1,1,33.316,17.266
3812,1,1,114.741,31.058
3813,1,1,54.399,6.279
3882,1,1,248.114,67.467
3892,1,1,343.913,55.855
3903,1,1,22.937,12.87
3922,1,1,40.506,-7.409
3923,1,1,8.061,0.869
3932,1,1,159.054,24.119
3942,1,1,-20.673,3.728
3952,1,1,213.921,26.928
3953,1,1,25.152,1.375
3972,1,1,10.094,-11.466
3973,1,1,13.563,1.708
4002,1,1,6.979,-1.95
4012,1,1,78.012,18.577
4016,1,1,10.708,2.325
4026,1,1,44.49,4.219
4028,1,1,41.185,10.264
4030,1,1,45.334,-1.203
4048,1,1,70.441,8.112
4108,1,1,116.632,22.494
4110,1,1,112.338,8.769
4112,1,1,45.913,9.684
4114,1,1,129.854,11.693
4116,1,1,56.514,7.883
4118,1,1,4.37,-0.229
4128,1,1,11.36,1.397
4140,1,1,23.531,0.783
4142,1,1,49.018,6.984
4144,1,1,135.348,10.369
4148,1,1,38.31,3.723
4162,1,1,73.471,-11.396
4204,1,1,99.854,15.408
4208,1,1,69.141,2.405
4214,1,1,91.064,5.003
4256,1,1,70.721,2.218
4258,1,1,89.325,10.226
4260,1,1,67.737,1.4
4264,1,1,79.642,2.407
4266,1,1,45.896,4.29
4270,1,1,105.495,7.315
4276,1,1,132.951,6.942
4302,1,1,110.564,10.148
4306,1,1,119.133,10.229
4308,1,1,68.034,0.822
4310,1,1,84.481,6.012
4314,1,1,50.699,3.685
4352,1,1,129.218,2.796
4354,1,1,88.103,-0.56
4358,1,1,112.617,4.995
4360,1,1,82.379,3.592
4362,1,1,42.061,26.718
4402,1,1,99.714,4.997
4404,1,1,81.776,1.852
4410,1,1,101.59,2.185
4412,1,1,108.358,1.987
4426,1,1,112.358,6.086
4438,1,1,104.529,2.52
4506,1,1,95.503,8.958
4508,1,1,92.475,14.548
4514,1,1,92.769,3.841
4528,1,1,117.749,13.309
4552,1,1,77.999,11.383
4554,1,1,49.698,-1.047
4558,1,1,182.402,6.688
4560,1,1,54.919,-6.862
4564,1,1,76.319,12.912
4568,1,1,183.83,4.14
4574,1,1,70.602,3.591
4576,1,1,66.464,21.735
4584,1,1,76.253,9.08
4602,1,1,119.744,4.172
4604,1,1,120.996,-1.131
4608,1,1,91.105,11.711
4612,1,1,90.637,24.164
4614,1,1,77.414,11.208
4618,1,1,98.459,21.214
4626,1,1,88.516,-0.228
4628,1,1,72.996,11.295
4630,1,1,82.514,10.498
4636,1,1,134.789,16.03
4638,1,1,78.784,3.203
4640,1,1,130.358,29.085
4650,1,1,99.418,13.402
4652,1,1,28.674,4.004
4702,1,1,56.832,12.874
4704,1,1,99.003,3.686
4706,1,1,109.228,1.293
4710,1,1,109.338,-0.411
4712,1,1,89.907,12.249
4714,1,1,38.353,5.465
4716,1,1,90.523,14.941
4752,1,1,92.218,32.15
4754,1,1,64.227,12.255
4756,1,1,91.933,18.308
4758,1,1,61.212,8.176
4760,1,1,50.845,10.504
4764,1,1,63.986,9.43
4802,1,1,111.425,18.157
4806,1,1,75.199,12.364
4812,1,1,67.675,10.264
4814,1,1,83.2,10.926
4816,1,1,91.295,21.817
4818,1,1,121.473,10.658
4820,1,1,52.422,8.855
4822,1,1,129.485,21.858
4824,1,1,71.308,12.22
4840,1,1,57.121,14.027
4902,1,1,119.459,5.667
4904,1,1,42.491,7.104
4908,1,1,157.679,2.36
4910,1,1,79.903,10.262
4922,1,1,131.206,19.32
4990,1,1,83.332,2.608
4992,1,1,66.607,-2.088
4994,1,1,55.151,4.267
4996,1,1,150.211,-1.827
4998,1,1,87.563,17.553
5000,1,1,81.521,-7.545
5004,1,1,102.355,16.465
5006,1,1,87.393,15.18
5014,1,1,56.411,5.586
5018,1,1,74.861,23.292
5022,1,1,50.42,12.318
5024,1,1,66.557,5.208
5026,1,1,59.213,1.468
5028,1,1,43.443,8.851
5056,1,1,33.98,-0.07
5080,1,1,45.867,13.591
5092,1,1,86.004,18.325
5098,1,1,27.988,2.315
5108,1,1,20.581,0.053
5502,1,1,65.268,13.11
5504,1,1,129.747,-10.113
5506,1,1,100.023,23.883
5522,1,1,122.822,28.485
5524,1,1,89.849,19.577
5526,1,1,9.784,0.502
5530,1,1,22.967,7.326
5538,1,1,63.804,-4.676
5542,1,1,40.701,12.535
5546,1,1,53.664,4.575
5602,1,1,36.904,8.706
5604,1,1,107.988,2.187
5606,1,1,66.109,18.736
5610,1,1,37.296,6.046
5612,1,1,70.24,14.938
5616,1,1,87.398,1.203
5618,1,1,8.174,-0.943
5626,1,1,100.514,-6.214
5628,1,1,77.929,11.23
5638,1,1,70.888,13.4
5644,1,1,66.088,-0.733
5648,1,1,20.907,2.071
5652,1,1,106.065,3.477
5654,1,1,78.805,-3.618
5656,1,1,91.699,15.204
5658,1,1,56.362,0.515
5660,1,1,51.629,2.721
5664,1,1,110.601,3.952
5666,1,1,84.573,-1.731
5668,1,1,115.948,3.849
5670,1,1,63.435,15.039
5672,1,1,78.625,-2.957
5682,1,1,54.089,18.779
5684,1,1,55.559,11.597
5686,1,1,83.785,10.014
5694,1,1,48.88,5.608
5778,1,1,67.072,12.051
5788,1,1,112.788,-1.016
5790,1,1,66.963,8.297
5802,1,1,75.332,14.037
5810,1,1,79.166,16.33
5812,1,1,88.683,19.383
5818,1,1,34.116,21.159
5820,1,1,57.154,13.675
5842,1,1,27.369,19.453
5852,1,1,86.435,11.752
5854,1,1,63.753,15.572
5856,1,1,69.67,18.726
5864,1,1,25.394,5.253
5902,1,1,90.556,12.772
5904,1,1,46.681,10.587
5906,1,1,59.953,6.705
5910,1,1,67.943,17.486
5914,1,1,37.874,3.981
5916,1,1,97.916,14.723
5942,1,1,4.835,4.725
5944,1,1,5.01,11.534
5948,1,1,0.0,0.0
5956,1,1,29.797,4.64
5958,1,1,0.0,0.619
5976,1,1,69.273,3.534
5978,1,1,16.961,4.574
5980,1,1,55.361,0.243
5984,1,1,50.022,12.455
5986,1,1,25.264,-1.371
5988,1,1,0.0,0.0
5996,1,1,57.142,2.409
5998,1,1,41.46,8.069
6004,1,1,53.881,-2.216
6010,1,1,32.207,7.09
6012,1,1,87.867,13.025
6018,1,1,80.561,8.926
6024,1,1,67.582,-0.29
6034,1,1,38.399,-0.377
6040,1,1,53.067,4.09
6042,1,1,0.0,0.0
6044,1,1,49.456,5.496
6056,1,1,124.987,0.621
6060,1,1,109.041,4.472
6064,1,1,58.23,8.163
6068,1,1,45.079,-6.18
6072,1,1,99.596,14.426
6074,1,1,73.465,6.428
6076,1,1,101.543,11.304
6080,1,1,72.828,52.565
6084,1,1,84.688,12.277
6086,1,1,93.507,13.318
6094,1,1,0.0,0.0
6096,1,1,36.713,11.901
6098,1,1,20.684,11.775
6106,1,1,112.079,13.306
6108,1,1,142.566,1.53
6110,1,1,56.972,1.243
6112,1,1,20.672,10.916
6116,1,1,38.065,17.281
6120,1,1,52.285,18.546
6126,1,1,65.628,8.111
6128,1,1,137.215,44.841
6130,1,1,28.902,5.579
6140,1,1,72.737,21.959
6162,1,1,86.66,16.611
6164,1,1,22.1,0.763
6166,1,1,136.284,44.703
6170,1,1,83.712,6.019
6204,1,1,94.922,-1.151
6208,1,1,73.029,-8.181
6218,1,1,85.478,18.962
6220,1,1,62.47,1.539
6224,1,1,39.089,5.736
6228,1,1,76.758,15.678
6234,1,1,41.526,-2.561
6236,1,1,2.614,0.0
6302,1,1,77.422,-1.459
6306,1,1,112.624,7.931
6310,1,1,36.943,-5.441
6312,1,1,74.518,6.273
6318,1,1,80.843,17.021
6320,1,1,139.795,-1.559
6322,1,1,74.346,19.738
6330,1,1,46.272,10.006
6354,1,1,68.235,2.486
6362,1,1,73.028,-1.678
6368,1,1,47.092,5.84
6370,1,1,25.917,1.038
6372,1,1,28.07,-3.114
6408,1,1,58.654,8.015
6410,1,1,36.955,-1.402
6452,1,1,86.533,0.109
6456,1,1,66.241,4.38
6458,1,1,58.714,5.941
6512,1,1,43.149,12.347
6514,1,1,17.733,6.323
6516,1,1,0.0,0.0
6522,1,1,73.904,41.597
7002,1,1,9.898,0.644
7004,1,1,3.982,-0.021
7006,1,1,2.562,0.433
7012,1,1,49.597,0.089
7014,1,1,5.559,0.939
7020,1,1,12.651,3.815
7022,1,1,19.351,1.233
7024,1,1,6.333,0.956
7030,1,1,43.73,2.522
7032,1,1,15.117,2.588
8002,1,1,1.518,-0.235
8008,1,1,0.0,1.692
8009,1,1,0.796,-0.546
8011,1,1,0.796,-0.546
8012,1,1,3.243,3.546
8020,1,1,5.563,9.292
8025,1,1,5.162,9.652
8026,1,1,2.116,2.922
8027,1,1,6.514,1.278
8028,1,1,3.959,-1.071
8060,1,1,8.995,-2.714
8081,1,1,5.956,1.563
8100,1,1,9.795,-8.03
8101,1,1,-0.228,2.972
8140,1,1,2.517,1.475
8141,1,1,5.746,65.475
8142,1,1,3.799,7.869
8143,1,1,5.917,3.913
8160,1,1,5.261,43.152
8180,1,1,0.0,0.565
8181,1,1,6.97,-0.779
8182,1,1,9.638,2.043
8183,1,0,3.205,-9.768
8184,1,1,0.0,1.768
8185,1,1,9.638,2.043
8186,1,1,0.0,-1.421
8190,1,1,1.446,2.184
8191,1,1,24.5,4.975
8192,1,1,77.0,15.636
8193,1,1,28.0,5.686
8195,1,1,21.863,35.733
8200,1,1,42.796,13.023
8203,1,1,0.306,30.891
8204,1,1,-0.304,3.687
8206,1,1,12.459,4.011
8207,1,1,0.01,12.336
8208,1,1,3.43,0.696
8209,1,1,2.938,-3.87
8210,1,1,40.609,14.162
8211,1,1,46.478,0.841
8212,1,1,46.478,0.841
8213,1,1,16.8,3.411
8215,1,1,40.609,14.162
8216,1,1,12.459,4.011
8217,1,1,40.609,14.162
8220,1,0,80.36,20.72
8221,1,1,6.869,0.012
8222,1,1,28.501,8.891
8223,1,1,14.0,2.843
8230,1,1,0.0,11.712
8231,1,1,0.0,2.451
8232,1,1,44.8,9.097
8240,1,1,4.525,1.706
8241,1,1,9.292,1.744
8242,1,1,25.707,5.986
8244,1,1,42.846,13.256
8245,1,1,3.947,1.225
8250,1,1,4.525,1.706
8251,1,1,0.304,-1.057
8252,1,1,11.842,2.954
8253,1,1,0.304,-1.057
8255,1,1,69.492,4.523
8256,1,1,69.492,4.523
8260,1,1,3.279,0.08
8270,1,1,33.402,11.756
8278,1,1,45.632,6.06
8279,1,1,69.549,21.656
8280,1,1,33.881,11.258
8281,1,1,28.501,8.891
8282,1,1,28.543,6.55
8300,1,1,4.533,3.572
8301,1,1,4.533,3.572
8302,1,1,44.79,37.721
8304,1,1,74.235,21.99
8305,1,1,71.12,11.5
8306,1,1,29.736,7.89
8307,1,1,29.736,7.89
8308,1,1,74.235,21.99
8309,1,1,34.479,-3.182
8310,1,1,3.223,-1.62
8311,1,1,34.479,-3.182
8312,1,1,71.12,11.5
8313,1,1,29.736,7.89
8314,1,1,74.235,21.99
8315,1,1,34.479,-3.182
8316,1,1,4.533,3.572
8319,1,1,60.2,5.02
8320,1,1,40.91,12.427
8323,1,1,38.5,11.09
8324,1,1,42.0,8.528
8326,1,1,93.103,17.017
8327,1,1,93.103,17.017
8329,1,1,40.91,12.427
8331,1,1,57.086,16.019
8332,1,1,40.91,12.427
8333,1,1,29.736,7.89
8334,1,1,60.018,14.692
8335,1,1,34.479,-3.182
8336,1,1,13.122,7.791
8337,1,1,60.018,14.692
8338,1,1,60.018,14.692
8339,1,1,34.479,-3.182
8340,1,1,38.5,11.09
8341,1,1,46.026,8.019
8342,1,1,46.026,8.019
8353,1,1,78.54,20.225
8354,1,1,128.8,26.154
8355,1,1,78.54,20.225
8359,1,1,29.736,7.89
8360,1,1,11.97,1.152
8361,1,1,10.099,-17.051
8362,1,1,13.122,7.791
8364,1,1,2.195,2.602
8365,1,1,88.168,28.293
8366,1,1,10.099,-17.051
8367,1,1,0.0,-0.2
8368,1,1,145.362,40.13
8369,1,1,29.267,7.813
8370,1,1,29.267,7.813
8371,1,1,112.503,35.368
8372,1,1,112.503,35.368
8373,1,1,135.296,39.286
8374,1,1,1.501,-1.751
8375,1,1,135.296,39.286
8376,1,1,135.296,39.286
8377,1,1,25.581,9.051
8378,1,1,25.581,9.051
8379,1,1,85.194,22.893
8380,1,1,85.194,22.893
8381,1,1,29.267,7.813
8382,1,1,29.267,7.813
8383,1,1,29.267,7.813
8400,1,1,0.0,6.201
8401,1,1,6.323,16.381
8403,1,1,6.323,16.381
8404,1,1,-0.002,7.493
8405,1,1,6.323,16.381
8406,1,1,6.323,16.381
8407,1,1,1.451,-0.174
8408,1,1,-0.002,7.493
8409,1,1,1.451,-0.174
8410,1,1,22.4,4.549
8420,1,1,90.562,1.034
8427,1,1,29.493,9.925
8431,1,1,90.562,1.034
8440,1,1,68.935,-2.369
8445,1,1,27.633,8.174
8450,1,1,0.0,12.38
8491,1,1,21.0,4.264
8492,1,1,10.378,2.455
8493,1,1,14.208,3.096
8494,1,1,4.188,9.852
8495,1,1,37.213,12.31
8496,1,1,37.213,12.31
8497,1,1,10.378,2.455
8501,1,1,47.346,17.042
8503,1,1,8.045,-25.645
8507,1,1,8.045,-25.645
8512,1,1,0.0,0.0
8526,1,1,46.35,-6.92
8528,1,1,13.44,4.8
8529,1,1,66.117,1.642
8530,1,1,66.117,1.642
8531,1,1,66.117,1.642
8532,1,1,96.743,0.803
8533,1,1,96.743,0.803
8534,1,1,127.603,-11.166
8535,1,1,56.566,16.942
8536,1,1,56.566,16.942
8537,1,1,56.566,16.942
8539,1,1,9.087,2.797
8540,1,1,32.989,7.52
8541,1,1,46.35,-6.92
8542,1,1,36.87,12.702
8543,1,1,36.87,12.702
8544,1,1,121.918,34.925
8545,1,1,88.972,22.327
8549,1,1,46.35,-6.92
8551,1,1,45.109,10.056
8552,1,1,14.18,2.926
8553,1,1,52.342,8.628
8554,1,1,127.603,-11.166
8555,1,1,66.117,1.642
8556,1,1,36.87,12.702
8557,1,1,96.743,0.803
8558,1,1,14.18,2.926
8559,1,1,36.87,12.702
8560,1,1,19.517,-19.938
8561,1,1,9.087,2.797
8562,1,1,66.117,1.642
8567,1,1,96.743,0.803
8569,1,1,19.517,-19.938
8570,1,1,0.33,8.768
8572,1,1,21.643,6.062
8573,1,1,21.643,6.062
8575,1,1,52.342,8.628
8576,1,1,123.339,-22.997
8577,1,1,92.27,8.091
8578,1,1,99.494,13.41
8580,1,1,1.828,-12.234
8582,1,1,127.603,-11.166
8583,1,1,127.603,-11.166
8601,1,1,9.582,2.714
8614,1,1,0.4,5.825
8615,1,1,0.0,0.0
8616,1,1,117.6,23.88
8617,1,1,117.6,23.88
8618,1,1,37.154,17.188
8619,1,1,56.0,11.371
8621,1,1,8.47,-6.14
8622,1,1,17.479,5.345
8623,1,1,60.266,16.316
8624,1,1,5.287,1.343
8640,1,1,5.679,-3.339
8704,1,1,2.727,15.289
8708,1,1,2.727,15.289
8713,1,1,8.386,18.63
8717,1,1,5.555,13.797
8718,1,1,5.555,13.797
8719,1,1,5.555,13.797
8720,1,1,14.122,20.714
8729,1,1,9.528,-11.57
8730,1,1,9.528,-11.57
8770,1,1,25.9,5.259
8905,1,1,1.905,7.139
8906,1,1,1.465,0.371
9906,1,1,65.943,-2.711
9910,1,1,62.108,-21.929
9922,1,1,49.272,-32.941
9925,1,1,49.272,-32.941
9932,1,1,62.108,-21.929
9936,1,1,62.108,-21.929
