bus_i,modsw,adjm,status,vswhi,vswlo,swrem,rmpct,binit_mvar
226,0,0,1,1.02,0.985,220,100.0,0.0
227,0,0,1,1.02,0.985,220,100.0,0.0
236,0,0,1,1.02,0.985,230,100.0,0.0
291,0,0,1,1.025,0.9938,0,100.0,-80.0
292,0,0,1,1.025,0.9938,0,100.0,-80.0
296,0,0,1,1.02,0.985,293,100.0,0.0
297,0,0,1,1.02,0.985,293,100.0,0.0
662,0,0,1,1.02,0.985,600,100.0,0.0
663,0,0,1,1.02,0.985,628,100.0,0.0
664,0,0,1,1.02,0.985,601,100.0,0.0
665,0,0,1,1.02,0.985,611,100.0,0.0
853,0,0,1,1.02,0.985,850,100.0,0.0
883,0,0,1,1.02,0.985,880,100.0,0.0
1056,0,0,1,1.02,0.985,1051,100.0,0.0
1057,0,0,0,1.02,0.985,1051,100.0,0.0
1058,0,0,1,1.02,0.985,1051,100.0,0.0
1130,0,0,1,1.0,1.0,0,100.0,-200.0
1135,0,0,1,1.02,0.985,1110,100.0,-40.0
1136,0,0,1,1.02,0.985,1120,100.0,0.0
1137,0,0,1,1.02,0.985,1100,100.0,0.0
1507,0,0,1,1.02,0.985,1501,100.0,0.0
1508,0,0,1,1.02,0.985,1501,100.0,0.0
1509,0,0,1,1.02,0.985,1501,100.0,0.0
1551,0,0,1,1.025,0.9938,0,100.0,79.0
1555,0,0,1,1.02,0.985,1551,100.0,0.0
1556,0,0,0,1.02,0.985,1551,100.0,0.0
1557,0,0,1,1.02,0.985,1551,100.0,0.0
1558,0,0,1,1.02,0.985,1551,100.0,0.0
1559,0,0,1,1.02,0.985,1551,100.0,0.0
1581,0,0,1,1.025,0.9938,0,100.0,0.0
1583,0,0,1,1.02,0.985,1581,100.0,0.0
1586,0,0,1,1.02,0.985,1581,100.0,0.0
1591,0,0,1,1.025,0.9938,0,100.0,0.0
1593,0,0,1,1.02,0.985,1591,100.0,0.0
1596,0,0,1,1.02,0.985,1591,100.0,0.0
1611,0,0,1,1.025,0.985,0,100.0,0.0
1615,0,0,1,1.02,0.985,1611,100.0,0.0
1616,0,0,1,1.025,0.985,1611,100.0,0.0
1656,0,0,1,1.02,0.985,1651,100.0,0.0
1657,0,0,1,1.02,0.985,1651,100.0,0.0
1658,0,0,1,1.02,0.985,1651,100.0,0.0
1663,0,0,1,1.02,0.985,1661,100.0,15.0
1666,0,0,1,1.02,0.985,1661,100.0,0.0
1667,0,0,1,1.02,0.985,1661,100.0,0.0
1701,0,0,1,1.025,0.9938,0,100.0,0.0
1706,0,0,1,1.02,0.985,1701,100.0,0.0
1707,0,0,1,1.02,0.985,1701,100.0,0.0
1711,0,0,1,1.02,0.985,0,100.0,0.0
1716,0,0,1,1.02,0.985,1711,100.0,0.0
1717,0,0,0,1.02,0.985,1711,100.0,0.0
1718,0,0,1,1.02,0.985,1711,100.0,0.0
1752,0,0,1,1.02,0.985,1751,100.0,40.0
1758,0,0,1,1.02,0.985,1751,100.0,0.0
1759,0,0,1,1.02,0.985,1751,100.0,0.0
1761,0,0,1,1.025,0.9938,0,100.0,158.0
1766,0,0,1,1.02,0.985,1761,100.0,0.0
1767,0,0,1,1.02,0.985,1761,100.0,0.0
1768,0,0,1,1.02,0.985,1761,100.0,0.0
1769,0,0,1,1.02,0.985,1781,100.0,0.0
1901,0,0,1,1.025,0.9938,0,100.0,0.0
1905,0,0,1,1.02,0.985,1901,100.0,0.0
1907,0,0,1,1.02,0.985,1901,100.0,0.0
1908,0,0,1,1.02,0.985,1901,100.0,0.0
1909,0,0,1,1.02,0.985,1901,100.0,0.0
1917,0,0,1,1.02,0.985,1911,100.0,0.0
1918,0,0,0,1.02,0.985,1911,100.0,0.0
1919,0,0,0,1.02,0.985,1911,100.0,0.0
1931,0,0,1,1.025,0.9938,0,100.0,0.0
1936,0,0,1,1.02,0.985,1931,100.0,0.0
1937,0,0,0,1.02,0.985,1931,100.0,0.0
1938,0,0,1,1.02,0.985,1931,100.0,0.0
1946,0,0,1,1.02,0.985,1941,100.0,0.0
1947,0,0,1,1.02,0.985,1941,100.0,0.0
1948,0,0,1,1.02,0.985,1941,100.0,0.0
2001,0,0,1,1.025,0.9938,0,100.0,0.0
2003,0,0,1,1.02,0.985,2001,100.0,0.0
2005,0,0,1,1.02,0.985,2001,100.0,0.0
2006,0,0,1,1.02,0.985,2001,100.0,0.0
2007,0,0,0,1.02,0.985,2001,100.0,0.0
2009,0,0,0,1.02,0.985,2001,100.0,0.0
2031,0,0,1,1.025,0.9938,0,100.0,0.0
2036,0,0,1,1.02,0.985,2031,100.0,0.0
2041,0,0,1,1.0,1.0,0,100.0,0.0
2046,0,0,1,1.02,0.985,2031,100.0,0.0
2047,0,0,1,1.02,0.985,2031,100.0,0.0
2108,0,0,0,1.02,0.985,800,100.0,-0.0
2109,0,0,1,1.02,0.985,800,100.0,0.0
2131,0,0,1,1.025,0.9938,0,100.0,0.0
2133,0,0,1,1.02,0.985,2131,100.0,0.0
2137,0,0,1,1.02,0.985,2131,100.0,-40.0
2138,0,0,1,1.02,0.985,2131,100.0,-40.0
2139,0,0,1,1.02,0.985,2131,100.0,0.0
2141,0,0,1,1.025,0.9938,0,100.0,0.0
2143,0,0,1,1.02,0.985,2141,100.0,0.0
2147,0,0,1,1.0,1.0,2141,100.0,0.0
2148,0,0,1,1.02,0.985,2141,100.0,0.0
2149,0,0,1,1.02,0.985,2141,100.0,0.0
2156,0,0,1,1.02,0.985,2151,100.0,0.0
2157,0,0,1,1.02,0.985,2151,100.0,0.0
2162,0,0,1,1.02,0.985,2151,100.0,93.2
2164,0,0,1,1.02,0.985,2151,100.0,0.0
2165,0,0,1,1.02,0.985,2151,100.0,0.0
2166,0,0,1,1.02,0.985,2151,100.0,0.0
2171,0,0,1,1.025,0.9938,0,100.0,0.0
2173,0,0,1,1.02,0.985,2171,100.0,0.0
2176,0,0,1,1.02,0.985,2171,100.0,0.0
2177,0,0,1,1.02,0.985,2171,100.0,0.0
2178,0,0,1,1.02,0.985,2171,100.0,0.0
2181,0,0,1,1.025,0.9938,0,100.0,0.0
2186,0,0,1,1.02,0.985,2181,100.0,0.0
2187,0,0,1,1.02,0.985,2181,100.0,0.0
2188,0,0,1,1.025,0.985,2181,100.0,0.0
2202,0,0,1,1.02,0.985,2201,100.0,60.0
2203,0,0,1,1.02,0.985,2201,100.0,0.0
2206,0,0,1,1.02,0.985,2201,100.0,0.0
2207,0,0,1,1.02,0.985,2201,100.0,0.0
2208,0,0,1,1.02,0.985,2201,100.0,0.0
2303,0,0,1,1.02,0.985,2301,100.0,36.0
2306,0,0,1,1.02,0.985,2301,100.0,0.0
2307,0,0,1,1.02,0.985,2301,100.0,0.0
2316,0,0,1,1.02,0.985,2311,100.0,0.0
2317,0,0,1,1.02,0.985,2311,100.0,0.0
2321,0,0,1,1.025,0.9938,0,100.0,-80.0
2322,0,0,1,1.02,0.985,2321,100.0,0.0
2323,0,0,1,1.02,0.985,2321,100.0,0.0
2325,0,0,1,1.02,0.985,2321,100.0,-40.0
2326,0,0,1,1.02,0.985,2321,100.0,0.0
2327,0,0,1,1.02,0.985,2321,100.0,-40.0
2337,0,0,1,1.02,0.985,2321,100.0,0.0
2338,0,0,1,1.02,0.985,2321,100.0,0.0
2353,0,0,1,1.02,0.985,2351,100.0,36.0
2357,0,0,1,1.02,0.985,2351,100.0,0.0
2358,0,0,0,1.02,0.985,2351,100.0,0.0
2359,0,0,1,1.02,0.985,2351,100.0,0.0
2375,0,0,1,1.02,0.985,2371,100.0,0.0
2376,0,0,1,1.02,0.985,2371,100.0,0.0
2377,0,0,1,1.02,0.985,2371,100.0,0.0
2378,0,0,1,1.02,0.985,2371,100.0,0.0
2379,0,0,1,1.025,0.985,2371,100.0,0.0
2401,0,0,1,1.025,0.9938,0,100.0,0.0
2402,0,0,1,1.02,0.985,2401,100.0,26.6
2407,0,0,1,1.02,0.985,2401,100.0,0.0
2408,0,0,1,1.02,0.985,2401,100.0,0.0
2409,0,0,1,1.02,0.985,2401,100.0,0.0
2503,0,0,1,1.025,0.985,2501,100.0,0.0
2506,0,0,1,1.02,0.985,2501,100.0,-40.0
2507,0,0,1,1.02,0.985,2501,100.0,0.0
2509,0,0,1,1.02,0.985,2501,100.0,0.0
2518,0,0,1,1.02,0.985,2511,100.0,0.0
2519,0,0,1,1.02,0.985,2511,100.0,0.0
2603,0,0,1,1.02,0.985,2601,100.0,0.0
2608,0,0,0,1.02,0.985,2601,100.0,0.0
2613,0,0,1,1.02,0.985,2611,100.0,0.0
2618,0,0,1,1.02,0.985,2611,100.0,0.0
2619,0,0,1,1.02,0.985,2611,100.0,0.0
2621,0,0,1,1.025,0.985,0,100.0,0.0
2626,0,0,1,1.02,0.985,2621,100.0,0.0
2627,0,0,1,1.02,0.985,2621,100.0,0.0
2628,0,0,1,1.02,0.985,2621,100.0,0.0
2629,0,0,1,1.02,0.985,2621,100.0,0.0
2656,0,0,1,1.02,0.985,2651,100.0,0.0
2657,0,0,1,1.02,0.985,2651,100.0,0.0
2658,0,0,1,1.02,0.985,2651,100.0,0.0
2659,0,0,1,1.02,0.985,2651,100.0,0.0
2667,0,0,1,1.02,0.985,2661,100.0,-40.0
2668,0,0,1,1.02,0.985,2661,100.0,0.0
2671,0,0,1,1.025,0.9938,0,100.0,-80.0
2673,0,0,1,1.02,0.985,2671,100.0,0.0
2676,0,0,1,1.02,0.985,2671,100.0,-40.0
2681,0,0,1,1.025,0.9938,0,100.0,-80.0
2683,0,0,1,1.02,0.985,2681,100.0,0.0
2686,0,0,0,1.02,0.985,2681,100.0,0.0
2687,0,0,1,1.02,0.985,2681,100.0,0.0
2751,0,0,1,1.025,0.9938,0,100.0,-80.0
2753,0,0,1,1.02,0.985,2751,100.0,0.0
2756,0,0,1,1.02,0.985,2751,100.0,-40.0
2757,0,0,1,1.02,0.985,2751,100.0,-40.0
2761,0,0,1,1.0,1.0,0,100.0,0.0
2763,0,0,1,1.025,0.985,2761,100.0,0.0
2766,0,0,0,1.02,0.985,2751,100.0,-0.0
2767,0,0,0,1.02,0.985,2751,100.0,-0.0
2801,0,0,1,1.025,0.9938,0,100.0,-80.0
2802,0,0,1,1.02,0.985,2801,100.0,0.0
2803,0,0,1,1.02,0.985,2801,100.0,0.0
2807,0,0,1,1.02,0.985,2801,100.0,0.0
2811,0,0,1,1.025,0.9938,0,100.0,0.0
2812,0,0,1,1.02,0.985,2811,100.0,0.0
2813,0,0,1,1.02,0.985,2811,100.0,0.0
2816,0,0,1,1.02,0.985,2811,100.0,0.0
2850,0,0,1,1.0,1.0,0,100.0,-200.0
2851,0,0,1,1.025,0.9938,0,100.0,0.0
2857,0,0,1,1.02,0.985,2851,100.0,0.0
2861,0,0,1,1.025,0.9938,0,100.0,0.0
2862,0,0,1,1.02,0.985,2851,100.0,0.0
2863,0,0,1,1.02,0.985,2862,100.0,0.0
2864,0,0,1,1.02,0.985,2851,100.0,0.0
2878,0,0,1,1.02,0.985,2871,100.0,0.0
2879,0,0,1,1.02,0.985,2871,100.0,0.0
2902,0,0,1,1.02,0.985,2901,100.0,0.0
2905,0,0,1,1.02,0.985,2901,100.0,-20.0
2906,0,0,1,1.02,0.985,2901,100.0,0.0
2918,0,0,1,1.02,0.985,2911,100.0,0.0
2919,0,0,1,1.02,0.985,2911,100.0,-20.0
2920,0,0,1,1.0,1.0,0,100.0,-100.0
2921,0,0,1,1.025,0.9938,0,100.0,-80.0
2923,0,0,1,1.02,0.985,2921,100.0,0.0
2928,0,0,1,1.02,0.985,2921,100.0,0.0
2929,0,0,1,1.02,0.985,2921,100.0,0.0
2931,0,0,1,1.025,0.9938,0,100.0,-80.0
2932,0,0,1,1.02,0.985,2931,100.0,0.0
2933,0,0,1,1.02,0.985,2931,100.0,0.0
2936,0,0,1,1.02,0.985,2931,100.0,-40.0
2941,0,0,1,1.025,0.9938,0,100.0,0.0
2946,0,0,1,1.02,0.985,2931,100.0,-40.0
2952,0,0,1,1.02,0.985,2951,100.0,0.0
2953,0,0,1,1.02,0.985,2951,100.0,0.0
2954,0,0,1,1.02,0.985,2951,100.0,-40.0
2955,0,0,1,1.02,0.985,2951,100.0,-40.0
2956,0,0,1,1.02,0.985,2951,100.0,-40.0
2957,0,0,1,1.02,0.985,2951,100.0,-40.0
3001,0,0,1,1.025,0.9938,0,100.0,0.0
3003,0,0,1,1.02,0.985,3001,100.0,0.0
3007,0,0,1,1.02,0.985,3001,100.0,0.0
3008,0,0,1,1.02,0.985,3001,100.0,0.0
3101,0,0,1,1.025,0.9938,0,100.0,0.0
3102,0,0,1,1.02,0.985,3101,100.0,0.0
3132,0,0,1,1.02,0.985,3131,100.0,20.0
3133,0,0,1,1.02,0.985,3131,100.0,0.0
3142,0,0,1,1.02,0.985,3141,100.0,80.0
3143,0,0,1,1.02,0.985,3141,100.0,24.0
3162,0,0,1,1.02,0.985,3161,100.0,0.0
3182,0,0,1,1.02,0.985,3181,100.0,80.0
3183,0,0,1,1.02,0.985,3181,100.0,0.0
3193,0,0,1,1.02,0.985,3191,100.0,0.0
3211,0,0,1,1.0,1.0,0,100.0,0.0
3222,0,0,1,1.02,0.985,3221,100.0,80.0
3223,0,0,1,1.02,0.985,3221,100.0,0.0
3242,0,0,1,1.02,0.985,3241,100.0,117.5
3243,0,0,1,1.02,0.985,3241,100.0,12.0
3282,0,0,1,1.02,0.985,3281,100.0,53.2
3283,0,0,1,1.02,0.985,3281,100.0,0.0
3292,0,0,1,1.02,0.985,3291,100.0,40.0
3293,0,0,1,1.02,0.985,3291,100.0,30.0
3302,0,0,1,1.02,0.985,3301,100.0,46.6
3303,0,0,1,1.02,0.985,3301,100.0,24.0
3322,0,0,1,1.02,0.985,3321,100.0,40.0
3323,0,0,1,1.02,0.985,3321,100.0,24.0
3341,0,0,1,1.025,0.9938,0,100.0,0.0
3342,0,0,1,1.02,0.985,3341,100.0,0.0
3352,0,0,1,1.02,0.985,3341,100.0,0.0
3361,0,0,1,1.025,0.9938,0,100.0,0.0
3362,0,0,1,1.02,0.985,3361,100.0,0.0
3363,0,0,1,1.02,0.985,3361,100.0,24.0
3364,0,0,1,1.02,0.985,3361,100.0,0.0
3372,0,0,1,1.02,0.985,3371,100.0,0.0
3374,0,0,1,1.02,0.985,3371,100.0,0.0
3392,0,0,1,1.02,0.985,3391,100.0,0.0
3393,0,0,1,1.02,0.985,3391,100.0,0.0
3394,0,0,1,1.02,0.985,3391,100.0,0.0
3412,0,0,1,1.02,0.985,3411,100.0,0.0
3413,0,0,1,1.02,0.985,3411,100.0,0.0
3422,0,0,1,1.02,0.985,3421,100.0,0.0
3443,0,0,1,1.02,0.985,3441,100.0,0.0
3451,0,0,1,1.025,0.9938,0,100.0,-80.0
3452,0,0,1,1.02,0.985,3451,100.0,0.0
3453,0,0,1,1.02,0.985,3451,100.0,0.0
3472,0,0,1,1.02,0.985,3471,100.0,0.0
3483,0,0,1,1.02,0.985,3481,100.0,0.0
3521,0,0,1,1.025,0.9938,0,100.0,0.0
3522,0,0,1,1.02,0.985,3521,100.0,0.0
3523,0,0,1,1.02,0.985,3521,100.0,0.0
3532,0,0,1,1.02,0.985,3531,100.0,0.0
3552,0,0,1,1.02,0.985,3551,100.0,0.0
3553,0,0,1,1.02,0.985,3551,100.0,0.0
3661,0,0,1,1.025,0.9938,0,100.0,-160.0
3662,0,0,1,1.02,0.985,3661,100.0,0.0
3663,0,0,1,1.02,0.985,3661,100.0,0.0
3672,0,0,1,1.02,0.985,3671,100.0,0.0
3673,0,0,1,1.02,0.985,3671,100.0,0.0
3682,0,0,1,1.02,0.985,3681,100.0,0.0
3683,0,0,1,1.02,0.985,3681,100.0,0.0
3691,0,0,1,1.025,0.9938,0,100.0,-40.0
3701,0,0,1,1.025,0.9938,0,100.0,-120.0
3702,0,0,1,1.02,0.985,3701,100.0,0.0
3722,0,0,1,1.02,0.985,3721,100.0,0.0
3723,0,0,1,1.02,0.985,3721,100.0,0.0
3732,0,0,1,1.02,0.985,3731,100.0,0.0
3733,0,0,1,1.02,0.985,3731,100.0,0.0
3762,0,0,1,1.02,0.985,3761,100.0,0.0
3763,0,0,1,1.02,0.985,3761,100.0,0.0
3792,0,0,1,1.02,0.985,3791,100.0,0.0
3793,0,0,1,1.02,0.985,3791,100.0,0.0
3812,0,0,1,1.02,0.985,3811,100.0,0.0
3813,0,0,1,1.02,0.985,3811,100.0,0.0
3882,0,0,1,1.02,0.985,3881,100.0,0.0
3892,0,0,1,1.02,0.985,3891,100.0,0.0
3903,0,0,1,1.02,0.985,3901,100.0,0.0
3923,0,0,1,1.02,0.985,3921,100.0,0.0
3932,0,0,1,1.02,0.985,3931,100.0,0.0
3952,0,0,1,1.02,0.985,3951,100.0,0.0
3953,0,0,1,1.02,0.985,3951,100.0,0.0
3971,0,0,1,1.025,0.9938,0,100.0,-120.0
3972,0,0,1,1.02,0.985,3971,100.0,0.0
3973,0,0,1,1.02,0.985,3971,100.0,0.0
4002,0,0,1,1.02,0.985,4001,100.0,0.0
4012,0,0,1,1.02,0.985,4011,100.0,0.0
4015,0,0,1,1.025,0.9938,0,100.0,-80.0
4016,0,0,1,1.02,0.985,4015,100.0,0.0
4026,0,0,1,1.02,0.985,4025,100.0,0.0
4027,0,0,1,1.025,0.9938,0,100.0,0.0
4028,0,0,1,1.02,0.985,4027,100.0,0.0
4030,0,0,1,1.02,0.985,4029,100.0,0.0
4048,0,0,1,1.02,0.985,4047,100.0,0.0
4108,0,0,1,1.02,0.985,4107,100.0,54.0
4110,0,0,1,1.02,0.985,4109,100.0,0.0
4112,0,0,1,1.02,0.985,4111,100.0,0.0
4114,0,0,1,1.02,0.985,4113,100.0,0.0
4116,0,0,1,1.02,0.985,4115,100.0,0.0
4118,0,0,1,1.02,0.985,4117,100.0,0.0
4128,0,0,1,1.02,0.985,4127,100.0,0.0
4140,0,0,1,1.02,0.985,4139,100.0,0.0
4142,0,0,1,1.025,0.985,4141,100.0,0.0
4144,0,0,1,1.02,0.985,4143,100.0,0.0
4147,0,0,1,1.025,0.9938,0,100.0,0.0
4148,0,0,0,1.02,0.985,4147,100.0,0.0
4162,0,0,1,1.02,0.985,4161,100.0,0.0
4204,0,0,1,1.02,0.985,4203,100.0,36.0
4208,0,0,1,1.02,0.985,4207,100.0,0.0
4214,0,0,1,1.02,0.985,4213,100.0,0.0
4256,0,0,1,1.02,0.985,4255,100.0,0.0
4258,0,0,1,1.02,0.985,4257,100.0,18.0
4260,0,0,1,1.02,0.985,4259,100.0,0.0
4264,0,0,1,1.02,0.985,4263,100.0,0.0
4266,0,0,1,1.02,0.985,4265,100.0,0.0
4270,0,0,1,1.02,0.985,4269,100.0,54.0
4276,0,0,1,1.02,0.985,4275,100.0,72.0
4302,0,0,1,1.02,0.985,4301,100.0,0.0
4306,0,0,1,1.02,0.985,4305,100.0,0.0
4308,0,0,1,1.02,0.985,4307,100.0,0.0
4310,0,0,1,1.02,0.985,4309,100.0,0.0
4311,0,0,1,1.025,0.9938,0,100.0,0.0
4314,0,0,1,1.02,0.985,4313,100.0,0.0
4352,0,0,1,1.02,0.985,4351,100.0,0.0
4354,0,0,1,1.02,0.985,4353,100.0,0.0
4358,0,0,1,1.02,0.985,4357,100.0,0.0
4360,0,0,1,1.02,0.985,4359,100.0,0.0
4362,0,0,1,1.02,0.985,4361,100.0,0.0
4402,0,0,1,1.02,0.985,4401,100.0,0.0
4404,0,0,1,1.02,0.985,4403,100.0,0.0
4410,0,0,1,1.02,0.985,4409,100.0,0.0
4412,0,0,1,1.02,0.985,4411,100.0,0.0
4426,0,0,1,1.02,0.985,4425,100.0,72.0
4437,0,0,1,1.025,0.9938,0,100.0,0.0
4438,0,0,1,1.02,0.985,4437,100.0,24.0
4506,0,0,1,1.02,0.985,4505,100.0,36.0
4508,0,0,1,1.02,0.985,4507,100.0,36.0
4514,0,0,1,1.02,0.985,4513,100.0,48.0
4528,0,0,1,1.02,0.985,4527,100.0,18.0
4552,0,0,1,1.02,0.985,4551,100.0,30.0
4554,0,0,1,1.02,0.985,4553,100.0,0.0
4558,0,0,1,1.02,0.985,4557,100.0,0.0
4560,0,0,1,1.02,0.985,4559,100.0,0.0
4564,0,0,1,1.02,0.985,4563,100.0,0.0
4568,0,0,1,1.02,0.985,4567,100.0,0.0
4574,0,0,1,1.02,0.985,4573,100.0,0.0
4576,0,0,1,1.02,0.985,4575,100.0,0.0
4584,0,0,1,1.02,0.985,4583,100.0,24.0
4602,0,0,1,1.02,0.985,4601,100.0,6.0
4604,0,0,1,1.02,0.985,4603,100.0,0.0
4608,0,0,1,1.02,0.985,4607,100.0,42.0
4612,0,0,1,1.02,0.985,4611,100.0,0.0
4614,0,0,1,1.02,0.985,4613,100.0,36.0
4618,0,0,1,1.02,0.985,4617,100.0,36.0
4626,0,0,1,1.02,0.985,4625,100.0,0.0
4628,0,0,1,1.02,0.985,4627,100.0,0.0
4630,0,0,1,1.02,0.985,4629,100.0,24.0
4636,0,0,1,1.02,0.985,4635,100.0,24.0
4638,0,0,1,1.02,0.985,4637,100.0,0.0
4640,0,0,1,1.02,0.985,4639,100.0,0.0
4650,0,0,1,1.02,0.985,4649,100.0,0.0
4651,0,0,1,1.025,0.9938,0,100.0,0.0
4652,0,0,1,1.02,0.985,4651,100.0,0.0
4701,0,0,1,1.025,0.9938,0,100.0,0.0
4702,0,0,1,1.02,0.985,4701,100.0,0.0
4704,0,0,1,1.02,0.985,4703,100.0,0.0
4706,0,0,1,1.02,0.985,4705,100.0,0.0
4710,0,0,1,1.02,0.985,4709,100.0,0.0
4711,0,0,1,1.025,0.985,0,100.0,0.0
4712,0,0,1,1.02,0.985,4711,100.0,0.0
4713,0,0,1,1.025,0.9938,0,100.0,0.0
4714,0,0,1,1.02,0.985,4713,100.0,0.0
4716,0,0,1,1.02,0.985,4715,100.0,0.0
4752,0,0,1,1.02,0.985,4751,100.0,0.0
4754,0,0,1,1.02,0.985,4753,100.0,0.0
4756,0,0,1,1.02,0.985,4755,100.0,0.0
4758,0,0,1,1.02,0.985,4757,100.0,0.0
4760,0,0,1,1.02,0.985,4759,100.0,0.0
4763,0,0,1,1.025,0.9938,0,100.0,0.0
4764,0,0,1,1.02,0.985,4763,100.0,0.0
4802,0,0,1,1.02,0.985,4801,100.0,24.0
4806,0,0,1,1.02,0.985,4805,100.0,36.0
4812,0,0,1,1.02,0.985,4811,100.0,0.0
4814,0,0,1,1.02,0.985,4813,100.0,12.0
4816,0,0,1,1.02,0.985,4815,100.0,0.0
4818,0,0,1,1.02,0.985,4817,100.0,0.0
4820,0,0,1,1.02,0.985,4819,100.0,12.0
4822,0,0,1,1.02,0.985,4821,100.0,0.0
4824,0,0,1,1.02,0.985,4823,100.0,30.0
4840,0,0,1,1.02,0.985,4839,100.0,0.0
4902,0,0,1,1.02,0.985,4901,100.0,42.0
4904,0,0,1,1.02,0.985,4903,100.0,0.0
4908,0,0,1,1.02,0.985,4907,100.0,27.0
4910,0,0,1,1.02,0.985,4909,100.0,24.0
4922,0,0,1,1.02,0.985,4921,100.0,0.0
4990,0,0,1,1.02,0.985,4989,100.0,0.0
4992,0,0,1,1.02,0.985,4991,100.0,0.0
4994,0,0,1,1.02,0.985,4993,100.0,0.0
4996,0,0,1,1.02,0.985,4995,100.0,0.0
4998,0,0,1,1.02,0.985,4997,100.0,0.0
5000,0,0,1,1.02,0.985,4999,100.0,0.0
5004,0,0,1,1.02,0.985,5003,100.0,0.0
5006,0,0,1,1.02,0.985,5005,100.0,0.0
5014,0,0,1,1.02,0.985,5013,100.0,0.0
5018,0,0,1,1.02,0.985,5017,100.0,0.0
5022,0,0,1,1.02,0.985,5021,100.0,0.0
5024,0,0,1,1.02,0.985,5023,100.0,0.0
5026,0,0,1,1.02,0.985,5025,100.0,0.0
5028,0,0,1,1.02,0.985,5027,100.0,0.0
5056,0,0,1,1.02,0.985,5055,100.0,0.0
5079,0,0,1,1.025,0.9938,0,100.0,0.0
5080,0,0,1,1.02,0.985,5079,100.0,0.0
5092,0,0,1,1.02,0.985,5091,100.0,0.0
5098,0,0,1,1.02,0.985,5097,100.0,0.0
5108,0,0,1,1.02,0.985,5107,100.0,0.0
5502,0,0,1,1.02,0.985,5501,100.0,0.0
5503,0,0,1,1.025,0.9938,0,100.0,-80.0
5504,0,0,1,1.02,0.985,5503,100.0,0.0
5506,0,0,1,1.02,0.985,5505,100.0,0.0
5522,0,0,1,1.02,0.985,5521,100.0,0.0
5524,0,0,1,1.02,0.985,5523,100.0,0.0
5525,0,0,1,1.025,0.9938,0,100.0,0.0
5526,0,0,1,1.02,0.985,5525,100.0,0.0
5530,0,0,1,1.02,0.985,5529,100.0,0.0
5537,0,0,1,1.025,0.9938,0,100.0,0.0
5538,0,0,1,1.02,0.985,5537,100.0,0.0
5542,0,0,1,1.02,0.985,5541,100.0,0.0
5546,0,0,1,1.02,0.985,5545,100.0,0.0
5602,0,0,1,1.02,0.985,5601,100.0,0.0
5604,0,0,1,1.02,0.985,5603,100.0,0.0
5606,0,0,1,1.02,0.985,5605,100.0,0.0
5610,0,0,1,1.02,0.985,5609,100.0,0.0
5612,0,0,1,1.02,0.985,5611,100.0,12.0
5616,0,0,1,1.02,0.985,5615,100.0,36.0
5618,0,0,1,1.02,0.985,5617,100.0,0.0
5626,0,0,1,1.02,0.985,5625,100.0,0.0
5628,0,0,1,1.02,0.985,5627,100.0,0.0
5638,0,0,1,1.02,0.985,5637,100.0,0.0
5644,0,0,1,1.02,0.985,5643,100.0,36.0
5648,0,0,1,1.02,0.985,5647,100.0,0.0
5652,0,0,1,1.02,0.985,5651,100.0,0.0
5654,0,0,1,1.02,0.985,5653,100.0,0.0
5656,0,0,1,1.02,0.985,5655,100.0,0.0
5658,0,0,1,1.02,0.985,5657,100.0,0.0
5660,0,0,1,1.02,0.985,5659,100.0,0.0
5664,0,0,1,1.02,0.985,5663,100.0,0.0
5666,0,0,1,1.02,0.985,5665,100.0,0.0
5668,0,0,1,1.02,0.985,5667,100.0,0.0
5670,0,0,1,1.02,0.985,5669,100.0,0.0
5672,0,0,1,1.02,0.985,5671,100.0,0.0
5682,0,0,1,1.02,0.985,5681,100.0,0.0
5684,0,0,1,1.02,0.985,5683,100.0,0.0
5686,0,0,1,1.02,0.985,5685,100.0,0.0
5694,0,0,1,1.02,0.985,5693,100.0,0.0
5777,0,0,1,1.025,0.9938,0,100.0,0.0
5778,0,0,1,1.02,0.985,5777,100.0,0.0
5787,0,0,1,1.025,0.9938,0,100.0,0.0
5788,0,0,1,1.02,0.985,5787,100.0,54.0
5790,0,0,1,1.02,0.985,5789,100.0,0.0
5802,0,0,1,1.02,0.985,5801,100.0,0.0
5810,0,0,1,1.02,0.985,5809,100.0,0.0
5812,0,0,1,1.02,0.985,5811,100.0,0.0
5818,0,0,1,1.02,0.985,5817,100.0,0.0
5820,0,0,1,1.02,0.985,5819,100.0,0.0
5822,0,0,1,1.025,0.9938,0,100.0,-160.0
5824,0,0,1,1.025,0.985,0,100.0,-160.0
5842,0,0,1,1.02,0.985,5841,100.0,0.0
5845,0,0,1,1.025,0.9938,0,100.0,-80.0
5852,0,0,1,1.02,0.985,5851,100.0,0.0
5854,0,0,1,1.02,0.985,5853,100.0,0.0
5856,0,0,1,1.02,0.985,5855,100.0,0.0
5863,0,0,1,1.025,0.985,0,100.0,0.0
5864,0,0,1,1.02,0.985,5863,100.0,0.0
5902,0,0,1,1.02,0.985,5901,100.0,0.0
5904,0,0,1,1.02,0.985,5903,100.0,0.0
5906,0,0,1,1.02,0.985,5905,100.0,0.0
5910,0,0,1,1.02,0.985,5909,100.0,0.0
5913,0,0,1,1.025,0.9938,0,100.0,-40.0
5914,0,0,1,1.02,0.985,5913,100.0,0.0
5916,0,0,1,1.02,0.985,5915,100.0,0.0
5942,0,0,1,1.02,0.985,5941,100.0,0.0
5944,0,0,1,1.02,0.985,5943,100.0,0.0
5947,0,0,0,1.025,0.9983,0,100.0,-0.0
5956,0,0,1,1.02,0.985,5955,100.0,0.0
5957,0,0,1,1.025,0.985,0,100.0,-80.0
5958,0,0,1,1.025,0.985,5957,100.0,0.0
5975,0,0,1,1.025,0.9938,0,100.0,-160.0
5976,0,0,1,1.02,0.985,5975,100.0,0.0
5978,0,0,1,1.02,0.985,5977,100.0,0.0
5980,0,0,1,1.02,0.985,5979,100.0,0.0
5983,0,0,1,1.025,0.9938,0,100.0,-80.0
5984,0,0,1,1.02,0.985,5983,100.0,0.0
5987,0,0,1,1.025,0.985,0,100.0,-80.0
5996,0,0,1,1.02,0.985,5995,100.0,0.0
5998,0,0,1,1.02,0.985,5997,100.0,0.0
6004,0,0,1,1.02,0.985,6003,100.0,0.0
6010,0,0,1,1.02,0.985,6009,100.0,0.0
6012,0,0,1,1.02,0.985,6011,100.0,0.0
6017,0,0,1,1.025,0.9938,0,100.0,-80.0
6018,0,0,1,1.02,0.985,6017,100.0,0.0
6024,0,0,1,1.02,0.985,6023,100.0,0.0
6034,0,0,1,1.02,0.985,6033,100.0,0.0
6040,0,0,1,1.02,0.985,6039,100.0,0.0
6041,0,0,1,1.025,0.985,0,100.0,0.0
6042,0,0,0,1.025,0.985,6041,100.0,0.0
6043,0,0,1,1.025,0.9938,0,100.0,0.0
6044,0,0,1,1.02,0.985,6043,100.0,0.0
6056,0,0,1,1.02,0.985,6055,100.0,0.0
6060,0,0,1,1.02,0.985,6059,100.0,0.0
6064,0,0,1,1.02,0.985,6063,100.0,0.0
6068,0,0,1,1.02,0.985,6067,100.0,0.0
6072,0,0,1,1.02,0.985,6071,100.0,0.0
6074,0,0,1,1.02,0.985,6073,100.0,0.0
6075,0,0,1,1.025,0.9938,0,100.0,-160.0
6076,0,0,1,1.02,0.985,6075,100.0,0.0
6079,0,0,1,1.025,0.9938,0,100.0,0.0
6080,0,0,1,1.02,0.985,6079,100.0,0.0
6081,0,0,1,1.025,0.9938,0,100.0,0.0
6082,0,0,1,1.025,0.9938,0,100.0,0.0
6084,0,0,1,1.02,0.985,6083,100.0,0.0
6085,0,0,1,1.025,0.9938,0,100.0,0.0
6086,0,0,1,1.02,0.985,6085,100.0,0.0
6094,0,0,1,1.025,0.985,6093,100.0,0.0
6095,0,0,1,1.025,0.985,0,100.0,0.0
6096,0,0,1,1.02,0.985,6095,100.0,0.0
6098,0,0,1,1.02,0.985,6097,100.0,0.0
6106,0,0,1,1.02,0.985,6105,100.0,0.0
6108,0,0,1,1.02,0.985,6107,100.0,0.0
6110,0,0,1,1.02,0.985,6109,100.0,0.0
6112,0,0,1,1.02,0.985,6111,100.0,0.0
6116,0,0,1,1.02,0.985,6115,100.0,0.0
6120,0,0,1,1.02,0.985,6119,100.0,0.0
6126,0,0,1,1.02,0.985,6125,100.0,0.0
6128,0,0,1,1.02,0.985,6127,100.0,0.0
6129,0,0,1,1.025,0.9938,0,100.0,-80.0
6130,0,0,1,1.02,0.985,6129,100.0,0.0
6140,0,0,1,1.02,0.985,6139,100.0,0.0
6162,0,0,1,1.02,0.985,6161,100.0,0.0
6166,0,0,1,1.02,0.985,6165,100.0,0.0
6170,0,0,1,1.02,0.985,6169,100.0,0.0
6204,0,0,1,1.02,0.985,6203,100.0,0.0
6208,0,0,1,1.02,0.985,6207,100.0,0.0
6218,0,0,1,1.02,0.985,6217,100.0,0.0
6220,0,0,1,1.02,0.985,6219,100.0,0.0
6224,0,0,1,1.02,0.985,6223,100.0,0.0
6228,0,0,1,1.02,0.985,6227,100.0,0.0
6234,0,0,1,1.02,0.985,6233,100.0,0.0
6235,0,0,1,1.025,0.9938,0,100.0,0.0
6236,0,0,1,1.02,0.985,6235,100.0,0.0
6302,0,0,1,1.02,0.985,6301,100.0,0.0
6306,0,0,1,1.02,0.985,6305,100.0,0.0
6310,0,0,1,1.02,0.985,6309,100.0,0.0
6312,0,0,1,1.02,0.985,6311,100.0,0.0
6318,0,0,1,1.02,0.985,6317,100.0,0.0
6320,0,0,1,1.02,0.985,6319,100.0,0.0
6322,0,0,1,1.02,0.985,6321,100.0,0.0
6330,0,0,1,1.02,0.985,6329,100.0,0.0
6354,0,0,1,1.02,0.985,6353,100.0,0.0
6362,0,0,1,1.02,0.985,6361,100.0,0.0
6368,0,0,1,1.02,0.985,6367,100.0,0.0
6369,0,0,1,1.025,0.9938,0,100.0,-80.0
6370,0,0,1,1.02,0.985,6369,100.0,0.0
6372,0,0,1,1.02,0.985,6371,100.0,0.0
6408,0,0,1,1.02,0.985,6407,100.0,0.0
6410,0,0,1,1.02,0.985,6409,100.0,0.0
6452,0,0,1,1.02,0.985,6451,100.0,0.0
6456,0,0,1,1.02,0.985,6455,100.0,0.0
6458,0,0,1,1.02,0.985,6457,100.0,0.0
6512,0,0,1,1.02,0.985,6511,100.0,0.0
6514,0,0,1,1.02,0.985,6513,100.0,0.0
6522,0,0,1,1.02,0.985,6521,100.0,0.0
7002,0,0,1,1.02,0.985,7001,100.0,0.0
7004,0,0,1,1.02,0.985,7003,100.0,0.0
7006,0,0,1,1.02,0.985,7005,100.0,0.0
7012,0,0,1,1.02,0.985,7011,100.0,12.0
7013,0,0,1,1.025,0.9938,0,100.0,0.0
7014,0,0,1,1.02,0.985,7013,100.0,0.0
7020,0,0,1,1.02,0.985,7019,100.0,0.0
7022,0,0,1,1.02,0.985,7021,100.0,0.0
7024,0,0,1,1.02,0.985,7023,100.0,0.0
7030,0,0,1,1.02,0.985,7019,100.0,0.0
7032,0,0,1,1.02,0.985,7031,100.0,0.0
32192,0,0,1,1.0,1.0,32190,100.0,80.0
32194,0,0,1,1.0,1.0,32191,100.0,80.0
32221,0,0,1,1.0,1.0,32220,100.0,80.0
32251,0,0,1,1.0,1.0,32250,100.0,0.0
32282,0,0,1,1.0,1.0,32280,100.0,-25.0
32283,0,0,1,1.0,1.0,32281,100.0,-25.0
32311,0,0,1,1.0,1.0,32310,100.0,80.0
32342,0,0,1,1.0,1.0,32340,100.0,-20.0
32347,0,0,1,1.0,1.0,32341,100.0,-20.0
32371,0,0,1,1.0,1.0,32370,100.0,80.0
32402,0,0,1,1.0,1.0,0,100.0,80.0
32414,0,0,1,1.0,1.0,0,100.0,80.0
32461,0,0,1,1.0,1.0,32460,100.0,80.0
32492,0,0,1,1.0,1.0,32490,100.0,80.0
32493,0,0,1,1.0,1.0,32491,100.0,80.0
