gen,name,bus_name,plant,fuel,cap_mw,how,cp2,cp1,cp0
0,Gen_1,北部汽電,-,gas,590.0,fallback:gas,0.6586421052631579,1400.6842105263156,269033.8736842105
1,Gen_2,中部汽電,-,gas,666.8,fallback:gas,0.6586421052631579,1400.6842105263156,269033.8736842105
2,Gen_3,南部汽電,南部,gas,666.8,bus:南部,2.4599999999999995,681.99,252786.0
3,Gen_103,協和#3,協和,oil,485.0,bus:協和,0.27,3659.8500000000004,188541.9
4,Gen_104,協和#4,協和,oil,485.0,bus:協和,0.27,3659.8500000000004,188541.9
5,Gen_211,林口#1,林口,coal,752.0,bus:林口,-0.6416666666666666,1679.736666666667,39730.533333333326
6,Gen_212,林口#2,林口,coal,752.0,bus:林口,-0.6416666666666666,1679.736666666667,39730.533333333326
7,Gen_213,林口#3,林口,coal,752.0,bus:林口,-0.6416666666666666,1679.736666666667,39730.533333333326
8,Gen_301,大潭G1-1,大潭,gas,151.5,bus:大潭,-0.0003,1647.92,312200.0
9,Gen_302,大潭G1-2,大潭,gas,151.5,bus:大潭,-0.0003,1647.92,312200.0
10,Gen_303,大潭G1-3,大潭,gas,151.5,bus:大潭,-0.0003,1647.92,312200.0
11,Gen_304,大潭ST1,大潭,gas,270.7,bus:大潭,-0.0003,1647.92,312200.0
12,Gen_305,大潭G2-1,大潭,gas,151.5,bus:大潭,-0.0003,1647.92,312200.0
13,Gen_306,大潭G2-2,大潭,gas,151.5,bus:大潭,-0.0003,1647.92,312200.0
14,Gen_307,大潭G2-3,大潭,gas,151.5,bus:大潭,-0.0003,1647.92,312200.0
15,Gen_308,大潭ST2,大潭,gas,270.7,bus:大潭,-0.0003,1647.92,312200.0
16,Gen_309,大潭G3-1,大潭,gas,233.4,bus:大潭,-0.0003,1647.92,312200.0
17,Gen_310,大潭G3-2,大潭,gas,233.4,bus:大潭,-0.0003,1647.92,312200.0
18,Gen_311,大潭ST3,大潭,gas,241.25,bus:大潭,-0.0003,1647.92,312200.0
19,Gen_312,大潭G4-1,大潭,gas,233.4,bus:大潭,-0.0003,1647.92,312200.0
20,Gen_313,大潭G4-2,大潭,gas,233.4,bus:大潭,-0.0003,1647.92,312200.0
21,Gen_314,大潭ST4,大潭,gas,241.25,bus:大潭,-0.0003,1647.92,312200.0
22,Gen_315,大潭G5-1,大潭,gas,233.4,bus:大潭,-0.0003,1647.92,312200.0
23,Gen_316,大潭G5-2,大潭,gas,233.4,bus:大潭,-0.0003,1647.92,312200.0
24,Gen_317,大潭ST5,大潭,gas,241.25,bus:大潭,-0.0003,1647.92,312200.0
25,Gen_318,大潭G6-1,大潭,gas,233.4,bus:大潭,-0.0003,1647.92,312200.0
26,Gen_319,大潭G6-2,大潭,gas,233.4,bus:大潭,-0.0003,1647.92,312200.0
27,Gen_320,大潭ST6,大潭,gas,241.25,bus:大潭,-0.0003,1647.92,312200.0
28,Gen_321,大潭G7-1,大潭,gas,327.25,bus:大潭,-0.0003,1647.92,312200.0
29,Gen_322,大潭G7-2,大潭,gas,327.25,bus:大潭,-0.0003,1647.92,312200.0
30,Gen_323,大潭ST7,大潭,gas,326.0,bus:大潭,-0.0003,1647.92,312200.0
31,Gen_324,大潭G8-1,大潭,gas,366.4,bus:大潭,-0.0003,1647.92,312200.0
32,Gen_325,大潭G8-2,大潭,gas,366.4,bus:大潭,-0.0003,1647.92,312200.0
33,Gen_326,大潭ST8,大潭,gas,390.8,bus:大潭,-0.0003,1647.92,312200.0
34,Gen_327,大潭G9-1,大潭,gas,366.4,bus:大潭,-0.0003,1647.92,312200.0
35,Gen_328,大潭G9-2,大潭,gas,366.4,bus:大潭,-0.0003,1647.92,312200.0
36,Gen_329,大潭ST9,大潭,gas,390.8,bus:大潭,-0.0003,1647.92,312200.0
37,Gen_411,碧海#1,碧海,hydro,61.2,bus:碧海,0.0,0.0,0.0
38,Gen_451,石門#1,石門,hydro,40.0,bus:石門,0.0,0.0,0.0
39,Gen_452,石門#2,石門,hydro,29.75,bus:石門,0.0,0.0,0.0
40,Gen_531,中火#1,台中,coal,537.9,bus:台中,0.23100000000000004,1015.1569999999999,92922.5
41,Gen_532,中火#2,台中,coal,537.9,bus:台中,0.23100000000000004,1015.1569999999999,92922.5
42,Gen_533,中火#3,台中,coal,537.9,bus:台中,0.23100000000000004,1015.1569999999999,92922.5
43,Gen_534,中火#4,台中,coal,537.9,bus:台中,0.23100000000000004,1015.1569999999999,92922.5
44,Gen_535,中火#5,台中,coal,525.0,bus:台中,0.23100000000000004,1015.1569999999999,92922.5
45,Gen_536,中火#6,台中,coal,525.0,bus:台中,0.23100000000000004,1015.1569999999999,92922.5
46,Gen_537,中火#7,台中,coal,525.0,bus:台中,0.23100000000000004,1015.1569999999999,92922.5
47,Gen_538,中火#8,台中,coal,525.0,bus:台中,0.23100000000000004,1015.1569999999999,92922.5
48,Gen_539,中火#9,台中,coal,525.0,bus:台中,0.23100000000000004,1015.1569999999999,92922.5
49,Gen_541,中火#10,台中,coal,525.0,bus:台中,0.23100000000000004,1015.1569999999999,92922.5
50,Gen_542,中火GAS#1,台中,coal,69.7,bus:台中,0.23100000000000004,1015.1569999999999,92922.5
51,Gen_543,中火GAS#2,台中,coal,69.7,bus:台中,0.23100000000000004,1015.1569999999999,92922.5
52,Gen_544,中火GAS#3,台中,coal,69.7,bus:台中,0.23100000000000004,1015.1569999999999,92922.5
53,Gen_545,中火GAS#4,台中,coal,69.7,bus:台中,0.23100000000000004,1015.1569999999999,92922.5
54,Gen_551,台中新G1-1,台中新,gas,456.5,bus:台中新,0.6586421052631579,1400.6842105263156,269033.8736842105
55,Gen_552,台中新G1-2,台中新,gas,456.5,bus:台中新,0.6586421052631579,1400.6842105263156,269033.8736842105
56,Gen_553,台中新ST1,台中新,gas,456.0,bus:台中新,0.6586421052631579,1400.6842105263156,269033.8736842105
57,Gen_554,台中新G2-1,台中新,gas,456.5,bus:台中新,0.6586421052631579,1400.6842105263156,269033.8736842105
58,Gen_555,台中新G2-2,台中新,gas,456.5,bus:台中新,0.6586421052631579,1400.6842105263156,269033.8736842105
59,Gen_556,台中新ST2,台中新,gas,456.0,bus:台中新,0.6586421052631579,1400.6842105263156,269033.8736842105
60,Gen_590,通霄新G3-1,通霄,gas,335.75,bus:通霄,0.6,1101.42,371949.0
61,Gen_591,通霄新G3-2,通霄,gas,335.75,bus:通霄,0.6,1101.42,371949.0
62,Gen_592,通霄新ST3,通霄,gas,319.6,bus:通霄,0.6,1101.42,371949.0
63,Gen_593,通霄新G2-1,通霄,gas,335.75,bus:通霄,0.6,1101.42,371949.0
64,Gen_594,通霄新G2-2,通霄,gas,335.75,bus:通霄,0.6,1101.42,371949.0
65,Gen_595,通霄新ST2,通霄,gas,319.6,bus:通霄,0.6,1101.42,371949.0
66,Gen_596,通霄新G1-1,通霄,gas,335.75,bus:通霄,0.6,1101.42,371949.0
67,Gen_597,通霄新G1-2,通霄,gas,335.75,bus:通霄,0.6,1101.42,371949.0
68,Gen_598,通霄新ST1,通霄,gas,319.6,bus:通霄,0.6,1101.42,371949.0
69,Gen_616,通霄G4-1,通霄,gas,90.0,bus:通霄,0.6,1101.42,371949.0
70,Gen_617,通霄G4-2,通霄,gas,90.0,bus:通霄,0.6,1101.42,371949.0
71,Gen_618,通霄G4-3,通霄,gas,84.28,bus:通霄,0.6,1101.42,371949.0
72,Gen_619,通霄ST4,通霄,gas,117.6,bus:通霄,0.6,1101.42,371949.0
73,Gen_621,通霄G5-1,通霄,gas,84.28,bus:通霄,0.6,1101.42,371949.0
74,Gen_622,通霄G5-2,通霄,gas,90.0,bus:通霄,0.6,1101.42,371949.0
75,Gen_623,通霄G5-3,通霄,gas,84.28,bus:通霄,0.6,1101.42,371949.0
76,Gen_624,通霄ST5,通霄,gas,125.42,bus:通霄,0.6,1101.42,371949.0
77,Gen_625,通霄G6-1,通霄,gas,103.0,bus:通霄,0.6,1101.42,371949.0
78,Gen_626,通霄G6-2,通霄,gas,103.0,bus:通霄,0.6,1101.42,371949.0
79,Gen_627,通霄ST6,通霄,gas,108.8,bus:通霄,0.6,1101.42,371949.0
80,Gen_691,通霄GAS#1,通霄,gas,37.856,bus:通霄,0.6,1101.42,371949.0
81,Gen_692,通霄GAS#2,通霄,gas,37.856,bus:通霄,0.6,1101.42,371949.0
82,Gen_693,通霄GAS#3,通霄,gas,37.856,bus:通霄,0.6,1101.42,371949.0
83,Gen_694,通霄GAS#4,通霄,gas,37.856,bus:通霄,0.6,1101.42,371949.0
84,Gen_695,通霄GAS#5,通霄,gas,37.856,bus:通霄,0.6,1101.42,371949.0
85,Gen_696,通霄GAS#6,通霄,gas,37.856,bus:通霄,0.6,1101.42,371949.0
86,Gen_701,大觀二#1,大觀,hydro,240.0,bus:大觀,0.0,0.0,0.0
87,Gen_702,大觀二#2,大觀,hydro,240.0,bus:大觀,0.0,0.0,0.0
88,Gen_703,大觀二#3,大觀,hydro,240.0,bus:大觀,0.0,0.0,0.0
89,Gen_704,大觀二#4,大觀,hydro,240.0,bus:大觀,0.0,0.0,0.0
90,Gen_711,明潭#1,明潭,hydro,240.8,bus:明潭,0.0,0.0,0.0
91,Gen_712,明潭#2,明潭,hydro,240.8,bus:明潭,0.0,0.0,0.0
92,Gen_713,明潭#3,明潭,hydro,240.8,bus:明潭,0.0,0.0,0.0
93,Gen_714,明潭#4,明潭,hydro,240.8,bus:明潭,0.0,0.0,0.0
94,Gen_715,明潭#5,明潭,hydro,240.8,bus:明潭,0.0,0.0,0.0
95,Gen_716,明潭#6,明潭,hydro,240.8,bus:明潭,0.0,0.0,0.0
96,Gen_801,天輪#1,天輪,hydro,25.0,bus:天輪,0.0,0.0,0.0
97,Gen_802,天輪#2,天輪,hydro,25.0,bus:天輪,0.0,0.0,0.0
98,Gen_803,天輪#3,天輪,hydro,25.0,bus:天輪,0.0,0.0,0.0
99,Gen_804,天輪#4,天輪,hydro,25.0,bus:天輪,0.0,0.0,0.0
100,Gen_805,天輪#5,天輪,hydro,100.0,bus:天輪,0.0,0.0,0.0
101,Gen_825,谷關#1,谷關,hydro,33.75,bus:谷關,0.0,0.0,0.0
102,Gen_826,谷關#2,谷關,hydro,33.75,bus:谷關,0.0,0.0,0.0
103,Gen_827,谷關#3,谷關,hydro,33.75,bus:谷關,0.0,0.0,0.0
104,Gen_828,谷關#4,谷關,hydro,33.75,bus:谷關,0.0,0.0,0.0
105,Gen_831,青山#1,青山,hydro,94.5,bus:青山,0.0,0.0,0.0
106,Gen_832,青山#2,青山,hydro,94.5,bus:青山,0.0,0.0,0.0
107,Gen_833,青山#3,青山,hydro,94.5,bus:青山,0.0,0.0,0.0
108,Gen_834,青山#4,青山,hydro,94.5,bus:青山,0.0,0.0,0.0
109,Gen_841,德基#1,德基,hydro,66.7,bus:德基,0.0,0.0,0.0
110,Gen_842,德基#2,德基,hydro,66.7,bus:德基,0.0,0.0,0.0
111,Gen_843,德基#3,德基,hydro,66.7,bus:德基,0.0,0.0,0.0
112,Gen_851,鉅工#1,-,gas,21.75,fallback:gas,0.6586421052631579,1400.6842105263156,269033.8736842105
113,Gen_852,鉅工#2,-,gas,21.75,fallback:gas,0.6586421052631579,1400.6842105263156,269033.8736842105
114,Gen_861,大觀一#1,大觀,hydro,21.0,bus:大觀,0.0,0.0,0.0
115,Gen_862,大觀一#2,大觀,hydro,21.0,bus:大觀,0.0,0.0,0.0
116,Gen_863,大觀一#3,大觀,hydro,21.0,bus:大觀,0.0,0.0,0.0
117,Gen_864,大觀一#4,大觀,hydro,21.0,bus:大觀,0.0,0.0,0.0
118,Gen_865,大觀一#5,大觀,hydro,21.0,bus:大觀,0.0,0.0,0.0
119,Gen_871,萬大#1-2,萬大,hydro,10.35,bus:萬大,0.0,0.0,0.0
120,Gen_871,萬大#1-2,萬大,hydro,10.35,bus:萬大,0.0,0.0,0.0
121,Gen_873,萬大#3,萬大,hydro,15.3,bus:萬大,0.0,0.0,0.0
122,Gen_874,萬大#4,萬大,hydro,20.84,bus:萬大,0.0,0.0,0.0
123,Gen_876,松林#1,-,gas,18.975,fallback:gas,0.6586421052631579,1400.6842105263156,269033.8736842105
124,Gen_877,松林#2,-,gas,2.785,fallback:gas,0.6586421052631579,1400.6842105263156,269033.8736842105
125,Gen_881,卓蘭#1,卓蘭,hydro,40.0,bus:卓蘭,0.0,0.0,0.0
126,Gen_882,卓蘭#2,卓蘭,hydro,40.0,bus:卓蘭,0.0,0.0,0.0
127,Gen_891,馬鞍#1,-,gas,66.75,fallback:gas,0.6586421052631579,1400.6842105263156,269033.8736842105
128,Gen_892,馬鞍#2,-,gas,66.75,fallback:gas,0.6586421052631579,1400.6842105263156,269033.8736842105
129,Gen_1001,核三#1,核三,nuclear,939.0,bus:核三,0.0,0.3,0.0
130,Gen_1002,核三#2,核三,nuclear,939.0,bus:核三,0.0,0.3,0.0
131,Gen_1007,核三GAS#1,核三,nuclear,79.0,bus:核三,0.0,0.3,0.0
132,Gen_1008,核三GAS#2,核三,nuclear,79.0,bus:核三,0.0,0.3,0.0
133,Gen_1031,尖山#1,-,gas,7.99,fallback:gas,0.6586421052631579,1400.6842105263156,269033.8736842105
134,Gen_1032,尖山#2,-,gas,7.99,fallback:gas,0.6586421052631579,1400.6842105263156,269033.8736842105
135,Gen_1033,尖山#3,-,gas,7.99,fallback:gas,0.6586421052631579,1400.6842105263156,269033.8736842105
136,Gen_1034,尖山#4,-,gas,7.99,fallback:gas,0.6586421052631579,1400.6842105263156,269033.8736842105
137,Gen_1035,尖山#5,-,gas,9.87,fallback:gas,0.6586421052631579,1400.6842105263156,269033.8736842105
138,Gen_1036,尖山#6,-,gas,9.87,fallback:gas,0.6586421052631579,1400.6842105263156,269033.8736842105
139,Gen_1037,尖山#7,-,gas,9.87,fallback:gas,0.6586421052631579,1400.6842105263156,269033.8736842105
140,Gen_1038,尖山#8,-,gas,9.87,fallback:gas,0.6586421052631579,1400.6842105263156,269033.8736842105
141,Gen_1039,尖山#9,-,gas,9.87,fallback:gas,0.6586421052631579,1400.6842105263156,269033.8736842105
142,Gen_1040,尖山#10,-,gas,9.87,fallback:gas,0.6586421052631579,1400.6842105263156,269033.8736842105
143,Gen_1041,尖山#11,-,gas,9.87,fallback:gas,0.6586421052631579,1400.6842105263156,269033.8736842105
144,Gen_1042,尖山#12,-,gas,9.87,fallback:gas,0.6586421052631579,1400.6842105263156,269033.8736842105
145,Gen_1060,興達新G1-1,興達,gas,456.5,bus:興達,0.0552,1918.3680000000002,147900.72
146,Gen_1061,興達新G1-2,興達,gas,456.5,bus:興達,0.0552,1918.3680000000002,147900.72
147,Gen_1062,興達新ST1,興達,gas,456.5,bus:興達,0.0552,1918.3680000000002,147900.72
148,Gen_1063,興達新G2-1,興達,gas,456.5,bus:興達,0.0552,1918.3680000000002,147900.72
149,Gen_1064,興達新G2-2,興達,gas,456.5,bus:興達,0.0552,1918.3680000000002,147900.72
150,Gen_1065,興達新ST2,興達,gas,456.5,bus:興達,0.0552,1918.3680000000002,147900.72
151,Gen_1066,興達新G3-1,興達,gas,456.5,bus:興達,0.0552,1918.3680000000002,147900.72
152,Gen_1067,興達新G3-2,興達,gas,456.5,bus:興達,0.0552,1918.3680000000002,147900.72
153,Gen_1077,興達G1-1,興達,gas,92.8,bus:興達,0.0552,1918.3680000000002,147900.72
154,Gen_1078,興達G1-23,興達,gas,92.8,bus:興達,0.0552,1918.3680000000002,147900.72
155,Gen_1078,興達G1-23,興達,gas,92.8,bus:興達,0.0552,1918.3680000000002,147900.72
156,Gen_1079,興達ST1,興達,gas,158.7,bus:興達,0.0552,1918.3680000000002,147900.72
157,Gen_1081,興達#1,興達,gas,472.9,bus:興達,0.0552,1918.3680000000002,147900.72
158,Gen_1082,興達#2,興達,gas,472.9,bus:興達,0.0552,1918.3680000000002,147900.72
159,Gen_1083,興達#3,興達,gas,537.1,bus:興達,0.0552,1918.3680000000002,147900.72
160,Gen_1084,興達#4,興達,gas,537.1,bus:興達,0.0552,1918.3680000000002,147900.72
161,Gen_1087,興達G2-1,興達,gas,92.8,bus:興達,0.0552,1918.3680000000002,147900.72
162,Gen_1088,興達G2-23,興達,gas,92.8,bus:興達,0.0552,1918.3680000000002,147900.72
163,Gen_1088,興達G2-23,興達,gas,92.8,bus:興達,0.0552,1918.3680000000002,147900.72
164,Gen_1089,興達ST2,興達,gas,158.7,bus:興達,0.0552,1918.3680000000002,147900.72
165,Gen_1091,興達G3-1,興達,gas,92.8,bus:興達,0.0552,1918.3680000000002,147900.72
166,Gen_1092,興達G3-23,興達,gas,92.8,bus:興達,0.0552,1918.3680000000002,147900.72
167,Gen_1092,興達G3-23,興達,gas,92.8,bus:興達,0.0552,1918.3680000000002,147900.72
168,Gen_1093,興達ST3,興達,gas,158.7,bus:興達,0.0552,1918.3680000000002,147900.72
169,Gen_1094,興達G4-1,興達,gas,92.8,bus:興達,0.0552,1918.3680000000002,147900.72
170,Gen_1095,興達G4-23,興達,gas,92.8,bus:興達,0.0552,1918.3680000000002,147900.72
171,Gen_1095,興達G4-23,興達,gas,92.8,bus:興達,0.0552,1918.3680000000002,147900.72
172,Gen_1096,興達ST4,興達,gas,158.7,bus:興達,0.0552,1918.3680000000002,147900.72
173,Gen_1097,興達G5-1,興達,gas,92.8,bus:興達,0.0552,1918.3680000000002,147900.72
174,Gen_1098,興達G5-23,興達,gas,92.8,bus:興達,0.0552,1918.3680000000002,147900.72
175,Gen_1098,興達G5-23,興達,gas,92.8,bus:興達,0.0552,1918.3680000000002,147900.72
176,Gen_1099,興達ST5,興達,gas,158.7,bus:興達,0.0552,1918.3680000000002,147900.72
177,Gen_1101,大林新#1,大林,coal,752.0,bus:大林,0.05316666666666667,1050.8483333333334,91078.16666666667
178,Gen_1102,大林新#2,大林,coal,752.0,bus:大林,0.05316666666666667,1050.8483333333334,91078.16666666667
179,Gen_1105,大林#5,大林,coal,483.0,bus:大林,0.05316666666666667,1050.8483333333334,91078.16666666667
180,Gen_1106,大林#6,大林,coal,536.0,bus:大林,0.05316666666666667,1050.8483333333334,91078.16666666667
181,Gen_1201,南火G1-1,南火,oil,94.2,bus:南火,0.27,3659.8500000000004,188541.9
182,Gen_1202,南火G1-2,南火,oil,94.2,bus:南火,0.27,3659.8500000000004,188541.9
183,Gen_1203,南火ST1,南火,oil,109.0,bus:南火,0.27,3659.8500000000004,188541.9
184,Gen_1204,南火G2-1,南火,oil,94.2,bus:南火,0.27,3659.8500000000004,188541.9
185,Gen_1205,南火G2-2,南火,oil,94.2,bus:南火,0.27,3659.8500000000004,188541.9
186,Gen_1206,南火ST2,南火,oil,109.0,bus:南火,0.27,3659.8500000000004,188541.9
187,Gen_1211,南火G3-1,南火,oil,86.5,bus:南火,0.27,3659.8500000000004,188541.9
188,Gen_1212,南火G3-2,南火,oil,86.5,bus:南火,0.27,3659.8500000000004,188541.9
189,Gen_1213,南火ST3,南火,oil,100.0,bus:南火,0.27,3659.8500000000004,188541.9
190,Gen_1214,南火G4,南火,oil,248.0,bus:南火,0.27,3659.8500000000004,188541.9
191,Gen_1401,龍澗G,-,gas,97.2,fallback:gas,0.6586421052631579,1400.6842105263156,269033.8736842105
192,Gen_8615,煉油C,-,gas,100.0,fallback:gas,0.6586421052631579,1400.6842105263156,269033.8736842105
193,Gen_9101,海湖G1-1,-,gas,140.0,fallback:gas,0.6586421052631579,1400.6842105263156,269033.8736842105
194,Gen_9102,海湖G1-2,-,gas,140.0,fallback:gas,0.6586421052631579,1400.6842105263156,269033.8736842105
195,Gen_9103,海湖ST1,-,gas,161.0,fallback:gas,0.6586421052631579,1400.6842105263156,269033.8736842105
196,Gen_9104,海湖G2-1,-,gas,140.0,fallback:gas,0.6586421052631579,1400.6842105263156,269033.8736842105
197,Gen_9105,海湖G2-2,-,gas,140.0,fallback:gas,0.6586421052631579,1400.6842105263156,269033.8736842105
198,Gen_9106,海湖ST2,-,gas,161.0,fallback:gas,0.6586421052631579,1400.6842105263156,269033.8736842105
199,Gen_9111,新桃G1-1,-,gas,169.1,fallback:gas,0.6586421052631579,1400.6842105263156,269033.8736842105
200,Gen_9112,新桃G1-2,-,gas,150.0,fallback:gas,0.6586421052631579,1400.6842105263156,269033.8736842105
201,Gen_9113,新桃G1-3,-,gas,150.0,fallback:gas,0.6586421052631579,1400.6842105263156,269033.8736842105
202,Gen_9114,新桃ST1,-,gas,156.3,fallback:gas,0.6586421052631579,1400.6842105263156,269033.8736842105
203,Gen_9121,和平#1,-,gas,597.6,fallback:gas,0.6586421052631579,1400.6842105263156,269033.8736842105
204,Gen_9122,和平#2,-,gas,597.6,fallback:gas,0.6586421052631579,1400.6842105263156,269033.8736842105
205,Gen_9161,國光G1-1,-,gas,155.0,fallback:gas,0.6586421052631579,1400.6842105263156,269033.8736842105
206,Gen_9162,國光G1-2,-,gas,155.0,fallback:gas,0.6586421052631579,1400.6842105263156,269033.8736842105
207,Gen_9163,國光ST1,-,gas,160.0,fallback:gas,0.6586421052631579,1400.6842105263156,269033.8736842105
208,Gen_9231,星元G1-1,-,gas,154.0,fallback:gas,0.6586421052631579,1400.6842105263156,269033.8736842105
209,Gen_9232,星元G1-2,-,gas,154.0,fallback:gas,0.6586421052631579,1400.6842105263156,269033.8736842105
210,Gen_9233,星元ST1,-,gas,172.0,fallback:gas,0.6586421052631579,1400.6842105263156,269033.8736842105
211,Gen_9241,星彰G1-1,-,gas,156.5,fallback:gas,0.6586421052631579,1400.6842105263156,269033.8736842105
212,Gen_9242,星彰G1-2,-,gas,156.5,fallback:gas,0.6586421052631579,1400.6842105263156,269033.8736842105
213,Gen_9243,星彰ST1,-,gas,183.0,fallback:gas,0.6586421052631579,1400.6842105263156,269033.8736842105
214,Gen_9301,麥寮#1,-,gas,552.0,fallback:gas,0.6586421052631579,1400.6842105263156,269033.8736842105
215,Gen_9302,麥寮#2,-,gas,552.0,fallback:gas,0.6586421052631579,1400.6842105263156,269033.8736842105
216,Gen_9303,麥寮#3,-,gas,552.0,fallback:gas,0.6586421052631579,1400.6842105263156,269033.8736842105
217,Gen_9321,嘉惠G1-1,-,gas,150.0,fallback:gas,0.6586421052631579,1400.6842105263156,269033.8736842105
218,Gen_9322,嘉惠G1-2,-,gas,150.0,fallback:gas,0.6586421052631579,1400.6842105263156,269033.8736842105
219,Gen_9323,嘉惠G1-3,-,gas,150.0,fallback:gas,0.6586421052631579,1400.6842105263156,269033.8736842105
220,Gen_9324,嘉惠ST1,-,gas,236.0,fallback:gas,0.6586421052631579,1400.6842105263156,269033.8736842105
221,Gen_9331,嘉惠GT2-1,-,gas,372.3,fallback:gas,0.6586421052631579,1400.6842105263156,269033.8736842105
222,Gen_9332,嘉惠ST2,-,gas,191.25,fallback:gas,0.6586421052631579,1400.6842105263156,269033.8736842105
223,Gen_9341,豐德G1-1,-,gas,156.2,fallback:gas,0.6586421052631579,1400.6842105263156,269033.8736842105
224,Gen_9342,豐德G1-2,-,gas,156.2,fallback:gas,0.6586421052631579,1400.6842105263156,269033.8736842105
225,Gen_9343,豐德ST1,-,gas,182.6,fallback:gas,0.6586421052631579,1400.6842105263156,269033.8736842105
226,Gen_9344,豐德G2-1,-,gas,156.2,fallback:gas,0.6586421052631579,1400.6842105263156,269033.8736842105
227,Gen_9345,豐德G2-2,-,gas,156.2,fallback:gas,0.6586421052631579,1400.6842105263156,269033.8736842105
228,Gen_9346,豐德ST2,-,gas,182.6,fallback:gas,0.6586421052631579,1400.6842105263156,269033.8736842105
229,Gen_9351,豐德GT3-1,-,gas,369.4,fallback:gas,0.6586421052631579,1400.6842105263156,269033.8736842105
230,Gen_9352,豐德GT3-2,-,gas,369.4,fallback:gas,0.6586421052631579,1400.6842105263156,269033.8736842105
231,Gen_9353,豐德ST3,-,gas,364.0,fallback:gas,0.6586421052631579,1400.6842105263156,269033.8736842105
232,Gen_9502,台龍LT2,-,gas,150.0,fallback:gas,0.6586421052631579,1400.6842105263156,269033.8736842105
233,Gen_9503,台龍SGP,-,gas,25.253,fallback:gas,0.6586421052631579,1400.6842105263156,269033.8736842105
234,Gen_9504,台龍LT3,-,gas,150.25,fallback:gas,0.6586421052631579,1400.6842105263156,269033.8736842105
235,Gen_9506,利焚G,-,gas,16.2,fallback:gas,0.6586421052631579,1400.6842105263156,269033.8736842105
236,Gen_9611,南亞G,-,gas,100.0,fallback:gas,0.6586421052631579,1400.6842105263156,269033.8736842105
237,Gen_9614,華亞G,-,gas,100.0,fallback:gas,0.6586421052631579,1400.6842105263156,269033.8736842105
238,Gen_9614,華亞G,-,gas,100.0,fallback:gas,0.6586421052631579,1400.6842105263156,269033.8736842105
239,Gen_9616,錦興G1,-,gas,56.7,fallback:gas,0.6586421052631579,1400.6842105263156,269033.8736842105
240,Gen_9617,錦興G2,-,gas,57.25,fallback:gas,0.6586421052631579,1400.6842105263156,269033.8736842105
241,Gen_9722,中龍TG1,中龍,cogen,80.0,bus:中龍,0.4939815789473684,1050.5131578947367,201775.4052631579
242,Gen_9723,中龍TG2,中龍,cogen,80.0,bus:中龍,0.4939815789473684,1050.5131578947367,201775.4052631579
243,Gen_9724,中龍TRT1,中龍,cogen,14.0,bus:中龍,0.4939815789473684,1050.5131578947367,201775.4052631579
244,Gen_9725,中龍TRT2,中龍,cogen,14.0,bus:中龍,0.4939815789473684,1050.5131578947367,201775.4052631579
245,Gen_9726,中龍CDQ1,中龍,cogen,25.73,bus:中龍,0.4939815789473684,1050.5131578947367,201775.4052631579
246,Gen_9727,中龍CDQ2,中龍,cogen,25.73,bus:中龍,0.4939815789473684,1050.5131578947367,201775.4052631579
247,Gen_9729,中龍TG3,中龍,cogen,80.0,bus:中龍,0.4939815789473684,1050.5131578947367,201775.4052631579
248,Gen_9731,中龍TG4,中龍,cogen,80.0,bus:中龍,0.4939815789473684,1050.5131578947367,201775.4052631579
249,Gen_9741,台化G6,-,gas,57.0,fallback:gas,0.6586421052631579,1400.6842105263156,269033.8736842105
250,Gen_9742,台化G7,-,gas,101.6,fallback:gas,0.6586421052631579,1400.6842105263156,269033.8736842105
251,Gen_9743,台化G8,-,gas,120.0,fallback:gas,0.6586421052631579,1400.6842105263156,269033.8736842105
252,Gen_9763,塑化G-A,-,gas,600.0,fallback:gas,0.6586421052631579,1400.6842105263156,269033.8736842105
253,Gen_9764,塑化G-B,-,gas,600.0,fallback:gas,0.6586421052631579,1400.6842105263156,269033.8736842105
254,Gen_9765,塑化G-C,-,gas,600.0,fallback:gas,0.6586421052631579,1400.6842105263156,269033.8736842105
255,Gen_9774,海豐G4,-,gas,52.25,fallback:gas,0.6586421052631579,1400.6842105263156,269033.8736842105
256,Gen_9775,海豐G5,-,gas,52.25,fallback:gas,0.6586421052631579,1400.6842105263156,269033.8736842105
257,Gen_9776,海豐G1,-,gas,85.0,fallback:gas,0.6586421052631579,1400.6842105263156,269033.8736842105
258,Gen_9777,海豐G2,-,gas,85.0,fallback:gas,0.6586421052631579,1400.6842105263156,269033.8736842105
259,Gen_9778,海豐G3,-,gas,85.0,fallback:gas,0.6586421052631579,1400.6842105263156,269033.8736842105
260,Gen_9783,塑化G1,-,gas,96.4,fallback:gas,0.6586421052631579,1400.6842105263156,269033.8736842105
261,Gen_9784,塑化G2,-,gas,33.64,fallback:gas,0.6586421052631579,1400.6842105263156,269033.8736842105
262,Gen_9785,塑化G3,-,gas,69.64,fallback:gas,0.6586421052631579,1400.6842105263156,269033.8736842105
263,Gen_9786,塑化G4,-,gas,33.64,fallback:gas,0.6586421052631579,1400.6842105263156,269033.8736842105
264,Gen_9787,塑化G5,-,gas,69.64,fallback:gas,0.6586421052631579,1400.6842105263156,269033.8736842105
265,Gen_9789,煉油G1,-,gas,148.27,fallback:gas,0.6586421052631579,1400.6842105263156,269033.8736842105
266,Gen_9790,煉油G2,-,gas,148.27,fallback:gas,0.6586421052631579,1400.6842105263156,269033.8736842105
267,Gen_9802,台嘉G1,-,gas,100.0,fallback:gas,0.6586421052631579,1400.6842105263156,269033.8736842105
268,Gen_9803,台嘉G2,-,gas,100.0,fallback:gas,0.6586421052631579,1400.6842105263156,269033.8736842105
269,Gen_9804,台嘉G3,-,gas,100.0,fallback:gas,0.6586421052631579,1400.6842105263156,269033.8736842105
270,Gen_9805,台嘉G4,-,gas,100.0,fallback:gas,0.6586421052631579,1400.6842105263156,269033.8736842105
271,Gen_9822,奇美實G,-,gas,37.5,fallback:gas,0.6586421052631579,1400.6842105263156,269033.8736842105
272,Gen_9822,奇美實G,-,gas,37.5,fallback:gas,0.6586421052631579,1400.6842105263156,269033.8736842105
273,Gen_9824,永康焚G1,-,gas,27.2,fallback:gas,0.6586421052631579,1400.6842105263156,269033.8736842105
274,Gen_9865,塑仁TG1,-,gas,49.9,fallback:gas,0.6586421052631579,1400.6842105263156,269033.8736842105
275,Gen_9867,塑DG1-3,-,gas,100.0,fallback:gas,0.6586421052631579,1400.6842105263156,269033.8736842105
276,Gen_9868,塑DG4-7,-,gas,100.0,fallback:gas,0.6586421052631579,1400.6842105263156,269033.8736842105
277,Gen_9869,塑仁TG4,-,gas,100.0,fallback:gas,0.6586421052631579,1400.6842105263156,269033.8736842105
278,Gen_9870,塑仁TG5,-,gas,100.0,fallback:gas,0.6586421052631579,1400.6842105263156,269033.8736842105
279,Gen_9871,塑仁TG3,-,gas,100.0,fallback:gas,0.6586421052631579,1400.6842105263156,269033.8736842105
280,Gen_9901,塑園G,-,gas,100.0,fallback:gas,0.6586421052631579,1400.6842105263156,269033.8736842105
281,Gen_9903,中園G,-,gas,100.0,fallback:gas,0.6586421052631579,1400.6842105263156,269033.8736842105
282,Gen_9905,坪資G,-,gas,100.0,fallback:gas,0.6586421052631579,1400.6842105263156,269033.8736842105
283,Gen_9907,油高G,-,gas,100.0,fallback:gas,0.6586421052631579,1400.6842105263156,269033.8736842105
284,Gen_9916,鋼一TG1,-,gas,100.0,fallback:gas,0.6586421052631579,1400.6842105263156,269033.8736842105
285,Gen_9917,鋼一TRT2,-,gas,100.0,fallback:gas,0.6586421052631579,1400.6842105263156,269033.8736842105
286,Gen_9918,鋼一TG2,-,gas,100.0,fallback:gas,0.6586421052631579,1400.6842105263156,269033.8736842105
287,Gen_9919,鋼一TG3,-,gas,100.0,fallback:gas,0.6586421052631579,1400.6842105263156,269033.8736842105
288,Gen_9920,鋼一TRT3,-,gas,100.0,fallback:gas,0.6586421052631579,1400.6842105263156,269033.8736842105
289,Gen_9921,鋼一TG5,-,gas,100.0,fallback:gas,0.6586421052631579,1400.6842105263156,269033.8736842105
290,Gen_9926,鋼二TG7,-,gas,100.0,fallback:gas,0.6586421052631579,1400.6842105263156,269033.8736842105
291,Gen_9927,鋼二TG4,-,gas,100.0,fallback:gas,0.6586421052631579,1400.6842105263156,269033.8736842105
292,Gen_9928,鋼二TRT1,-,gas,100.0,fallback:gas,0.6586421052631579,1400.6842105263156,269033.8736842105
293,Gen_9929,鋼二TG6,-,gas,100.0,fallback:gas,0.6586421052631579,1400.6842105263156,269033.8736842105
294,Gen_9930,鋼二CDQ,-,gas,100.0,fallback:gas,0.6586421052631579,1400.6842105263156,269033.8736842105
295,Gen_9931,鋼二TRT4,-,gas,100.0,fallback:gas,0.6586421052631579,1400.6842105263156,269033.8736842105
296,Gen_9935,鋼三TG8,-,gas,100.0,fallback:gas,0.6586421052631579,1400.6842105263156,269033.8736842105
297,Gen_10513,中火風D,台中,coal,2.0,bus:台中,0.23100000000000004,1015.1569999999999,92922.5
298,Gen_10652,通霄甲風L,通霄,gas,7.8,bus:通霄,0.6,1101.42,371949.0
299,Gen_13142,八堵風L,-,gas,2.68,fallback:gas,0.6586421052631579,1400.6842105263156,269033.8736842105
300,Gen_13352,觀音風#2L,-,gas,30.0,fallback:gas,0.6586421052631579,1400.6842105263156,269033.8736842105
301,Gen_13372,梅湖風#1L,-,gas,75.9,fallback:gas,0.6586421052631579,1400.6842105263156,269033.8736842105
302,Gen_13422,南湖風L,-,gas,39.1,fallback:gas,0.6586421052631579,1400.6842105263156,269033.8736842105
303,Gen_13532,中清風L,-,gas,9.2,fallback:gas,0.6586421052631579,1400.6842105263156,269033.8736842105
304,Gen_13694,馬公風L,-,gas,2.4,fallback:gas,0.6586421052631579,1400.6842105263156,269033.8736842105
305,Gen_13702,北港風L,-,gas,48.3,fallback:gas,0.6586421052631579,1400.6842105263156,269033.8736842105
306,Gen_13923,墾丁風D,-,gas,4.5,fallback:gas,0.6586421052631579,1400.6842105263156,269033.8736842105
307,Gen_15024,山佳風D,-,gas,6.9,fallback:gas,0.6586421052631579,1400.6842105263156,269033.8736842105
308,Gen_20233,林口光D2,林口,coal,1.69,bus:林口,-0.6416666666666666,1679.736666666667,39730.533333333326
309,Gen_20513,中火光D1,台中,coal,22.068,bus:台中,0.23100000000000004,1015.1569999999999,92922.5
310,Gen_20652,通霄甲光L,通霄,gas,79.116,bus:通霄,0.6,1101.42,371949.0
311,Gen_20805,天輪光D,天輪,hydro,1.135,bus:天輪,0.0,0.0,0.0
312,Gen_20822,谷關光D,谷關,hydro,0.017,bus:谷關,0.0,0.0,0.0
313,Gen_20853,鉅工光D,-,gas,12.493,fallback:gas,0.6586421052631579,1400.6842105263156,269033.8736842105
314,Gen_20872,萬大光L,萬大,hydro,0.755,bus:萬大,0.0,0.0,0.0
315,Gen_21085,興達光D,興達,gas,15.532,bus:興達,0.0552,1918.3680000000002,147900.72
316,Gen_21123,大林丙光D,大林,coal,14.952,bus:大林,0.05316666666666667,1050.8483333333334,91078.16666666667
317,Gen_21583,仙渡光D1,-,gas,2.292,fallback:gas,0.6586421052631579,1400.6842105263156,269033.8736842105
318,Gen_21593,仙渡光D2,-,gas,2.292,fallback:gas,0.6586421052631579,1400.6842105263156,269033.8736842105
319,Gen_21663,深美光D2,-,gas,3.286,fallback:gas,0.6586421052631579,1400.6842105263156,269033.8736842105
320,Gen_21752,頂湖光L,-,gas,20.678,fallback:gas,0.6586421052631579,1400.6842105263156,269033.8736842105
321,Gen_22003,峨眉光D,-,gas,16.094,fallback:gas,0.6586421052631579,1400.6842105263156,269033.8736842105
322,Gen_22133,后里東光D,-,gas,12.39,fallback:gas,0.6586421052631579,1400.6842105263156,269033.8736842105
323,Gen_22143,后里西光D,-,gas,12.39,fallback:gas,0.6586421052631579,1400.6842105263156,269033.8736842105
324,Gen_22162,中港光L,-,gas,114.59,fallback:gas,0.6586421052631579,1400.6842105263156,269033.8736842105
325,Gen_22173,中科光D1,-,gas,2.961,fallback:gas,0.6586421052631579,1400.6842105263156,269033.8736842105
326,Gen_22183,中科光D2,-,gas,2.961,fallback:gas,0.6586421052631579,1400.6842105263156,269033.8736842105
327,Gen_22202,霧峰光L,-,gas,57.216,fallback:gas,0.6586421052631579,1400.6842105263156,269033.8736842105
328,Gen_22303,彰濱光D,-,gas,40.452,fallback:gas,0.6586421052631579,1400.6842105263156,269033.8736842105
329,Gen_22322,彰林光L1,-,gas,367.935,fallback:gas,0.6586421052631579,1400.6842105263156,269033.8736842105
330,Gen_22332,彰林光L2,-,gas,100.0,fallback:gas,0.6586421052631579,1400.6842105263156,269033.8736842105
331,Gen_22353,全興光D,-,gas,27.898,fallback:gas,0.6586421052631579,1400.6842105263156,269033.8736842105
332,Gen_22402,南投光L,-,gas,163.353,fallback:gas,0.6586421052631579,1400.6842105263156,269033.8736842105
333,Gen_22603,南科東光D,-,gas,23.53,fallback:gas,0.6586421052631579,1400.6842105263156,269033.8736842105
334,Gen_22613,南科西光D,-,gas,23.53,fallback:gas,0.6586421052631579,1400.6842105263156,269033.8736842105
335,Gen_22672,路北光L,-,gas,93.489,fallback:gas,0.6586421052631579,1400.6842105263156,269033.8736842105
336,Gen_22753,仁武光D1,-,gas,7.956,fallback:gas,0.6586421052631579,1400.6842105263156,269033.8736842105
337,Gen_22763,仁武光D2,-,gas,7.956,fallback:gas,0.6586421052631579,1400.6842105263156,269033.8736842105
338,Gen_22802,高雄光L1,-,gas,17.941,fallback:gas,0.6586421052631579,1400.6842105263156,269033.8736842105
339,Gen_22812,高雄光L2,-,gas,17.941,fallback:gas,0.6586421052631579,1400.6842105263156,269033.8736842105
340,Gen_22862,五甲光L2,-,gas,33.122,fallback:gas,0.6586421052631579,1400.6842105263156,269033.8736842105
341,Gen_22902,高港甲光L,-,gas,50.394,fallback:gas,0.6586421052631579,1400.6842105263156,269033.8736842105
342,Gen_22932,瀰力光L1,-,gas,207.726,fallback:gas,0.6586421052631579,1400.6842105263156,269033.8736842105
343,Gen_22952,大鵬光L1,-,gas,202.384,fallback:gas,0.6586421052631579,1400.6842105263156,269033.8736842105
344,Gen_23002,鳳林光L,-,gas,14.219,fallback:gas,0.6586421052631579,1400.6842105263156,269033.8736842105
345,Gen_23102,羅東光L,-,gas,69.47,fallback:gas,0.6586421052631579,1400.6842105263156,269033.8736842105
346,Gen_23122,松山光L,-,gas,1.65,fallback:gas,0.6586421052631579,1400.6842105263156,269033.8736842105
347,Gen_23132,南港光L,-,gas,10.11,fallback:gas,0.6586421052631579,1400.6842105263156,269033.8736842105
348,Gen_23142,八堵光L,-,gas,32.688,fallback:gas,0.6586421052631579,1400.6842105263156,269033.8736842105
349,Gen_23162,陽明光L,-,gas,18.883,fallback:gas,0.6586421052631579,1400.6842105263156,269033.8736842105
350,Gen_23182,板橋光L,-,gas,5.779,fallback:gas,0.6586421052631579,1400.6842105263156,269033.8736842105
351,Gen_23222,台北光L,-,gas,20.4,fallback:gas,0.6586421052631579,1400.6842105263156,269033.8736842105
352,Gen_23232,大同光L,-,gas,0.569,fallback:gas,0.6586421052631579,1400.6842105263156,269033.8736842105
353,Gen_23242,蘆洲光L,-,gas,11.352,fallback:gas,0.6586421052631579,1400.6842105263156,269033.8736842105
354,Gen_23282,東林光L,-,gas,18.478,fallback:gas,0.6586421052631579,1400.6842105263156,269033.8736842105
355,Gen_23292,蘆竹光L,-,gas,14.007,fallback:gas,0.6586421052631579,1400.6842105263156,269033.8736842105
356,Gen_23302,樹德光L,-,gas,9.646,fallback:gas,0.6586421052631579,1400.6842105263156,269033.8736842105
357,Gen_23322,中壢光L,-,gas,61.919,fallback:gas,0.6586421052631579,1400.6842105263156,269033.8736842105
358,Gen_23342,觀音光#1L,-,gas,41.361,fallback:gas,0.6586421052631579,1400.6842105263156,269033.8736842105
359,Gen_23352,觀音光#2L,-,gas,41.361,fallback:gas,0.6586421052631579,1400.6842105263156,269033.8736842105
360,Gen_23362,松樹光#1L,-,gas,36.601,fallback:gas,0.6586421052631579,1400.6842105263156,269033.8736842105
361,Gen_23364,松樹光#2L,-,gas,36.601,fallback:gas,0.6586421052631579,1400.6842105263156,269033.8736842105
362,Gen_23372,梅湖光#1L,-,gas,60.69,fallback:gas,0.6586421052631579,1400.6842105263156,269033.8736842105
363,Gen_23374,梅湖光#2L,-,gas,60.69,fallback:gas,0.6586421052631579,1400.6842105263156,269033.8736842105
364,Gen_23392,新竹光#1L,-,gas,18.982,fallback:gas,0.6586421052631579,1400.6842105263156,269033.8736842105
365,Gen_23394,新竹光#2L,-,gas,18.982,fallback:gas,0.6586421052631579,1400.6842105263156,269033.8736842105
366,Gen_23412,苗栗光L,-,gas,113.2,fallback:gas,0.6586421052631579,1400.6842105263156,269033.8736842105
367,Gen_23422,南湖光L,-,gas,61.993,fallback:gas,0.6586421052631579,1400.6842105263156,269033.8736842105
368,Gen_23442,龍秀光L,-,gas,1.154,fallback:gas,0.6586421052631579,1400.6842105263156,269033.8736842105
369,Gen_23452,翁子光L,-,gas,48.051,fallback:gas,0.6586421052631579,1400.6842105263156,269033.8736842105
370,Gen_23462,銅中光L,-,gas,47.834,fallback:gas,0.6586421052631579,1400.6842105263156,269033.8736842105
371,Gen_23472,頭份光L,-,gas,16.088,fallback:gas,0.6586421052631579,1400.6842105263156,269033.8736842105
372,Gen_23482,埔里光L,-,gas,87.243,fallback:gas,0.6586421052631579,1400.6842105263156,269033.8736842105
373,Gen_23522,中市光L,-,gas,25.994,fallback:gas,0.6586421052631579,1400.6842105263156,269033.8736842105
374,Gen_23532,中清光L,-,gas,79.352,fallback:gas,0.6586421052631579,1400.6842105263156,269033.8736842105
375,Gen_23552,彰化光L,-,gas,145.519,fallback:gas,0.6586421052631579,1400.6842105263156,269033.8736842105
376,Gen_23662,雲林光L,-,gas,651.194,fallback:gas,0.6586421052631579,1400.6842105263156,269033.8736842105
377,Gen_23672,嘉義光L,-,gas,314.746,fallback:gas,0.6586421052631579,1400.6842105263156,269033.8736842105
378,Gen_23682,新營光L,-,gas,1251.946,fallback:gas,0.6586421052631579,1400.6842105263156,269033.8736842105
379,Gen_23694,馬公光L,-,gas,63.219,fallback:gas,0.6586421052631579,1400.6842105263156,269033.8736842105
380,Gen_23702,北港光L,-,gas,906.472,fallback:gas,0.6586421052631579,1400.6842105263156,269033.8736842105
381,Gen_23722,山上光L,-,gas,149.068,fallback:gas,0.6586421052631579,1400.6842105263156,269033.8736842105
382,Gen_23732,安南光L,-,gas,48.879,fallback:gas,0.6586421052631579,1400.6842105263156,269033.8736842105
383,Gen_23762,台南光L,-,gas,82.928,fallback:gas,0.6586421052631579,1400.6842105263156,269033.8736842105
384,Gen_23792,岡山光L,-,gas,238.039,fallback:gas,0.6586421052631579,1400.6842105263156,269033.8736842105
385,Gen_23812,社武光L,-,gas,28.749,fallback:gas,0.6586421052631579,1400.6842105263156,269033.8736842105
386,Gen_23882,林園光L,-,gas,25.907,fallback:gas,0.6586421052631579,1400.6842105263156,269033.8736842105
387,Gen_23892,南工乙光L,-,gas,79.664,fallback:gas,0.6586421052631579,1400.6842105263156,269033.8736842105
388,Gen_23922,墾丁光L,-,gas,81.562,fallback:gas,0.6586421052631579,1400.6842105263156,269033.8736842105
389,Gen_23932,屏東光L,-,gas,254.995,fallback:gas,0.6586421052631579,1400.6842105263156,269033.8736842105
390,Gen_23942,楓港光L,-,gas,17.947,fallback:gas,0.6586421052631579,1400.6842105263156,269033.8736842105
391,Gen_23952,花蓮光L,-,gas,95.377,fallback:gas,0.6586421052631579,1400.6842105263156,269033.8736842105
392,Gen_23972,台東光L,-,gas,41.383,fallback:gas,0.6586421052631579,1400.6842105263156,269033.8736842105
393,Gen_24002,和仁光D,-,gas,2.91,fallback:gas,0.6586421052631579,1400.6842105263156,269033.8736842105
394,Gen_24012,利澤光D,-,gas,81.798,fallback:gas,0.6586421052631579,1400.6842105263156,269033.8736842105
395,Gen_24026,員山光D,-,gas,12.907,fallback:gas,0.6586421052631579,1400.6842105263156,269033.8736842105
396,Gen_24028,宜市光D,-,gas,7.163,fallback:gas,0.6586421052631579,1400.6842105263156,269033.8736842105
397,Gen_24030,宜府光D,-,gas,12.959,fallback:gas,0.6586421052631579,1400.6842105263156,269033.8736842105
398,Gen_24048,廣安光D,-,gas,24.19,fallback:gas,0.6586421052631579,1400.6842105263156,269033.8736842105
399,Gen_24108,西湖光D,-,gas,1.237,fallback:gas,0.6586421052631579,1400.6842105263156,269033.8736842105
400,Gen_24110,民權光D,-,gas,4.754,fallback:gas,0.6586421052631579,1400.6842105263156,269033.8736842105
401,Gen_24112,八連光D,-,gas,1.908,fallback:gas,0.6586421052631579,1400.6842105263156,269033.8736842105
402,Gen_24114,北資光D,-,gas,1.918,fallback:gas,0.6586421052631579,1400.6842105263156,269033.8736842105
403,Gen_24116,茄苳光D,-,gas,2.533,fallback:gas,0.6586421052631579,1400.6842105263156,269033.8736842105
404,Gen_24118,坪林光D,-,gas,0.216,fallback:gas,0.6586421052631579,1400.6842105263156,269033.8736842105
405,Gen_24128,澳底光D,-,gas,0.456,fallback:gas,0.6586421052631579,1400.6842105263156,269033.8736842105
406,Gen_24140,光明光D,-,gas,2.358,fallback:gas,0.6586421052631579,1400.6842105263156,269033.8736842105
407,Gen_24144,週美光D,-,gas,4.317,fallback:gas,0.6586421052631579,1400.6842105263156,269033.8736842105
408,Gen_24148,橋東光D,-,gas,1.47,fallback:gas,0.6586421052631579,1400.6842105263156,269033.8736842105
409,Gen_24162,沙崙光D,-,gas,2.878,fallback:gas,0.6586421052631579,1400.6842105263156,269033.8736842105
410,Gen_24204,大直光D,-,gas,1.439,fallback:gas,0.6586421052631579,1400.6842105263156,269033.8736842105
411,Gen_24208,百齡光D,-,gas,1.724,fallback:gas,0.6586421052631579,1400.6842105263156,269033.8736842105
412,Gen_24214,蘭雅光D,-,gas,2.577,fallback:gas,0.6586421052631579,1400.6842105263156,269033.8736842105
413,Gen_24256,民生光D,-,gas,5.625,fallback:gas,0.6586421052631579,1400.6842105263156,269033.8736842105
414,Gen_24258,榮星光D,-,gas,1.515,fallback:gas,0.6586421052631579,1400.6842105263156,269033.8736842105
415,Gen_24260,松江光D,-,gas,1.766,fallback:gas,0.6586421052631579,1400.6842105263156,269033.8736842105
416,Gen_24264,長春光D,-,gas,1.398,fallback:gas,0.6586421052631579,1400.6842105263156,269033.8736842105
417,Gen_24266,敦化光D,-,gas,0.014,fallback:gas,0.6586421052631579,1400.6842105263156,269033.8736842105
418,Gen_24270,基信光D,-,gas,0.62,fallback:gas,0.6586421052631579,1400.6842105263156,269033.8736842105
419,Gen_24276,中崙光D,-,gas,2.013,fallback:gas,0.6586421052631579,1400.6842105263156,269033.8736842105
420,Gen_24302,常德光D,-,gas,1.248,fallback:gas,0.6586421052631579,1400.6842105263156,269033.8736842105
421,Gen_24306,華陰光D,-,gas,1.258,fallback:gas,0.6586421052631579,1400.6842105263156,269033.8736842105
422,Gen_24308,建國光D,-,gas,0.611,fallback:gas,0.6586421052631579,1400.6842105263156,269033.8736842105
423,Gen_24310,虎林光D,-,gas,0.994,fallback:gas,0.6586421052631579,1400.6842105263156,269033.8736842105
424,Gen_24314,福和光D2,-,gas,2.451,fallback:gas,0.6586421052631579,1400.6842105263156,269033.8736842105
425,Gen_24352,中正光D,-,gas,2.888,fallback:gas,0.6586421052631579,1400.6842105263156,269033.8736842105
426,Gen_24354,青年光D,-,gas,2.191,fallback:gas,0.6586421052631579,1400.6842105263156,269033.8736842105
427,Gen_24358,南海光D,-,gas,2.343,fallback:gas,0.6586421052631579,1400.6842105263156,269033.8736842105
428,Gen_24360,成都光D,-,gas,1.463,fallback:gas,0.6586421052631579,1400.6842105263156,269033.8736842105
429,Gen_24362,城中光D,-,gas,0.923,fallback:gas,0.6586421052631579,1400.6842105263156,269033.8736842105
430,Gen_24402,臥龍光D,-,gas,1.145,fallback:gas,0.6586421052631579,1400.6842105263156,269033.8736842105
431,Gen_24404,秀朗光D,-,gas,1.416,fallback:gas,0.6586421052631579,1400.6842105263156,269033.8736842105
432,Gen_24410,三張光D,-,gas,0.334,fallback:gas,0.6586421052631579,1400.6842105263156,269033.8736842105
433,Gen_24412,大豐光D,-,gas,2.682,fallback:gas,0.6586421052631579,1400.6842105263156,269033.8736842105
434,Gen_24426,世貿光D,-,gas,0.753,fallback:gas,0.6586421052631579,1400.6842105263156,269033.8736842105
435,Gen_24438,七張光D,-,gas,1.441,fallback:gas,0.6586421052631579,1400.6842105263156,269033.8736842105
436,Gen_24506,化成光D,-,gas,2.003,fallback:gas,0.6586421052631579,1400.6842105263156,269033.8736842105
437,Gen_24508,二重光D,-,gas,2.451,fallback:gas,0.6586421052631579,1400.6842105263156,269033.8736842105
438,Gen_24514,重新光D,-,gas,2.952,fallback:gas,0.6586421052631579,1400.6842105263156,269033.8736842105
439,Gen_24528,頭前光D,-,gas,1.666,fallback:gas,0.6586421052631579,1400.6842105263156,269033.8736842105
440,Gen_24552,頂埔光D1,-,gas,5.927,fallback:gas,0.6586421052631579,1400.6842105263156,269033.8736842105
441,Gen_24554,頂埔光D2,-,gas,5.927,fallback:gas,0.6586421052631579,1400.6842105263156,269033.8736842105
442,Gen_24558,信南光D,-,gas,4.535,fallback:gas,0.6586421052631579,1400.6842105263156,269033.8736842105
443,Gen_24560,安康光D,-,gas,0.62,fallback:gas,0.6586421052631579,1400.6842105263156,269033.8736842105
444,Gen_24564,柑園光D,-,gas,3.064,fallback:gas,0.6586421052631579,1400.6842105263156,269033.8736842105
445,Gen_24568,新民光D,-,gas,2.823,fallback:gas,0.6586421052631579,1400.6842105263156,269033.8736842105
446,Gen_24574,景星光D,-,gas,1.502,fallback:gas,0.6586421052631579,1400.6842105263156,269033.8736842105
447,Gen_24576,社后光D,-,gas,3.395,fallback:gas,0.6586421052631579,1400.6842105263156,269033.8736842105
448,Gen_24584,隆恩光D,-,gas,3.46,fallback:gas,0.6586421052631579,1400.6842105263156,269033.8736842105
449,Gen_24602,林中光D,-,gas,5.106,fallback:gas,0.6586421052631579,1400.6842105263156,269033.8736842105
450,Gen_24604,坪頂光D,-,gas,10.194,fallback:gas,0.6586421052631579,1400.6842105263156,269033.8736842105
451,Gen_24608,迴龍光D,-,gas,5.51,fallback:gas,0.6586421052631579,1400.6842105263156,269033.8736842105
452,Gen_24612,南崁光D,-,gas,19.081,fallback:gas,0.6586421052631579,1400.6842105263156,269033.8736842105
453,Gen_24614,宏安光D,-,gas,2.028,fallback:gas,0.6586421052631579,1400.6842105263156,269033.8736842105
454,Gen_24618,興珍光D,-,gas,1.852,fallback:gas,0.6586421052631579,1400.6842105263156,269033.8736842105
455,Gen_24626,板城光D,-,gas,2.133,fallback:gas,0.6586421052631579,1400.6842105263156,269033.8736842105
456,Gen_24628,福營光D,-,gas,1.796,fallback:gas,0.6586421052631579,1400.6842105263156,269033.8736842105
457,Gen_24630,樹林光D,-,gas,3.625,fallback:gas,0.6586421052631579,1400.6842105263156,269033.8736842105
458,Gen_24636,樂善光D,-,gas,20.606,fallback:gas,0.6586421052631579,1400.6842105263156,269033.8736842105
459,Gen_24638,泰山光D,-,gas,2.234,fallback:gas,0.6586421052631579,1400.6842105263156,269033.8736842105
460,Gen_24640,長安光D,-,gas,22.143,fallback:gas,0.6586421052631579,1400.6842105263156,269033.8736842105
461,Gen_24650,南興光D,-,gas,5.235,fallback:gas,0.6586421052631579,1400.6842105263156,269033.8736842105
462,Gen_24652,福海光D,-,gas,4.739,fallback:gas,0.6586421052631579,1400.6842105263156,269033.8736842105
463,Gen_24702,中大光D,-,gas,12.922,fallback:gas,0.6586421052631579,1400.6842105263156,269033.8736842105
464,Gen_24704,興國光D,-,gas,13.384,fallback:gas,0.6586421052631579,1400.6842105263156,269033.8736842105
465,Gen_24706,宋屋光D,-,gas,6.825,fallback:gas,0.6586421052631579,1400.6842105263156,269033.8736842105
466,Gen_24710,五權光D,-,gas,25.698,fallback:gas,0.6586421052631579,1400.6842105263156,269033.8736842105
467,Gen_24712,中原光D,-,gas,11.554,fallback:gas,0.6586421052631579,1400.6842105263156,269033.8736842105
468,Gen_24714,自立光D,-,gas,2.518,fallback:gas,0.6586421052631579,1400.6842105263156,269033.8736842105
469,Gen_24716,忠福光D,-,gas,11.566,fallback:gas,0.6586421052631579,1400.6842105263156,269033.8736842105
470,Gen_24752,富岡光D,-,gas,45.285,fallback:gas,0.6586421052631579,1400.6842105263156,269033.8736842105
471,Gen_24754,榮成光D,-,gas,28.331,fallback:gas,0.6586421052631579,1400.6842105263156,269033.8736842105
472,Gen_24756,白玉光D,-,gas,30.014,fallback:gas,0.6586421052631579,1400.6842105263156,269033.8736842105
473,Gen_24758,塘尾光D,-,gas,28.705,fallback:gas,0.6586421052631579,1400.6842105263156,269033.8736842105
474,Gen_24760,保生光D,-,gas,35.4,fallback:gas,0.6586421052631579,1400.6842105263156,269033.8736842105
475,Gen_24764,長發光D,-,gas,37.778,fallback:gas,0.6586421052631579,1400.6842105263156,269033.8736842105
476,Gen_24802,東社光D,-,gas,27.371,fallback:gas,0.6586421052631579,1400.6842105263156,269033.8736842105
477,Gen_24806,聖亭光D,-,gas,18.149,fallback:gas,0.6586421052631579,1400.6842105263156,269033.8736842105
478,Gen_24812,高揚光D,-,gas,10.968,fallback:gas,0.6586421052631579,1400.6842105263156,269033.8736842105
479,Gen_24814,瑞源光D,-,gas,13.819,fallback:gas,0.6586421052631579,1400.6842105263156,269033.8736842105
480,Gen_24816,新工光D,-,gas,14.936,fallback:gas,0.6586421052631579,1400.6842105263156,269033.8736842105
481,Gen_24818,楊梅光D,-,gas,27.872,fallback:gas,0.6586421052631579,1400.6842105263156,269033.8736842105
482,Gen_24820,龍顯光D,-,gas,21.374,fallback:gas,0.6586421052631579,1400.6842105263156,269033.8736842105
483,Gen_24822,湖北光D,-,gas,9.967,fallback:gas,0.6586421052631579,1400.6842105263156,269033.8736842105
484,Gen_24824,中豐光D,-,gas,1.633,fallback:gas,0.6586421052631579,1400.6842105263156,269033.8736842105
485,Gen_24840,新崙光D,-,gas,39.09,fallback:gas,0.6586421052631579,1400.6842105263156,269033.8736842105
486,Gen_24902,青溪光D,-,gas,8.816,fallback:gas,0.6586421052631579,1400.6842105263156,269033.8736842105
487,Gen_24904,介壽光D,-,gas,7.886,fallback:gas,0.6586421052631579,1400.6842105263156,269033.8736842105
488,Gen_24908,武陵光D,-,gas,8.342,fallback:gas,0.6586421052631579,1400.6842105263156,269033.8736842105
489,Gen_24910,桃園光D,-,gas,7.462,fallback:gas,0.6586421052631579,1400.6842105263156,269033.8736842105
490,Gen_24922,鳳鳴光D,-,gas,5.464,fallback:gas,0.6586421052631579,1400.6842105263156,269033.8736842105
491,Gen_24990,公園光D,-,gas,2.638,fallback:gas,0.6586421052631579,1400.6842105263156,269033.8736842105
492,Gen_24992,境福光D,-,gas,1.491,fallback:gas,0.6586421052631579,1400.6842105263156,269033.8736842105
493,Gen_24994,潭後光D,-,gas,3.43,fallback:gas,0.6586421052631579,1400.6842105263156,269033.8736842105
494,Gen_24996,六家光D,-,gas,6.869,fallback:gas,0.6586421052631579,1400.6842105263156,269033.8736842105
495,Gen_25000,隘口光D,-,gas,2.721,fallback:gas,0.6586421052631579,1400.6842105263156,269033.8736842105
496,Gen_25004,龍梅光D,-,gas,1.637,fallback:gas,0.6586421052631579,1400.6842105263156,269033.8736842105
497,Gen_25006,龍山光D,-,gas,4.657,fallback:gas,0.6586421052631579,1400.6842105263156,269033.8736842105
498,Gen_25014,營盤光D,-,gas,7.019,fallback:gas,0.6586421052631579,1400.6842105263156,269033.8736842105
499,Gen_25018,龍松光D,-,gas,2.809,fallback:gas,0.6586421052631579,1400.6842105263156,269033.8736842105
500,Gen_25022,頂園光D,-,gas,4.184,fallback:gas,0.6586421052631579,1400.6842105263156,269033.8736842105
501,Gen_25024,山佳光D,-,gas,7.249,fallback:gas,0.6586421052631579,1400.6842105263156,269033.8736842105
502,Gen_25026,蟠桃光D,-,gas,10.717,fallback:gas,0.6586421052631579,1400.6842105263156,269033.8736842105
503,Gen_25028,房裡光D,-,gas,13.736,fallback:gas,0.6586421052631579,1400.6842105263156,269033.8736842105
504,Gen_25056,朝山光D,-,gas,3.92,fallback:gas,0.6586421052631579,1400.6842105263156,269033.8736842105
505,Gen_25080,糖科光D,-,gas,8.66,fallback:gas,0.6586421052631579,1400.6842105263156,269033.8736842105
506,Gen_25092,龍明光D,-,gas,1.451,fallback:gas,0.6586421052631579,1400.6842105263156,269033.8736842105
507,Gen_25098,樹下光D,-,gas,3.116,fallback:gas,0.6586421052631579,1400.6842105263156,269033.8736842105
508,Gen_25108,樟樹光D,-,gas,4.72,fallback:gas,0.6586421052631579,1400.6842105263156,269033.8736842105
509,Gen_25502,潭南光D,-,gas,10.253,fallback:gas,0.6586421052631579,1400.6842105263156,269033.8736842105
510,Gen_25504,文心光D,-,gas,11.344,fallback:gas,0.6586421052631579,1400.6842105263156,269033.8736842105
511,Gen_25506,豐原光D1,-,gas,11.136,fallback:gas,0.6586421052631579,1400.6842105263156,269033.8736842105
512,Gen_25522,大雅光D,-,gas,17.554,fallback:gas,0.6586421052631579,1400.6842105263156,269033.8736842105
513,Gen_25524,潭寶光D,-,gas,11.962,fallback:gas,0.6586421052631579,1400.6842105263156,269033.8736842105
514,Gen_25526,上城光D,-,gas,3.978,fallback:gas,0.6586421052631579,1400.6842105263156,269033.8736842105
515,Gen_25530,新社光D,-,gas,16.762,fallback:gas,0.6586421052631579,1400.6842105263156,269033.8736842105
516,Gen_25538,昌平光D,-,gas,7.405,fallback:gas,0.6586421052631579,1400.6842105263156,269033.8736842105
517,Gen_25542,豐洲光D,-,gas,14.259,fallback:gas,0.6586421052631579,1400.6842105263156,269033.8736842105
518,Gen_25546,中沙光D,-,gas,7.01,fallback:gas,0.6586421052631579,1400.6842105263156,269033.8736842105
519,Gen_25602,塗城光D,-,gas,9.772,fallback:gas,0.6586421052631579,1400.6842105263156,269033.8736842105
520,Gen_25604,十甲光D,-,gas,7.77,fallback:gas,0.6586421052631579,1400.6842105263156,269033.8736842105
521,Gen_25606,建平光D,-,gas,4.831,fallback:gas,0.6586421052631579,1400.6842105263156,269033.8736842105
522,Gen_25610,健民光D2,-,gas,11.59,fallback:gas,0.6586421052631579,1400.6842105263156,269033.8736842105
523,Gen_25612,茄荖光D,-,gas,21.004,fallback:gas,0.6586421052631579,1400.6842105263156,269033.8736842105
524,Gen_25616,中華光D,-,gas,3.408,fallback:gas,0.6586421052631579,1400.6842105263156,269033.8736842105
525,Gen_25618,大坑光D,-,gas,0.504,fallback:gas,0.6586421052631579,1400.6842105263156,269033.8736842105
526,Gen_25626,水湳光D,-,gas,7.448,fallback:gas,0.6586421052631579,1400.6842105263156,269033.8736842105
527,Gen_25628,太平光D,-,gas,9.662,fallback:gas,0.6586421052631579,1400.6842105263156,269033.8736842105
528,Gen_25638,北柳光D,-,gas,19.673,fallback:gas,0.6586421052631579,1400.6842105263156,269033.8736842105
529,Gen_25644,中西光D,-,gas,4.264,fallback:gas,0.6586421052631579,1400.6842105263156,269033.8736842105
530,Gen_25648,九峰光D,-,gas,10.301,fallback:gas,0.6586421052631579,1400.6842105263156,269033.8736842105
531,Gen_25652,黎明光D,-,gas,7.96,fallback:gas,0.6586421052631579,1400.6842105263156,269033.8736842105
532,Gen_25654,國安光D,-,gas,26.731,fallback:gas,0.6586421052631579,1400.6842105263156,269033.8736842105
533,Gen_25656,工甲光D,-,gas,13.134,fallback:gas,0.6586421052631579,1400.6842105263156,269033.8736842105
534,Gen_25658,工乙光D,-,gas,9.009,fallback:gas,0.6586421052631579,1400.6842105263156,269033.8736842105
535,Gen_25660,明秀光D,-,gas,4.277,fallback:gas,0.6586421052631579,1400.6842105263156,269033.8736842105
536,Gen_25664,忠明光D,-,gas,4.899,fallback:gas,0.6586421052631579,1400.6842105263156,269033.8736842105
537,Gen_25666,英才光D,-,gas,5.678,fallback:gas,0.6586421052631579,1400.6842105263156,269033.8736842105
538,Gen_25668,豐樂光D,-,gas,6.839,fallback:gas,0.6586421052631579,1400.6842105263156,269033.8736842105
539,Gen_25670,烏日光D,-,gas,11.953,fallback:gas,0.6586421052631579,1400.6842105263156,269033.8736842105
540,Gen_25672,南屯光D,-,gas,1.901,fallback:gas,0.6586421052631579,1400.6842105263156,269033.8736842105
541,Gen_25682,外埔光D,-,gas,24.603,fallback:gas,0.6586421052631579,1400.6842105263156,269033.8736842105
542,Gen_25684,港工光D,-,gas,57.716,fallback:gas,0.6586421052631579,1400.6842105263156,269033.8736842105
543,Gen_25686,機科光D,-,gas,25.155,fallback:gas,0.6586421052631579,1400.6842105263156,269033.8736842105
544,Gen_25694,學田光D,-,gas,7.25,fallback:gas,0.6586421052631579,1400.6842105263156,269033.8736842105
545,Gen_25778,航太光D,-,gas,15.297,fallback:gas,0.6586421052631579,1400.6842105263156,269033.8736842105
546,Gen_25788,德義光D,-,gas,14.649,fallback:gas,0.6586421052631579,1400.6842105263156,269033.8736842105
547,Gen_25790,海尾光D,-,gas,28.597,fallback:gas,0.6586421052631579,1400.6842105263156,269033.8736842105
548,Gen_25802,線西光D,-,gas,70.062,fallback:gas,0.6586421052631579,1400.6842105263156,269033.8736842105
549,Gen_25810,鹿東光D,-,gas,75.608,fallback:gas,0.6586421052631579,1400.6842105263156,269033.8736842105
550,Gen_25812,鹿西光D,-,gas,116.45,fallback:gas,0.6586421052631579,1400.6842105263156,269033.8736842105
551,Gen_25818,漢寶光D,-,gas,90.378,fallback:gas,0.6586421052631579,1400.6842105263156,269033.8736842105
552,Gen_25820,草港光D,-,gas,38.211,fallback:gas,0.6586421052631579,1400.6842105263156,269033.8736842105
553,Gen_25842,大城光D,-,gas,90.723,fallback:gas,0.6586421052631579,1400.6842105263156,269033.8736842105
554,Gen_25852,彰新光D,-,gas,11.967,fallback:gas,0.6586421052631579,1400.6842105263156,269033.8736842105
555,Gen_25854,大霞光D,-,gas,23.651,fallback:gas,0.6586421052631579,1400.6842105263156,269033.8736842105
556,Gen_25856,福興光D,-,gas,35.247,fallback:gas,0.6586421052631579,1400.6842105263156,269033.8736842105
557,Gen_25864,彰竹光D,-,gas,9.479,fallback:gas,0.6586421052631579,1400.6842105263156,269033.8736842105
558,Gen_25902,員林光D,-,gas,21.027,fallback:gas,0.6586421052631579,1400.6842105263156,269033.8736842105
559,Gen_25904,花壇光D,-,gas,7.494,fallback:gas,0.6586421052631579,1400.6842105263156,269033.8736842105
560,Gen_25906,員東光D,-,gas,17.4,fallback:gas,0.6586421052631579,1400.6842105263156,269033.8736842105
561,Gen_25910,田中光D,-,gas,27.551,fallback:gas,0.6586421052631579,1400.6842105263156,269033.8736842105
562,Gen_25914,藍城光D,-,gas,34.752,fallback:gas,0.6586421052631579,1400.6842105263156,269033.8736842105
563,Gen_25916,投中光D,-,gas,30.773,fallback:gas,0.6586421052631579,1400.6842105263156,269033.8736842105
564,Gen_25942,台西光D,-,gas,57.297,fallback:gas,0.6586421052631579,1400.6842105263156,269033.8736842105
565,Gen_25944,四湖光D,-,gas,118.032,fallback:gas,0.6586421052631579,1400.6842105263156,269033.8736842105
566,Gen_25956,下營光D,-,gas,77.906,fallback:gas,0.6586421052631579,1400.6842105263156,269033.8736842105
567,Gen_25976,太鐵光D,-,gas,41.719,fallback:gas,0.6586421052631579,1400.6842105263156,269033.8736842105
568,Gen_25978,義竹光D,-,gas,52.283,fallback:gas,0.6586421052631579,1400.6842105263156,269033.8736842105
569,Gen_25980,虎菁光D,-,gas,25.338,fallback:gas,0.6586421052631579,1400.6842105263156,269033.8736842105
570,Gen_25984,虎科光D,-,gas,54.312,fallback:gas,0.6586421052631579,1400.6842105263156,269033.8736842105
571,Gen_25996,斗六光D,-,gas,28.789,fallback:gas,0.6586421052631579,1400.6842105263156,269033.8736842105
572,Gen_25998,榴中光D,-,gas,37.027,fallback:gas,0.6586421052631579,1400.6842105263156,269033.8736842105
573,Gen_26004,北回光D,-,gas,8.757,fallback:gas,0.6586421052631579,1400.6842105263156,269033.8736842105
574,Gen_26010,斗工光D,-,gas,34.457,fallback:gas,0.6586421052631579,1400.6842105263156,269033.8736842105
575,Gen_26012,北勢光D,-,gas,28.958,fallback:gas,0.6586421052631579,1400.6842105263156,269033.8736842105
576,Gen_26018,柳營光D,-,gas,84.677,fallback:gas,0.6586421052631579,1400.6842105263156,269033.8736842105
577,Gen_26024,仁愛光D,-,gas,13.087,fallback:gas,0.6586421052631579,1400.6842105263156,269033.8736842105
578,Gen_26034,斗南光D,-,gas,28.877,fallback:gas,0.6586421052631579,1400.6842105263156,269033.8736842105
579,Gen_26040,糠榔光D,-,gas,64.669,fallback:gas,0.6586421052631579,1400.6842105263156,269033.8736842105
580,Gen_26044,王行光D,-,gas,32.313,fallback:gas,0.6586421052631579,1400.6842105263156,269033.8736842105
581,Gen_26056,小北光D,-,gas,14.872,fallback:gas,0.6586421052631579,1400.6842105263156,269033.8736842105
582,Gen_26060,鹽行光D,-,gas,14.253,fallback:gas,0.6586421052631579,1400.6842105263156,269033.8736842105
583,Gen_26064,新化光D,-,gas,29.993,fallback:gas,0.6586421052631579,1400.6842105263156,269033.8736842105
584,Gen_26068,府城光D,-,gas,6.091,fallback:gas,0.6586421052631579,1400.6842105263156,269033.8736842105
585,Gen_26072,和順光D,-,gas,26.101,fallback:gas,0.6586421052631579,1400.6842105263156,269033.8736842105
586,Gen_26074,三竹光D,-,gas,29.991,fallback:gas,0.6586421052631579,1400.6842105263156,269033.8736842105
587,Gen_26076,豐華光D,-,gas,60.687,fallback:gas,0.6586421052631579,1400.6842105263156,269033.8736842105
588,Gen_26080,忠孝光D,-,gas,12.771,fallback:gas,0.6586421052631579,1400.6842105263156,269033.8736842105
589,Gen_26084,南濱光D,-,gas,66.664,fallback:gas,0.6586421052631579,1400.6842105263156,269033.8736842105
590,Gen_26086,鹿耳光D,-,gas,46.18,fallback:gas,0.6586421052631579,1400.6842105263156,269033.8736842105
591,Gen_26096,道爺光D1,-,gas,10.922,fallback:gas,0.6586421052631579,1400.6842105263156,269033.8736842105
592,Gen_26098,道爺光D2,-,gas,10.922,fallback:gas,0.6586421052631579,1400.6842105263156,269033.8736842105
593,Gen_26106,仁德光D,-,gas,35.859,fallback:gas,0.6586421052631579,1400.6842105263156,269033.8736842105
594,Gen_26108,延平光D,-,gas,23.571,fallback:gas,0.6586421052631579,1400.6842105263156,269033.8736842105
595,Gen_26110,裕農光D,-,gas,14.064,fallback:gas,0.6586421052631579,1400.6842105263156,269033.8736842105
596,Gen_26112,保定光D,-,gas,39.696,fallback:gas,0.6586421052631579,1400.6842105263156,269033.8736842105
597,Gen_26116,嘉峰光D,-,gas,44.998,fallback:gas,0.6586421052631579,1400.6842105263156,269033.8736842105
598,Gen_26120,北嶺光D,-,gas,22.135,fallback:gas,0.6586421052631579,1400.6842105263156,269033.8736842105
599,Gen_26126,二甲光D,-,gas,40.059,fallback:gas,0.6586421052631579,1400.6842105263156,269033.8736842105
600,Gen_26128,岡工光D,-,gas,79.123,fallback:gas,0.6586421052631579,1400.6842105263156,269033.8736842105
601,Gen_26130,竹嶺光D,-,gas,18.235,fallback:gas,0.6586421052631579,1400.6842105263156,269033.8736842105
602,Gen_26140,路園光D,-,gas,57.304,fallback:gas,0.6586421052631579,1400.6842105263156,269033.8736842105
603,Gen_26162,楠梓光D,-,gas,32.164,fallback:gas,0.6586421052631579,1400.6842105263156,269033.8736842105
604,Gen_26166,加昌光D,-,gas,0.918,fallback:gas,0.6586421052631579,1400.6842105263156,269033.8736842105
605,Gen_26170,後勁光D,-,gas,1.682,fallback:gas,0.6586421052631579,1400.6842105263156,269033.8736842105
606,Gen_26204,北營光D,-,gas,41.725,fallback:gas,0.6586421052631579,1400.6842105263156,269033.8736842105
607,Gen_26208,屏山光D,-,gas,10.235,fallback:gas,0.6586421052631579,1400.6842105263156,269033.8736842105
608,Gen_26218,美山光D,-,gas,26.126,fallback:gas,0.6586421052631579,1400.6842105263156,269033.8736842105
609,Gen_26220,鳳山光D,-,gas,12.641,fallback:gas,0.6586421052631579,1400.6842105263156,269033.8736842105
610,Gen_26224,旗山光D,-,gas,29.2,fallback:gas,0.6586421052631579,1400.6842105263156,269033.8736842105
611,Gen_26228,九曲光D,-,gas,28.412,fallback:gas,0.6586421052631579,1400.6842105263156,269033.8736842105
612,Gen_26234,社灣光D,-,gas,10.007,fallback:gas,0.6586421052631579,1400.6842105263156,269033.8736842105
613,Gen_26236,仕豐光D,-,gas,3.815,fallback:gas,0.6586421052631579,1400.6842105263156,269033.8736842105
614,Gen_26302,龍子光D,-,gas,3.605,fallback:gas,0.6586421052631579,1400.6842105263156,269033.8736842105
615,Gen_26306,同盟光D,-,gas,7.969,fallback:gas,0.6586421052631579,1400.6842105263156,269033.8736842105
616,Gen_26310,內惟光D,-,gas,21.764,fallback:gas,0.6586421052631579,1400.6842105263156,269033.8736842105
617,Gen_26312,三民光D,-,gas,4.393,fallback:gas,0.6586421052631579,1400.6842105263156,269033.8736842105
618,Gen_26318,西甲光D,-,gas,8.749,fallback:gas,0.6586421052631579,1400.6842105263156,269033.8736842105
619,Gen_26320,鎮北光D,-,gas,6.334,fallback:gas,0.6586421052631579,1400.6842105263156,269033.8736842105
620,Gen_26322,中島光D,-,gas,6.898,fallback:gas,0.6586421052631579,1400.6842105263156,269033.8736842105
621,Gen_26330,中加光D,-,gas,1.18,fallback:gas,0.6586421052631579,1400.6842105263156,269033.8736842105
622,Gen_26354,凱旋光D,-,gas,8.967,fallback:gas,0.6586421052631579,1400.6842105263156,269033.8736842105
623,Gen_26362,四維光D,-,gas,7.961,fallback:gas,0.6586421052631579,1400.6842105263156,269033.8736842105
624,Gen_26368,臨海光D,-,gas,7.741,fallback:gas,0.6586421052631579,1400.6842105263156,269033.8736842105
625,Gen_26370,貴陽光D,-,gas,20.347,fallback:gas,0.6586421052631579,1400.6842105263156,269033.8736842105
626,Gen_26372,經貿光D,-,gas,1.152,fallback:gas,0.6586421052631579,1400.6842105263156,269033.8736842105
627,Gen_26408,過埤光D,-,gas,31.854,fallback:gas,0.6586421052631579,1400.6842105263156,269033.8736842105
628,Gen_26410,鳳農光D,-,gas,6.06,fallback:gas,0.6586421052631579,1400.6842105263156,269033.8736842105
629,Gen_26452,西屏光D,-,gas,19.844,fallback:gas,0.6586421052631579,1400.6842105263156,269033.8736842105
630,Gen_26456,南屏光D,-,gas,22.784,fallback:gas,0.6586421052631579,1400.6842105263156,269033.8736842105
631,Gen_26458,農一光D,-,gas,61.257,fallback:gas,0.6586421052631579,1400.6842105263156,269033.8736842105
632,Gen_26512,潮東光D,-,gas,54.565,fallback:gas,0.6586421052631579,1400.6842105263156,269033.8736842105
633,Gen_26514,東港光D,-,gas,35.785,fallback:gas,0.6586421052631579,1400.6842105263156,269033.8736842105
634,Gen_26522,加一光D,-,gas,70.139,fallback:gas,0.6586421052631579,1400.6842105263156,269033.8736842105
635,Gen_27002,知本光D,-,gas,10.861,fallback:gas,0.6586421052631579,1400.6842105263156,269033.8736842105
636,Gen_27004,大武光D,-,gas,2.61,fallback:gas,0.6586421052631579,1400.6842105263156,269033.8736842105
637,Gen_27006,東成光D,-,gas,0.931,fallback:gas,0.6586421052631579,1400.6842105263156,269033.8736842105
638,Gen_27012,勝安光D,-,gas,9.288,fallback:gas,0.6586421052631579,1400.6842105263156,269033.8736842105
639,Gen_27014,池上光D,-,gas,6.714,fallback:gas,0.6586421052631579,1400.6842105263156,269033.8736842105
640,Gen_27020,玉里光D,-,gas,10.275,fallback:gas,0.6586421052631579,1400.6842105263156,269033.8736842105
641,Gen_27022,豐里光D,-,gas,5.278,fallback:gas,0.6586421052631579,1400.6842105263156,269033.8736842105
642,Gen_27024,鹿野光D,-,gas,6.289,fallback:gas,0.6586421052631579,1400.6842105263156,269033.8736842105
643,Gen_27030,馬蘭光D,-,gas,8.557,fallback:gas,0.6586421052631579,1400.6842105263156,269033.8736842105
644,Gen_27032,壽豐光D,-,gas,5.588,fallback:gas,0.6586421052631579,1400.6842105263156,269033.8736842105
645,Gen_32121,海洋離風G1,-,gas,36.0,fallback:gas,0.6586421052631579,1400.6842105263156,269033.8736842105
646,Gen_32122,海洋離風G2,-,gas,30.0,fallback:gas,0.6586421052631579,1400.6842105263156,269033.8736842105
647,Gen_32123,海洋離風G3,-,gas,36.0,fallback:gas,0.6586421052631579,1400.6842105263156,269033.8736842105
648,Gen_32124,海洋離風G4-1,-,gas,18.0,fallback:gas,0.6586421052631579,1400.6842105263156,269033.8736842105
649,Gen_32125,海洋離風G4-2,-,gas,8.0,fallback:gas,0.6586421052631579,1400.6842105263156,269033.8736842105
650,Gen_32151,海能離風G1,-,gas,96.0,fallback:gas,0.6586421052631579,1400.6842105263156,269033.8736842105
651,Gen_32152,海能離風G2,-,gas,96.0,fallback:gas,0.6586421052631579,1400.6842105263156,269033.8736842105
652,Gen_32153,海能離風G3,-,gas,88.0,fallback:gas,0.6586421052631579,1400.6842105263156,269033.8736842105
653,Gen_32154,海能離風G4,-,gas,96.0,fallback:gas,0.6586421052631579,1400.6842105263156,269033.8736842105
654,Gen_32164,大離風G1-1,-,gas,26.0,fallback:gas,0.6586421052631579,1400.6842105263156,269033.8736842105
655,Gen_32165,大離風G1-2,-,gas,31.2,fallback:gas,0.6586421052631579,1400.6842105263156,269033.8736842105
656,Gen_32174,大離風G2-1,-,gas,26.0,fallback:gas,0.6586421052631579,1400.6842105263156,269033.8736842105
657,Gen_32175,大離風G2-2,-,gas,26.0,fallback:gas,0.6586421052631579,1400.6842105263156,269033.8736842105
658,Gen_32204,沃一離風G1-1,-,gas,56.483,fallback:gas,0.6586421052631579,1400.6842105263156,269033.8736842105
659,Gen_32205,沃一離風G1-2,-,gas,64.552,fallback:gas,0.6586421052631579,1400.6842105263156,269033.8736842105
660,Gen_32206,沃一離風G1-3,-,gas,48.414,fallback:gas,0.6586421052631579,1400.6842105263156,269033.8736842105
661,Gen_32207,沃一離風G1-4,-,gas,64.552,fallback:gas,0.6586421052631579,1400.6842105263156,269033.8736842105
662,Gen_32208,沃一離風G1-5,-,gas,64.552,fallback:gas,0.6586421052631579,1400.6842105263156,269033.8736842105
663,Gen_32210,沃一離風G2-1,-,gas,64.552,fallback:gas,0.6586421052631579,1400.6842105263156,269033.8736842105
664,Gen_32211,沃一離風G2-2,-,gas,64.552,fallback:gas,0.6586421052631579,1400.6842105263156,269033.8736842105
665,Gen_32213,沃一離風G2-4,-,gas,64.552,fallback:gas,0.6586421052631579,1400.6842105263156,269033.8736842105
666,Gen_32214,沃一離風G2-5,-,gas,56.483,fallback:gas,0.6586421052631579,1400.6842105263156,269033.8736842105
667,Gen_32215,沃一離風G2-6,-,gas,56.483,fallback:gas,0.6586421052631579,1400.6842105263156,269033.8736842105
668,Gen_32243,沃二離風G2-1,-,gas,8.188,fallback:gas,0.6586421052631579,1400.6842105263156,269033.8736842105
669,Gen_32244,沃二離風G2-2,-,gas,49.128,fallback:gas,0.6586421052631579,1400.6842105263156,269033.8736842105
670,Gen_32245,沃二離風G2-3,-,gas,65.504,fallback:gas,0.6586421052631579,1400.6842105263156,269033.8736842105
671,Gen_32246,沃二離風G2-4,-,gas,65.504,fallback:gas,0.6586421052631579,1400.6842105263156,269033.8736842105
672,Gen_32247,沃二離風G2-5,-,gas,65.504,fallback:gas,0.6586421052631579,1400.6842105263156,269033.8736842105
673,Gen_32248,沃二離風G2-6,-,gas,40.94,fallback:gas,0.6586421052631579,1400.6842105263156,269033.8736842105
674,Gen_32271,芳一離風G,-,gas,96.0,fallback:gas,0.6586421052631579,1400.6842105263156,269033.8736842105
675,Gen_32301,芳二離風G1,-,gas,96.0,fallback:gas,0.6586421052631579,1400.6842105263156,269033.8736842105
676,Gen_32302,芳二離風G2,-,gas,96.0,fallback:gas,0.6586421052631579,1400.6842105263156,269033.8736842105
677,Gen_32303,芳二離風G3,-,gas,86.4,fallback:gas,0.6586421052631579,1400.6842105263156,269033.8736842105
678,Gen_32304,芳二離風G4,-,gas,86.4,fallback:gas,0.6586421052631579,1400.6842105263156,269033.8736842105
679,Gen_32305,芳二離風G5,-,gas,86.4,fallback:gas,0.6586421052631579,1400.6842105263156,269033.8736842105
680,Gen_32306,西島離風G,-,gas,48.0,fallback:gas,0.6586421052631579,1400.6842105263156,269033.8736842105
681,Gen_32331,海龍二A風G1,-,gas,70.0,fallback:gas,0.6586421052631579,1400.6842105263156,269033.8736842105
682,Gen_32332,海龍二A風G2,-,gas,70.0,fallback:gas,0.6586421052631579,1400.6842105263156,269033.8736842105
683,Gen_32333,海龍二A風G3,-,gas,42.0,fallback:gas,0.6586421052631579,1400.6842105263156,269033.8736842105
684,Gen_32334,海龍二A風G4,-,gas,42.0,fallback:gas,0.6586421052631579,1400.6842105263156,269033.8736842105
685,Gen_32335,海龍二A風G5,-,gas,70.0,fallback:gas,0.6586421052631579,1400.6842105263156,269033.8736842105
686,Gen_32345,中能風G1,-,gas,76.0,fallback:gas,0.6586421052631579,1400.6842105263156,269033.8736842105
687,Gen_32346,中能風G2,-,gas,76.0,fallback:gas,0.6586421052631579,1400.6842105263156,269033.8736842105
688,Gen_32350,中能風G3,-,gas,76.0,fallback:gas,0.6586421052631579,1400.6842105263156,269033.8736842105
689,Gen_32351,中能風G4,-,gas,66.5,fallback:gas,0.6586421052631579,1400.6842105263156,269033.8736842105
690,Gen_32379,海龍二B風G1,-,gas,56.0,fallback:gas,0.6586421052631579,1400.6842105263156,269033.8736842105
691,Gen_32380,海龍二B風G2,-,gas,70.0,fallback:gas,0.6586421052631579,1400.6842105263156,269033.8736842105
692,Gen_32381,海龍二B風G3,-,gas,70.0,fallback:gas,0.6586421052631579,1400.6842105263156,269033.8736842105
693,Gen_32382,海龍二B風G4,-,gas,28.0,fallback:gas,0.6586421052631579,1400.6842105263156,269033.8736842105
694,Gen_32408,海龍三A風G1,-,gas,70.0,fallback:gas,0.6586421052631579,1400.6842105263156,269033.8736842105
695,Gen_32409,海龍三A風G2,-,gas,70.0,fallback:gas,0.6586421052631579,1400.6842105263156,269033.8736842105
696,Gen_32410,海龍三A風G3,-,gas,70.0,fallback:gas,0.6586421052631579,1400.6842105263156,269033.8736842105
697,Gen_32411,海龍三A風G4,-,gas,42.0,fallback:gas,0.6586421052631579,1400.6842105263156,269033.8736842105
698,Gen_32420,海龍三B風G1,-,gas,70.0,fallback:gas,0.6586421052631579,1400.6842105263156,269033.8736842105
699,Gen_32421,海龍三B風G2,-,gas,70.0,fallback:gas,0.6586421052631579,1400.6842105263156,269033.8736842105
700,Gen_32422,海龍三B風G3,-,gas,70.0,fallback:gas,0.6586421052631579,1400.6842105263156,269033.8736842105
701,Gen_32423,海龍三B風G4,-,gas,42.0,fallback:gas,0.6586421052631579,1400.6842105263156,269033.8736842105
702,Gen_32473,沃南風G1,-,gas,337.08,fallback:gas,0.6586421052631579,1400.6842105263156,269033.8736842105
703,Gen_32503,沃四風G1,-,gas,291.438,fallback:gas,0.6586421052631579,1400.6842105263156,269033.8736842105
704,Gen_32504,沃四風G2,-,gas,291.438,fallback:gas,0.6586421052631579,1400.6842105263156,269033.8736842105
705,Gen_37221,允西離風G1,-,gas,48.0,fallback:gas,0.6586421052631579,1400.6842105263156,269033.8736842105
706,Gen_37222,允西離風G2,-,gas,48.0,fallback:gas,0.6586421052631579,1400.6842105263156,269033.8736842105
707,Gen_37223,允西離風G3,-,gas,56.0,fallback:gas,0.6586421052631579,1400.6842105263156,269033.8736842105
708,Gen_37224,允西離風G4,-,gas,56.0,fallback:gas,0.6586421052631579,1400.6842105263156,269033.8736842105
709,Gen_37225,允西離風G5,-,gas,56.0,fallback:gas,0.6586421052631579,1400.6842105263156,269033.8736842105
710,Gen_37226,允西離風G6,-,gas,56.0,fallback:gas,0.6586421052631579,1400.6842105263156,269033.8736842105
711,Gen_37241,允湖離風G1,-,gas,56.0,fallback:gas,0.6586421052631579,1400.6842105263156,269033.8736842105
712,Gen_37242,允湖離風G2,-,gas,56.0,fallback:gas,0.6586421052631579,1400.6842105263156,269033.8736842105
713,Gen_37243,允湖離風G3,-,gas,56.0,fallback:gas,0.6586421052631579,1400.6842105263156,269033.8736842105
714,Gen_37244,允湖離風G4,-,gas,48.0,fallback:gas,0.6586421052631579,1400.6842105263156,269033.8736842105
715,Gen_37245,允湖離風G5,-,gas,56.0,fallback:gas,0.6586421052631579,1400.6842105263156,269033.8736842105
716,Gen_37246,允湖離風G6,-,gas,48.0,fallback:gas,0.6586421052631579,1400.6842105263156,269033.8736842105
717,Gen_40001,林口風G,林口,coal,6.0,bus:林口,-0.6416666666666666,1679.736666666667,39730.533333333326
718,Gen_40001,林口風G,林口,coal,7.2,bus:林口,-0.6416666666666666,1679.736666666667,39730.533333333326
719,Gen_40031,大潭風G,大潭,gas,15.1,bus:大潭,-0.0003,1647.92,312200.0
720,Gen_40061,觀威風G,-,gas,48.3,fallback:gas,0.6586421052631579,1400.6842105263156,269033.8736842105
721,Gen_40091,彰品風G,-,gas,4.2,fallback:gas,0.6586421052631579,1400.6842105263156,269033.8736842105
722,Gen_41500,彰工IV風G,-,gas,15.0,fallback:gas,0.6586421052631579,1400.6842105263156,269033.8736842105
723,Gen_41531,彰風一G,-,gas,46.0,fallback:gas,0.6586421052631579,1400.6842105263156,269033.8736842105
724,Gen_41561,彰風二G,-,gas,25.2,fallback:gas,0.6586421052631579,1400.6842105263156,269033.8736842105
725,Gen_41591,彰英風G,-,gas,55.2,fallback:gas,0.6586421052631579,1400.6842105263156,269033.8736842105
726,Gen_41621,鹿英風G,-,gas,43.7,fallback:gas,0.6586421052631579,1400.6842105263156,269033.8736842105
727,Gen_41651,王功風G,-,gas,32.2,fallback:gas,0.6586421052631579,1400.6842105263156,269033.8736842105
728,Gen_41681,苗英風G,-,gas,42.0,fallback:gas,0.6586421052631579,1400.6842105263156,269033.8736842105
729,Gen_41711,東電風G,-,gas,11.5,fallback:gas,0.6586421052631579,1400.6842105263156,269033.8736842105
730,Gen_41741,香風G,-,gas,12.0,fallback:gas,0.6586421052631579,1400.6842105263156,269033.8736842105
731,Gen_45401,湖風G,-,gas,28.0,fallback:gas,0.6586421052631579,1400.6842105263156,269033.8736842105
732,Gen_45441,創維風G1-1,-,gas,7.2,fallback:gas,0.6586421052631579,1400.6842105263156,269033.8736842105
733,Gen_45442,創維風G1-2,-,gas,4.2,fallback:gas,0.6586421052631579,1400.6842105263156,269033.8736842105
734,Gen_45443,創維風G2,-,gas,14.4,fallback:gas,0.6586421052631579,1400.6842105263156,269033.8736842105
735,Gen_45445,創維風G3-1,-,gas,3.6,fallback:gas,0.6586421052631579,1400.6842105263156,269033.8736842105
736,Gen_45446,創維風G3-2,-,gas,12.6,fallback:gas,0.6586421052631579,1400.6842105263156,269033.8736842105
737,Gen_45447,創維風G4-1,-,gas,7.2,fallback:gas,0.6586421052631579,1400.6842105263156,269033.8736842105
738,Gen_50501,彰光G,-,gas,100.0,fallback:gas,0.6586421052631579,1400.6842105263156,269033.8736842105
739,Gen_50523,辰亞光G,-,gas,88.039,fallback:gas,0.6586421052631579,1400.6842105263156,269033.8736842105
740,Gen_50524,厚固光G,-,gas,92.98,fallback:gas,0.6586421052631579,1400.6842105263156,269033.8736842105
741,Gen_50525,辰華光G,-,gas,67.267,fallback:gas,0.6586421052631579,1400.6842105263156,269033.8736842105
742,Gen_50531,華暄光G,-,gas,93.96,fallback:gas,0.6586421052631579,1400.6842105263156,269033.8736842105
743,Gen_50532,聯合光G,-,gas,98.313,fallback:gas,0.6586421052631579,1400.6842105263156,269033.8736842105
744,Gen_50542,永堯光G,-,gas,13.264,fallback:gas,0.6586421052631579,1400.6842105263156,269033.8736842105
745,Gen_50543,海精新G,-,gas,34.117,fallback:gas,0.6586421052631579,1400.6842105263156,269033.8736842105
746,Gen_50561,星崙光G,-,gas,149.092,fallback:gas,0.6586421052631579,1400.6842105263156,269033.8736842105
747,Gen_53501,南鹽光G,-,gas,150.0,fallback:gas,0.6586421052631579,1400.6842105263156,269033.8736842105
748,Gen_53521,天篷光G,-,gas,67.853,fallback:gas,0.6586421052631579,1400.6842105263156,269033.8736842105
749,Gen_53531,天英光G,-,gas,42.314,fallback:gas,0.6586421052631579,1400.6842105263156,269033.8736842105
750,Gen_53532,天柱光G,-,gas,19.507,fallback:gas,0.6586421052631579,1400.6842105263156,269033.8736842105
751,Gen_53533,天芮光G,-,gas,7.333,fallback:gas,0.6586421052631579,1400.6842105263156,269033.8736842105
752,Gen_53534,天心光G,-,gas,39.138,fallback:gas,0.6586421052631579,1400.6842105263156,269033.8736842105
753,Gen_53535,天任光G,-,gas,19.7,fallback:gas,0.6586421052631579,1400.6842105263156,269033.8736842105
754,Gen_53541,天禽光G,-,gas,19.567,fallback:gas,0.6586421052631579,1400.6842105263156,269033.8736842105
755,Gen_53542,天衝光G1,-,gas,47.765,fallback:gas,0.6586421052631579,1400.6842105263156,269033.8736842105
756,Gen_53543,天衝光G2,-,gas,45.83,fallback:gas,0.6586421052631579,1400.6842105263156,269033.8736842105
757,Gen_53544,天衝光G3,-,gas,22.92,fallback:gas,0.6586421052631579,1400.6842105263156,269033.8736842105
758,Gen_53545,南旭光G,-,gas,52.464,fallback:gas,0.6586421052631579,1400.6842105263156,269033.8736842105
759,Gen_53546,新日泰光G,-,gas,44.544,fallback:gas,0.6586421052631579,1400.6842105263156,269033.8736842105
760,Gen_53561,星崴光G,-,gas,77.52,fallback:gas,0.6586421052631579,1400.6842105263156,269033.8736842105
761,Gen_53581,新和光G,-,gas,119.994,fallback:gas,0.6586421052631579,1400.6842105263156,269033.8736842105
762,Gen_53601,碩力光G1,-,gas,133.944,fallback:gas,0.6586421052631579,1400.6842105263156,269033.8736842105
763,Gen_53602,碩力光G2,-,gas,138.024,fallback:gas,0.6586421052631579,1400.6842105263156,269033.8736842105
764,Gen_53621,向陽光G1,-,gas,66.6,fallback:gas,0.6586421052631579,1400.6842105263156,269033.8736842105
765,Gen_53622,泰陽光G1,-,gas,50.007,fallback:gas,0.6586421052631579,1400.6842105263156,269033.8736842105
766,Gen_53623,向陽光G3,-,gas,54.4,fallback:gas,0.6586421052631579,1400.6842105263156,269033.8736842105
767,Gen_53641,生利光G,-,gas,6.795,fallback:gas,0.6586421052631579,1400.6842105263156,269033.8736842105
768,Gen_53661,寶興光G1,-,gas,2.814,fallback:gas,0.6586421052631579,1400.6842105263156,269033.8736842105
769,Gen_53661,寶興光G1,-,gas,32.05,fallback:gas,0.6586421052631579,1400.6842105263156,269033.8736842105
770,Gen_53661,寶興光G1,-,gas,14.873,fallback:gas,0.6586421052631579,1400.6842105263156,269033.8736842105
771,Gen_53661,寶興光G1,-,gas,6.127,fallback:gas,0.6586421052631579,1400.6842105263156,269033.8736842105
772,Gen_53661,寶興光G1,-,gas,0.126,fallback:gas,0.6586421052631579,1400.6842105263156,269033.8736842105
773,Gen_53661,寶興光G1,-,gas,6.41,fallback:gas,0.6586421052631579,1400.6842105263156,269033.8736842105
774,Gen_53681,志光光G1,-,gas,58.464,fallback:gas,0.6586421052631579,1400.6842105263156,269033.8736842105
775,Gen_53682,志光光G2,-,gas,27.248,fallback:gas,0.6586421052631579,1400.6842105263156,269033.8736842105
776,Gen_53701,泰源光G,-,gas,2.731,fallback:gas,0.6586421052631579,1400.6842105263156,269033.8736842105
777,Gen_53721,廷和光G1,-,gas,38.882,fallback:gas,0.6586421052631579,1400.6842105263156,269033.8736842105
778,Gen_53722,廷和光G2,-,gas,15.3,fallback:gas,0.6586421052631579,1400.6842105263156,269033.8736842105
779,Gen_53741,星股光G1,-,gas,44.0,fallback:gas,0.6586421052631579,1400.6842105263156,269033.8736842105
780,Gen_53801,和山光G1,-,gas,8.856,fallback:gas,0.6586421052631579,1400.6842105263156,269033.8736842105
781,Gen_53821,昱昶光G,-,gas,24.379,fallback:gas,0.6586421052631579,1400.6842105263156,269033.8736842105
782,Gen_53841,平誠光G1,-,gas,6.67,fallback:gas,0.6586421052631579,1400.6842105263156,269033.8736842105
783,Gen_53861,嘉原光G,-,gas,4.238,fallback:gas,0.6586421052631579,1400.6842105263156,269033.8736842105
784,Gen_53901,宸峰光G1,-,gas,0.068,fallback:gas,0.6586421052631579,1400.6842105263156,269033.8736842105
785,Gen_53921,匯盟光G1,-,gas,0.187,fallback:gas,0.6586421052631579,1400.6842105263156,269033.8736842105
786,Gen_53941,寰宇光G1,-,gas,57.236,fallback:gas,0.6586421052631579,1400.6842105263156,269033.8736842105
787,Gen_53961,嘉和光G1,-,gas,60.028,fallback:gas,0.6586421052631579,1400.6842105263156,269033.8736842105
788,Gen_53982,孝智光G1,-,gas,82.666,fallback:gas,0.6586421052631579,1400.6842105263156,269033.8736842105
789,Gen_53983,孝智光G2,-,gas,17.334,fallback:gas,0.6586421052631579,1400.6842105263156,269033.8736842105
790,Gen_60001,安南儲ESS,-,gas,99.0,fallback:gas,0.6586421052631579,1400.6842105263156,269033.8736842105
791,Gen_60021,壽豐儲ESS1,-,gas,99.0,fallback:gas,0.6586421052631579,1400.6842105263156,269033.8736842105
792,Gen_60041,富威儲ESS,-,gas,50.0,fallback:gas,0.6586421052631579,1400.6842105263156,269033.8736842105
793,Gen_60061,台蓮儲ESS1,-,gas,50.0,fallback:gas,0.6586421052631579,1400.6842105263156,269033.8736842105
794,Gen_60062,台蓮儲ESS2,-,gas,50.0,fallback:gas,0.6586421052631579,1400.6842105263156,269033.8736842105
795,Gen_60081,森永儲ESS,-,gas,100.0,fallback:gas,0.6586421052631579,1400.6842105263156,269033.8736842105
796,Gen_60082,暴風儲ESS,-,gas,100.0,fallback:gas,0.6586421052631579,1400.6842105263156,269033.8736842105
797,Gen_60086,神合興儲ESS,-,gas,50.0,fallback:gas,0.6586421052631579,1400.6842105263156,269033.8736842105
798,Gen_60121,匯旭儲ESS,-,gas,40.0,fallback:gas,0.6586421052631579,1400.6842105263156,269033.8736842105
799,Gen_60180,冬山儲ESS,-,gas,60.0,fallback:gas,0.6586421052631579,1400.6842105263156,269033.8736842105
800,Gen_60200,龍潭儲ESS,-,gas,60.0,fallback:gas,0.6586421052631579,1400.6842105263156,269033.8736842105
801,Gen_62501,智璞儲ESS1,-,gas,100.0,fallback:gas,0.6586421052631579,1400.6842105263156,269033.8736842105
802,Gen_62520,星崙光ESS,-,gas,19.58,fallback:gas,0.6586421052631579,1400.6842105263156,269033.8736842105
803,Gen_65000,路園ESS,-,gas,21.6,fallback:gas,0.6586421052631579,1400.6842105263156,269033.8736842105
804,Gen_65020,南鹽光ESS,-,gas,15.0,fallback:gas,0.6586421052631579,1400.6842105263156,269033.8736842105
805,Gen_65041,匯聚儲ESS,-,gas,100.0,fallback:gas,0.6586421052631579,1400.6842105263156,269033.8736842105
806,Gen_65060,寶興光ESS,-,gas,16.0,fallback:gas,0.6586421052631579,1400.6842105263156,269033.8736842105
807,Gen_65081,三陸儲ESS,-,gas,169.9,fallback:gas,0.6586421052631579,1400.6842105263156,269033.8736842105
808,Gen_65101,星德儲ESS,-,gas,78.0,fallback:gas,0.6586421052631579,1400.6842105263156,269033.8736842105
809,Gen_65121,旭昇一儲ESS,-,gas,100.0,fallback:gas,0.6586421052631579,1400.6842105263156,269033.8736842105
810,Gen_65141,台創儲ESS,-,gas,64.0,fallback:gas,0.6586421052631579,1400.6842105263156,269033.8736842105
811,Gen_65201,昊升儲ESS,-,gas,100.0,fallback:gas,0.6586421052631579,1400.6842105263156,269033.8736842105
812,Gen_67501,昊儒儲ESS,-,gas,100.0,fallback:gas,0.6586421052631579,1400.6842105263156,269033.8736842105
813,Gen_67521,聚旺儲ESS,-,gas,100.0,fallback:gas,0.6586421052631579,1400.6842105263156,269033.8736842105
814,Gen_70002,榮鼎STG,-,gas,29.78,fallback:gas,0.6586421052631579,1400.6842105263156,269033.8736842105
815,Gen_70003,榮鼎BG,-,gas,0.8,fallback:gas,0.6586421052631579,1400.6842105263156,269033.8736842105
