time,lat,lon,intensity,radius
2023-10-02 00:00:00,19.2,127.3,0.8336933045356373,0.5499460043196545
2023-10-02 01:00:00,19.266666666666666,127.18333333333334,0.8430525557955365,0.5749640028797697
2023-10-02 02:00:00,19.333333333333332,127.06666666666666,0.8524118070554357,0.5999820014398849
2023-10-02 03:00:00,19.4,126.94999999999999,0.8617710583153348,0.625
2023-10-02 04:00:00,19.46666666666667,126.83333333333333,0.8711303095752341,0.6500179985601152
2023-10-02 05:00:00,19.533333333333335,126.71666666666667,0.8804895608351333,0.6750359971202304
2023-10-02 06:00:00,19.6,126.6,0.8898488120950325,0.7000539956803457
2023-10-02 07:00:00,19.650000000000002,126.53333333333333,0.898848092152628,0.7250269978401729
2023-10-02 08:00:00,19.7,126.46666666666667,0.9078473722102233,0.7500000000000001
2023-10-02 09:00:00,19.75,126.4,0.9168466522678187,0.7749730021598273
2023-10-02 10:00:00,19.8,126.33333333333333,0.9258459323254141,0.7999460043196545
2023-10-02 11:00:00,19.849999999999998,126.26666666666667,0.9348452123830094,0.8249190064794817
2023-10-02 12:00:00,19.9,126.2,0.9438444924406049,0.8498920086393089
2023-10-02 13:00:00,19.95,126.08333333333334,0.9532037437005041,0.8498920086393089
2023-10-02 14:00:00,20.0,125.96666666666667,0.9625629949604032,0.8498920086393089
2023-10-02 15:00:00,20.049999999999997,125.85,0.9719222462203024,0.8498920086393089
2023-10-02 16:00:00,20.099999999999998,125.73333333333333,0.9812814974802017,0.8498920086393089
2023-10-02 17:00:00,20.15,125.61666666666667,0.9906407487401008,0.8498920086393089
2023-10-02 18:00:00,20.2,125.5,1.0,0.8498920086393089
2023-10-02 19:00:00,20.25,125.43333333333334,1.0,0.8498920086393089
2023-10-02 20:00:00,20.3,125.36666666666666,1.0,0.8498920086393089
2023-10-02 21:00:00,20.35,125.3,1.0,0.8498920086393089
2023-10-02 22:00:00,20.4,125.23333333333333,1.0,0.8498920086393089
2023-10-02 23:00:00,20.45,125.16666666666666,1.0,0.8498920086393089
2023-10-03 00:00:00,20.5,125.1,1.0,0.8498920086393089
2023-10-03 01:00:00,20.616666666666667,125.06666666666666,1.0,0.8374280057595394
2023-10-03 02:00:00,20.733333333333334,125.03333333333333,1.0,0.8249640028797697
2023-10-03 03:00:00,20.85,125.0,1.0,0.8125000000000001
2023-10-03 04:00:00,20.966666666666665,124.96666666666667,1.0,0.8000359971202305
2023-10-03 05:00:00,21.083333333333332,124.93333333333334,1.0,0.7875719942404609
2023-10-03 06:00:00,21.2,124.9,1.0,0.7751079913606913
2023-10-03 07:00:00,21.28333333333333,124.85000000000001,1.0,0.7875719942404609
2023-10-03 08:00:00,21.366666666666667,124.8,1.0,0.8000359971202305
2023-10-03 09:00:00,21.45,124.75,1.0,0.8125000000000001
2023-10-03 10:00:00,21.53333333333333,124.7,1.0,0.8249640028797697
2023-10-03 11:00:00,21.616666666666667,124.64999999999999,1.0,0.8374280057595394
2023-10-03 12:00:00,21.7,124.6,1.0,0.8498920086393089
2023-10-03 13:00:00,21.75,124.51666666666667,0.9906407487401008,0.8332433405327575
2023-10-03 14:00:00,21.8,124.43333333333332,0.9812814974802017,0.816594672426206
2023-10-03 15:00:00,21.85,124.35,0.9719222462203024,0.7999460043196545
2023-10-03 16:00:00,21.9,124.26666666666667,0.9625629949604032,0.783297336213103
2023-10-03 17:00:00,21.95,124.18333333333332,0.9532037437005041,0.7666486681065516
2023-10-03 18:00:00,22.0,124.1,0.9438444924406049,0.7500000000000001
2023-10-03 19:00:00,22.03333333333333,124.0,0.9438444924406049,0.7416756659467244
2023-10-03 20:00:00,22.066666666666666,123.89999999999999,0.9438444924406049,0.7333513318934486
2023-10-03 21:00:00,22.1,123.8,0.9438444924406049,0.7250269978401729
2023-10-03 22:00:00,22.133333333333333,123.7,0.9438444924406049,0.7167026637868972
2023-10-03 23:00:00,22.166666666666664,123.6,0.9438444924406049,0.7083783297336214
2023-10-04 00:00:00,22.2,123.5,0.9438444924406049,0.7000539956803457
2023-10-04 01:00:00,22.183333333333334,123.36666666666667,0.9532037437005041,0.7000539956803457
2023-10-04 02:00:00,22.166666666666668,123.23333333333333,0.9625629949604032,0.7000539956803457
2023-10-04 03:00:00,22.15,123.1,0.9719222462203024,0.7000539956803457
2023-10-04 04:00:00,22.133333333333333,122.96666666666667,0.9812814974802017,0.7000539956803457
2023-10-04 05:00:00,22.116666666666667,122.83333333333334,0.9906407487401008,0.7000539956803457
2023-10-04 06:00:00,22.1,122.7,1.0,0.7000539956803457
2023-10-04 07:00:00,22.083333333333336,122.58333333333334,1.0,0.7167026637868972
2023-10-04 08:00:00,22.066666666666666,122.46666666666667,1.0,0.7333513318934486
2023-10-04 09:00:00,22.05,122.35,1.0,0.75
2023-10-04 10:00:00,22.033333333333335,122.23333333333333,1.0,0.7666486681065515
2023-10-04 11:00:00,22.016666666666666,122.11666666666667,1.0,0.783297336213103
2023-10-04 12:00:00,22.0,122.0,1.0,0.7999460043196545
2023-10-04 13:00:00,21.983333333333334,121.88333333333333,1.0,0.8166396688264939
2023-10-04 14:00:00,21.966666666666665,121.76666666666667,1.0,0.8333333333333334
2023-10-04 15:00:00,21.95,121.65,1.0,0.8500269978401728
2023-10-04 16:00:00,21.933333333333334,121.53333333333333,1.0,0.8667206623470122
2023-10-04 17:00:00,21.916666666666664,121.41666666666666,1.0,0.8834143268538517
2023-10-04 18:00:00,21.9,121.3,1.0,0.9001079913606911
2023-10-04 19:00:00,21.916666666666664,121.21666666666667,0.9816414686825055,0.9167566594672426
2023-10-04 20:00:00,21.933333333333334,121.13333333333333,0.9632829373650108,0.933405327573794
2023-10-04 21:00:00,21.95,121.05,0.9449244060475163,0.9500539956803455
2023-10-04 22:00:00,21.966666666666665,120.96666666666667,0.9265658747300217,0.9667026637868971
2023-10-04 23:00:00,21.983333333333334,120.88333333333333,0.9082073434125271,0.9833513318934485
2023-10-05 00:00:00,22.0,120.8,0.8898488120950325,1.0
2023-10-05 01:00:00,22.016666666666666,120.66666666666666,0.8711303095752341,0.9791666666666667
2023-10-05 02:00:00,22.033333333333335,120.53333333333333,0.8524118070554356,0.9583333333333334
2023-10-05 03:00:00,22.05,120.39999999999999,0.8336933045356372,0.9375
2023-10-05 04:00:00,22.066666666666666,120.26666666666667,0.8149748020158388,0.9166666666666667
2023-10-05 05:00:00,22.083333333333336,120.13333333333333,0.7962562994960404,0.8958333333333335
2023-10-05 06:00:00,22.1,120.0,0.7775377969762419,0.8750000000000001
2023-10-05 07:00:00,22.083333333333336,119.85,0.7775377969762419,0.8541666666666667
2023-10-05 08:00:00,22.066666666666666,119.7,0.7775377969762419,0.8333333333333335
2023-10-05 09:00:00,22.05,119.55,0.7775377969762419,0.8125000000000001
2023-10-05 10:00:00,22.033333333333335,119.39999999999999,0.7775377969762419,0.7916666666666667
2023-10-05 11:00:00,22.016666666666666,119.25,0.7775377969762419,0.7708333333333335
2023-10-05 12:00:00,22.0,119.1,0.7775377969762419,0.7500000000000001
2023-10-05 13:00:00,21.983333333333334,118.98333333333333,0.7681785457163427,0.7500000000000001
2023-10-05 14:00:00,21.966666666666665,118.86666666666666,0.7588192944564435,0.7500000000000001
2023-10-05 15:00:00,21.95,118.75,0.7494600431965444,0.7500000000000001
2023-10-05 16:00:00,21.933333333333334,118.63333333333334,0.7401007919366451,0.7500000000000001
2023-10-05 17:00:00,21.916666666666664,118.51666666666667,0.7307415406767459,0.7500000000000001
2023-10-05 18:00:00,21.9,118.4,0.7213822894168467,0.7500000000000001
2023-10-05 19:00:00,21.883333333333333,118.28333333333333,0.7401007919366451,0.7500000000000001
2023-10-05 20:00:00,21.866666666666667,118.16666666666667,0.7588192944564436,0.7500000000000001
2023-10-05 21:00:00,21.85,118.05000000000001,0.777537796976242,0.7500000000000001
2023-10-05 22:00:00,21.833333333333332,117.93333333333334,0.7962562994960404,0.7500000000000001
2023-10-05 23:00:00,21.816666666666666,117.81666666666666,0.8149748020158388,0.7500000000000001
2023-10-06 00:00:00,21.8,117.7,0.8336933045356373,0.7500000000000001
2023-10-06 01:00:00,21.783333333333335,117.56666666666666,0.8430525557955365,0.7500000000000001
2023-10-06 02:00:00,21.766666666666666,117.43333333333334,0.8524118070554357,0.7500000000000001
2023-10-06 03:00:00,21.75,117.3,0.8617710583153348,0.7500000000000001
2023-10-06 04:00:00,21.733333333333334,117.16666666666667,0.8711303095752341,0.7500000000000001
2023-10-06 05:00:00,21.716666666666665,117.03333333333333,0.8804895608351333,0.7500000000000001
2023-10-06 06:00:00,21.7,116.9,0.8898488120950325,0.7500000000000001
2023-10-06 07:00:00,21.65,116.80000000000001,0.8898488120950325,0.7500000000000001
2023-10-06 08:00:00,21.599999999999998,116.7,0.8898488120950325,0.7500000000000001
2023-10-06 09:00:00,21.549999999999997,116.6,0.8898488120950325,0.7500000000000001
2023-10-06 10:00:00,21.5,116.5,0.8898488120950325,0.7500000000000001
2023-10-06 11:00:00,21.45,116.4,0.8898488120950325,0.7500000000000001
2023-10-06 12:00:00,21.4,116.3,0.8898488120950325,0.7500000000000001
2023-10-06 13:00:00,21.366666666666667,116.2,0.898848092152628,0.7083333333333335
2023-10-06 14:00:00,21.333333333333332,116.1,0.9078473722102233,0.6666666666666667
2023-10-06 15:00:00,21.299999999999997,116.0,0.9168466522678187,0.625
2023-10-06 16:00:00,21.266666666666666,115.9,0.9258459323254141,0.5833333333333334
2023-10-06 17:00:00,21.233333333333334,115.8,0.9348452123830094,0.5416666666666667
2023-10-06 18:00:00,21.2,115.7,0.9438444924406049,0.5
2023-10-06 19:00:00,21.183333333333334,115.65,0.9438444924406049,0.4749820014398848
2023-10-06 20:00:00,21.166666666666668,115.60000000000001,0.9438444924406049,0.4499640028797696
2023-10-06 21:00:00,21.15,115.55000000000001,0.9438444924406049,0.42494600431965446
2023-10-06 22:00:00,21.133333333333333,115.5,0.9438444924406049,0.39992800575953924
2023-10-06 23:00:00,21.116666666666667,115.45,0.9438444924406049,0.374910007199424
2023-10-07 00:00:00,21.1,115.4,0.9438444924406049,0.34989200863930886
2023-10-07 01:00:00,21.116666666666667,115.36666666666667,0.9438444924406049,0.34989200863930886
2023-10-07 02:00:00,21.133333333333333,115.33333333333334,0.9438444924406049,0.34989200863930886
2023-10-07 03:00:00,21.15,115.30000000000001,0.9438444924406049,0.34989200863930886
2023-10-07 04:00:00,21.166666666666668,115.26666666666667,0.9438444924406049,0.34989200863930886
2023-10-07 05:00:00,21.183333333333334,115.23333333333333,0.9438444924406049,0.34989200863930886
2023-10-07 06:00:00,21.2,115.2,0.9438444924406049,0.34989200863930886
2023-10-07 07:00:00,21.216666666666665,115.18333333333334,0.9348452123830094,0.34989200863930886
2023-10-07 08:00:00,21.233333333333334,115.16666666666667,0.9258459323254141,0.34989200863930886
2023-10-07 09:00:00,21.25,115.15,0.9168466522678187,0.34989200863930886
2023-10-07 10:00:00,21.266666666666666,115.13333333333333,0.9078473722102233,0.34989200863930886
2023-10-07 11:00:00,21.283333333333335,115.11666666666666,0.898848092152628,0.34989200863930886
2023-10-07 12:00:00,21.3,115.1,0.8898488120950325,0.34989200863930886
2023-10-07 13:00:00,21.316666666666666,115.06666666666666,0.8804895608351333,0.3540766738660907
2023-10-07 14:00:00,21.333333333333332,115.03333333333333,0.8711303095752341,0.3582613390928726
2023-10-07 15:00:00,21.35,115.0,0.8617710583153348,0.36244600431965446
2023-10-07 16:00:00,21.366666666666667,114.96666666666667,0.8524118070554357,0.3666306695464363
2023-10-07 17:00:00,21.383333333333333,114.93333333333334,0.8430525557955365,0.3708153347732182
2023-10-07 18:00:00,21.4,114.9,0.8336933045356373,0.37500000000000006
2023-10-07 19:00:00,21.416666666666664,114.85000000000001,0.824334053275738,0.3791846652267819
2023-10-07 20:00:00,21.433333333333334,114.8,0.8149748020158388,0.38336933045356375
2023-10-07 21:00:00,21.45,114.75,0.8056155507559396,0.3875539956803456
2023-10-07 22:00:00,21.466666666666665,114.7,0.7962562994960404,0.39173866090712745
2023-10-07 23:00:00,21.483333333333334,114.64999999999999,0.7868970482361412,0.3959233261339093
2023-10-08 00:00:00,21.5,114.6,0.7775377969762419,0.40010799136069114
2023-10-08 01:00:00,21.516666666666666,114.55,0.7775377969762419,0.39173866090712745
2023-10-08 02:00:00,21.533333333333335,114.5,0.7775377969762419,0.3833693304535637
2023-10-08 03:00:00,21.55,114.44999999999999,0.7775377969762419,0.375
2023-10-08 04:00:00,21.566666666666666,114.39999999999999,0.7775377969762419,0.3666306695464363
2023-10-08 05:00:00,21.583333333333336,114.35,0.7775377969762419,0.35826133909287255
2023-10-08 06:00:00,21.6,114.3,0.7775377969762419,0.34989200863930886
2023-10-08 07:00:00,21.616666666666667,114.25,0.7681785457163427,0.33742800575953924
2023-10-08 08:00:00,21.633333333333333,114.2,0.7588192944564435,0.3249640028797696
2023-10-08 09:00:00,21.65,114.15,0.7494600431965444,0.3125
2023-10-08 10:00:00,21.666666666666668,114.1,0.7401007919366451,0.30003599712023044
2023-10-08 11:00:00,21.683333333333334,114.05,0.7307415406767459,0.2875719942404608
2023-10-08 12:00:00,21.7,114.0,0.7213822894168467,0.2751079913606912
