unit_name,formula_raw,hr_a,hr_b,hr_c,fuel_type,fuel_price_ntd_kcal,opf_c2,opf_c1,opf_c0
協和#3,y = 0.0005x2 + 1.8688x + 125.08,0.0005,1.8688,125.08,oil,0.0018,0.0009,3.3638399999999997,225.144
協和#4,y = -0.0002x2 + 2.1977x + 84.411,-0.0002,2.1977,84.411,oil,0.0018,-0.00036,3.9558600000000004,151.9398
林口#1,y = -0.0011x2 + 2.9407x + 97.561,-0.0011,2.9407,97.561,coal,0.00055,-0.0006050000000000001,1.6173850000000003,53.658550000000005
林口#2,y = -0.0012x2 + 3.1284x + 59.903,-0.0012,3.1284,59.903,coal,0.00055,-0.00066,1.7206200000000003,32.946650000000005
林口#3,y = -0.0012x2 + 3.0931x + 59.248,-0.0012,3.0931,59.248,coal,0.00055,-0.00066,1.7012050000000003,32.586400000000005
大潭CC#1(3+1),y = -2E-07x2 + 1.2345x + 400.38,-2e-07,1.2345,400.38,gas,0.0012,-2.4e-07,1.4813999999999998,480.45599999999996
大潭CC#2(3+1),y = -5E-07x2 + 1.2501x + 383.72,-5e-07,1.2501,383.72,gas,0.0012,-6e-07,1.5001199999999997,460.46399999999994
大潭CC#3(2+1),y = 2E-07x2 + 1.4027x + 206.18,2e-07,1.4027,206.18,gas,0.0012,2.4e-07,1.6832399999999998,247.41599999999997
大潭CC#4(2+1),y = -4E-07x2 + 1.4168x + 209.53,-4e-07,1.4168,209.53,gas,0.0012,-4.8e-07,1.70016,251.43599999999998
大潭CC#5(2+1),y = 1E-07x2 + 1.4921x + 165.73,1e-07,1.4921,165.73,gas,0.0012,1.2e-07,1.7905199999999997,198.87599999999998
大潭CC#6(2+1),y = -7E-07x2 + 1.4434x + 195.46,-7e-07,1.4434,195.46,gas,0.0012,-8.399999999999999e-07,1.73208,234.552
通霄CC#1(2+1),y = 0.0004x2 + 0.7728x + 402.46,0.0004,0.7728,402.46,gas,0.0012,0.00047999999999999996,0.92736,482.95199999999994
通霄CC#2(2+1),y = 0.0004x2 + 0.8253x + 356.86,0.0004,0.8253,356.86,gas,0.0012,0.00047999999999999996,0.99036,428.23199999999997
通霄CC#3(2+1),y = 0.0002x2 + 1.0794x + 289.01,0.0002,1.0794,289.01,gas,0.0012,0.00023999999999999998,1.2952799999999998,346.81199999999995
通霄CC#6(2+1),y = 0.001x2 + 0.9939x + 191.5,0.001,0.9939,191.5,gas,0.0012,0.0012,1.19268,229.79999999999998
台中#1,y = 0.0004x2 + 1.8826x + 157.29,0.0004,1.8826,157.29,coal,0.00055,0.00022000000000000003,1.03543,86.5095
台中#2,y = 0.0003x2 + 2.0392x + 137.46,0.0003,2.0392,137.46,coal,0.00055,0.000165,1.1215600000000001,75.60300000000001
台中#3,y = 0.0003x2 + 2.0392x + 137.46,0.0003,2.0392,137.46,coal,0.00055,0.000165,1.1215600000000001,75.60300000000001
台中#4,y = 0.0004x2 + 1.8268x + 157.82,0.0004,1.8268,157.82,coal,0.00055,0.00022000000000000003,1.00474,86.801
台中#5,y = 0.0004x2 + 1.8186x + 157.62,0.0004,1.8186,157.62,coal,0.00055,0.00022000000000000003,1.00023,86.691
台中#6,y = 0.0004x2 + 1.8647x + 155.28,0.0004,1.8647,155.28,coal,0.00055,0.00022000000000000003,1.0255850000000002,85.40400000000001
台中#7,y = 0.0004x2 + 1.8544x + 160.3,0.0004,1.8544,160.3,coal,0.00055,0.00022000000000000003,1.0199200000000002,88.165
台中#8,y = 0.0005x2 + 1.7564x + 179.46,0.0005,1.7564,179.46,coal,0.00055,0.000275,0.96602,98.703
台中#9,y = 0.0006x2 + 1.6459x + 230.78,0.0006,1.6459,230.78,coal,0.00055,0.00033,0.905245,126.929
台中#10,y = 0.0005x2 + 1.7296x + 216.03,0.0005,1.7296,216.03,coal,0.00055,0.000275,0.9512800000000001,118.8165
興達CC#1(3+1),y = 3E-05x2 + 1.5701x + 131.3,3e-05,1.5701,131.3,gas,0.0012,3.6e-05,1.88412,157.55999999999997
興達CC#2(3+1),y = 3E-05x2 + 1.5701x + 131.3,3e-05,1.5701,131.3,gas,0.0012,3.6e-05,1.88412,157.55999999999997
興達CC#3(3+1),y = 5E-05x2 + 1.6295x + 119.82,5e-05,1.6295,119.82,gas,0.0012,5.9999999999999995e-05,1.9553999999999998,143.784
興達CC#4(3+1),y = 2E-05x2 + 1.7072x + 99.993,2e-05,1.7072,99.993,gas,0.0012,2.3999999999999997e-05,2.04864,119.99159999999999
興達CC#5(3+1),y = 0.0001x2 + 1.5163x + 133.84,0.0001,1.5163,133.84,gas,0.0012,0.00011999999999999999,1.8195599999999998,160.60799999999998
南部CC#1(2+1),y = 0.0024x2 + 0.3968x + 236.75,0.0024,0.3968,236.75,gas,0.0012,0.0028799999999999997,0.47615999999999997,284.09999999999997
南部CC#2(2+1),y = 0.0006x2 + 1.3457x + 134.03,0.0006,1.3457,134.03,gas,0.0012,0.0007199999999999999,1.6148399999999996,160.83599999999998
南部CC#3(2+1),y = 0.0021x2 + 0.426x + 264,0.0021,0.426,264.0,gas,0.0012,0.0025199999999999997,0.5112,316.79999999999995
南部CC#4(1+1),y = 0.0031x2 + 0.1048x + 207.84,0.0031,0.1048,207.84,gas,0.0012,0.0037199999999999998,0.12576,249.408
大林#1,y = 5E-05x2 + 1.8711x + 182.21,5e-05,1.8711,182.21,coal,0.00055,2.7500000000000004e-05,1.029105,100.2155
大林#2,y = 4E-05x2 + 1.8765x + 174.76,4e-05,1.8765,174.76,coal,0.00055,2.2000000000000003e-05,1.032075,96.11800000000001
大林#6,y = 0.0002x2 + 1.9843x + 139.82,0.0002,1.9843,139.82,coal,0.00055,0.00011000000000000002,1.0913650000000001,76.90100000000001
