comp_type,comp_name,voltage_code,max_hf,sum_storm_lambda,base_lambda,n_disasters,total_outage_hr,disasters,composite_hf
line,中壢～六機線,L,1.9167,0.091667,0.1,1,11.0,康芮,1.9167
line,中寮~彌力線,L,1.0104,0.001042,0.1,1,0.25,丹娜絲,1.0104
line,中寮～嘉民一路,L,1.0,0.0,0.1,1,0.0,小犬,1.0
line,中港-沙鹿線,L,1.0198,0.001979,0.1,1,1.27,小犬,1.0198
line,仙渡~頂湖二路,L,1.1236,0.020694,0.1,1,2.48,康芮,1.2069
line,北投~興仁線,L,1.0014,0.000139,0.1,1,0.02,康芮,1.0014
line,北港~澎湖、四湖一路,L,1.0931,0.009306,0.1,1,2.23,丹娜絲,1.0931
line,北港～台西線,L,1.0771,0.007708,0.1,1,4.93,小犬,1.0771
line,北港～新港二路,L,1.0007,6.9e-05,0.1,1,0.02,丹娜絲,1.0007
line,南港～深坑、中研線,L,1.1764,0.017639,0.1,1,2.12,康芮,1.1764
line,博嘉～木柵線,L,1.0569,0.005694,0.1,1,0.68,康芮,1.0569
line,博嘉～深坑、木柵線,L,1.0569,0.005694,0.1,1,0.68,康芮,1.0569
line,台南～保安線,L,1.6264,0.062639,0.1,1,7.52,凱米,1.6264
line,台康~新營、大寮一路,L,1.0035,0.000347,0.1,1,0.08,丹娜絲,1.0035
line,台東~知本、 加津線,L,1.0365,0.003646,0.1,1,2.33,小犬,1.0365
line,台東～東河線,L,1.1216,0.012161,0.1,1,7.78,小犬,1.1216
line,合豐光~枋山、恆春線,L,1.0771,0.007708,0.1,1,4.93,小犬,1.0771
line,后里~義和 紅線,L,1.0,0.0,0.1,1,0.0,凱米,1.0
line,后里~義和紅線,L,1.0,0.0,0.1,1,0.0,凱米,1.0
line,和仁~蘇東線,L,1.0556,0.005556,0.1,1,0.67,凱米,1.0556
line,和平~冬山白線,L,1.0083,0.000833,0.1,1,0.1,凱米,1.0083
line,和平~冬山紅線,L,1.0028,0.000278,0.1,1,0.03,康芮,1.0028
line,善化~善啤 得力分歧線,L,1.0008,7.8e-05,0.1,1,0.05,小犬,1.0008
line,嘉太～朴子線,L,1.1333,0.013333,0.1,1,3.2,丹娜絲,1.1333
line,嘉民～柳營山線,L,1.0535,0.005347,0.1,1,1.28,丹娜絲,1.0535
line,嘉民～龍崎紅線,L,1.0,0.0,0.1,1,0.0,丹娜絲,1.0
line,嘉義~新營、山上白線,L,1.0,0.0,0.1,1,0.0,丹娜絲,1.0
line,嘉義～三和線,L,1.0278,0.002778,0.1,1,0.67,丹娜絲,1.0278
line,嘉義～仁愛山線,L,1.05,0.005,0.1,1,1.2,丹娜絲,1.05
line,嘉義～和睦山線,L,1.1062,0.010625,0.1,1,2.55,丹娜絲,1.1062
line,嘉義～秀林二路,L,1.0,0.0,0.1,1,0.0,丹娜絲,1.0
line,基隆～暖暖、福祿線,L,1.0014,0.000139,0.1,1,0.02,康芮,1.0014
line,大同~四平、士林線,L,1.0,0.0,0.1,1,0.0,康芮,1.0
line,大寮～新塭線,L,1.041,0.004097,0.1,1,0.98,丹娜絲,1.041
line,大觀~鳳林線,L,3.3694,0.236944,0.1,1,28.43,康芮,3.3694
line,大鵬～楓港海線,L,1.0026,0.00026,0.1,1,0.17,小犬,1.0026
line,天輪～龍崎海線,L,1.2194,0.021944,0.1,1,5.27,丹娜絲,1.2194
line,富里～重安線,L,5.6375,0.46375,0.1,1,55.65,康芮,5.6375
line,岡山～大湖線,L,1.0306,0.003056,0.1,1,0.73,丹娜絲,1.0306
line,峨眉~中寮、 霧峰白線,L,3.2,0.22,0.1,1,26.4,凱米,3.2
line,峨眉~中寮、霧峰白線,L,1.5153,0.051528,0.1,1,6.18,凱米,1.5153
line,廣宇~永麒 、東石線,L,2.0917,0.109167,0.1,1,69.87,小犬,2.0917
line,德基～天輪南線,L,1.001,0.000104,0.1,1,0.07,小犬,1.001
line,心忠~新營、東盟、榮剛、榮重線,L,1.0,0.0,0.1,1,0.0,丹娜絲,1.0
line,恆春～海博線,L,1.0135,0.001354,0.1,1,0.87,小犬,1.0135
line,新塭～永華線,L,1.0,0.0,0.1,1,0.0,丹娜絲,1.0
line,新營~營糖、營紙、史谷脫線,L,1.0,0.0,0.1,1,0.0,丹娜絲,1.0
line,新營~白河、水上線,L,1.0861,0.008611,0.1,1,2.07,丹娜絲,1.0861
line,新營～下營二路,L,1.0,0.0,0.1,1,0.0,丹娜絲,1.0
line,新營～大寮二路,L,1.1361,0.013611,0.1,1,3.27,丹娜絲,1.1361
line,新營～學甲二路,L,1.0007,6.9e-05,0.1,1,0.02,丹娜絲,1.0007
line,新營～新西線,L,1.0,0.0,0.1,1,0.0,丹娜絲,1.0
line,新竹~鐵竹白線,L,1.0014,0.000139,0.1,1,0.02,康芮,1.0014
line,新竹~鐵竹紅線,L,1.0014,0.000139,0.1,1,0.02,康芮,1.0014
line,日南~廣源 中威線,L,1.0014,0.000139,0.1,1,0.02,康芮,1.0014
line,明潭～鳳林線,L,3.5944,0.259444,0.1,1,31.13,康芮,3.5944
line,曾文~白河線,L,1.0063,0.000625,0.1,1,0.15,丹娜絲,1.0062
line,松林～埔里線,L,1.3722,0.037222,0.1,1,4.47,康芮,1.3722
line,板橋~中和、安康、德儀紅線,L,1.0236,0.002361,0.1,1,0.28,康芮,1.0236
line,板橋~土城、耀華、同峽、介壽線,L,1.9042,0.090417,0.1,1,10.85,康芮,1.9042
line,板橋~土城線,L,1.0014,0.000139,0.1,1,0.02,康芮,1.0014
line,枋寮~鐵枋線,L,1.0008,7.8e-05,0.1,1,0.05,小犬,1.0008
line,枋山～恆春線,L,1.0008,7.8e-05,0.1,1,0.05,小犬,1.0008
line,核一～汐止白線,L,1.0069,0.000694,0.1,1,0.08,康芮,1.0069
line,核三～大鵬三路,L,1.0003,2.6e-05,0.1,1,0.02,小犬,1.0003
line,核三～大鵬二路,L,1.0263,0.00263,0.1,1,1.68,小犬,1.0263
line,核三～楓港線,L,1.1094,0.010938,0.1,1,7.0,小犬,1.1094
line,核三～瀰力線,L,1.0003,2.6e-05,0.1,1,0.02,小犬,1.0003
line,核二～汐止四路,L,1.0903,0.009028,0.1,1,1.08,康芮,1.0903
line,楓港~九鵬、楓公線,L,1.266,0.044722,0.1,2,17.98,"丹娜絲, 小犬",1.4472
line,楓港～墾丁線,L,1.013,0.001302,0.1,1,0.83,小犬,1.013
line,楓港～枋山線,L,1.001,0.000104,0.1,1,0.07,小犬,1.001
line,汐止～板橋白線,L,1.1778,0.017778,0.1,1,2.13,康芮,1.1778
line,汐止～板橋紅線,L,1.0,0.0,0.1,1,0.0,康芮,1.0
line,深坑~政大,L,1.0,0.0,0.1,1,0.0,康芮,1.0
line,深美~七張一路,L,1.0014,0.000139,0.1,1,0.02,康芮,1.0014
line,深美~七張二路,L,1.0014,0.000139,0.1,1,0.02,康芮,1.0014
line,深美~台北、南港、臥龍、義捷線,L,1.0236,0.002361,0.1,1,0.28,康芮,1.0236
line,深美~龍潭 紅線,L,1.0,0.0,0.1,1,0.0,康芮,1.0
line,深美~龍潭紅線,L,1.0014,0.000139,0.1,1,0.02,康芮,1.0014
line,深美～冬山一路,L,1.0069,0.000694,0.1,1,0.08,康芮,1.0069
line,深美～冬山二路,L,1.0458,0.004583,0.1,1,0.55,康芮,1.0458
line,深美～板橋白線,L,1.0,0.0,0.1,1,0.0,康芮,1.0
line,深美～板橋紅線,L,2.2694,0.126944,0.1,1,15.23,康芮,2.2694
line,清水～銅門線,L,6.1333,0.513333,0.1,1,61.6,康芮,6.1333
line,溪口~鳳林、生豐光線,L,1.0014,0.000139,0.1,1,0.02,康芮,1.0014
line,烏來～桂山線,L,1.1625,0.01625,0.1,1,1.95,康芮,1.1625
line,玉里～東成線,L,1.0014,0.000139,0.1,1,0.02,康芮,1.0014
line,瑞穗～富里線,L,6.0111,0.501111,0.1,1,60.13,康芮,6.0111
line,瑞芳～雙溪線,L,4.3694,0.336944,0.1,1,40.43,康芮,4.3694
line,田寮~新西、學甲線,L,1.0035,0.000347,0.1,1,0.08,丹娜絲,1.0035
line,碧海~冬山線,L,2.0347,0.103472,0.1,1,12.42,凱米,2.0347
line,福安～榮華線,L,1.0861,0.008611,0.1,1,1.03,康芮,1.0861
line,秀林~中正、福隆、嘉酒、福隆二線,L,1.0021,0.000208,0.1,1,0.05,丹娜絲,1.0021
line,秀林~頭橋、福隆二線,L,1.0007,6.9e-05,0.1,1,0.02,丹娜絲,1.0007
line,立霧～北埔線,L,3.625,0.2625,0.1,1,31.5,康芮,3.625
line,立霧～花蓮線,L,3.6264,0.44166700000000003,0.1,2,53.0,"凱米, 康芮",5.4167
line,羅東~信大、冬石、東南、新星儲線,L,1.0014,0.000139,0.1,1,0.02,康芮,1.0014
line,花蓮~北埔、佳山線,L,8.5792,0.757917,0.1,1,90.95,康芮,8.5792
line,茂泓~永華、學甲線,L,1.0028,0.000278,0.1,1,0.07,丹娜絲,1.0028
line,萬大～鉅工線,L,1.0028,0.000486,0.1,2,0.2,"丹娜絲, 小犬",1.0049
line,通霄~三義 銅鑼線,L,1.0028,0.000278,0.1,1,0.03,凱米,1.0028
line,銅門~花蓮、榕樹 甲線,L,1.0028,0.000278,0.1,1,0.03,康芮,1.0028
line,銅門～溪口線,L,3.6139,0.261389,0.1,1,31.37,康芮,3.6139
line,關山~富里線,L,3.3681,0.236945,0.1,2,28.44,"凱米, 康芮",3.3694
line,關山～東河線,L,1.0,0.0,0.1,1,0.0,康芮,1.0
line,關連~玻福、玻三線,L,1.0003,2.6e-05,0.1,1,0.02,小犬,1.0003
line,陽明～興仁線,L,2.5111,0.151111,0.1,1,18.13,康芮,2.5111
line,頭橋～嘉太線,L,1.0403,0.004028,0.1,1,0.97,丹娜絲,1.0403
line,鳳林~花蓮、 壽豐二路,L,1.0056,0.000556,0.1,1,0.07,康芮,1.0056
line,龍溪~龍澗、龍溪抽水站線,L,3.2319,0.223194,0.1,1,26.78,康芮,3.2319
line,龍澗～花蓮乙線,L,1.2028,0.020278,0.1,1,2.43,康芮,1.2028
transformer,九德,S,1.4764,0.01191,0.025,1,5.72,康芮,1.4764
transformer,初英,G,1.7097,0.010646,0.015,1,8.52,康芮,1.7097
transformer,勝安,D,1.6778,0.033889,0.05,1,8.13,康芮,1.6778
transformer,北嶺,D,1.0,0.0,0.05,1,0.0,凱米,1.0
transformer,博愛,S,2.6278,0.040694,0.025,1,39.07,丹娜絲,2.6278
transformer,台西,D,1.5972,0.029861,0.05,1,7.17,康芮,1.5972
transformer,和睦,S,2.6146,0.040365,0.025,1,38.75,丹娜絲,2.6146
transformer,嘉埔,S,2.6528,0.041319,0.025,1,39.67,丹娜絲,2.6528
transformer,奮起,S,1.6535,0.016337,0.025,1,15.68,丹娜絲,1.6535
transformer,富里,S,1.3319,0.008299,0.025,1,3.98,康芮,1.332
transformer,新塭,S,2.891,0.047274,0.025,1,45.38,丹娜絲,2.891
transformer,楠梓,D,1.0056,0.000278,0.05,1,0.07,凱米,1.0056
transformer,溪口,G,1.5903,0.008854,0.015,1,7.08,康芮,1.5903
transformer,烏來,S,4.5917,0.089792,0.025,1,43.1,康芮,4.5917
transformer,立霧,G,1.6125,0.009187,0.015,1,7.35,康芮,1.6125
transformer,經貿,D,1.0,0.0,0.05,1,0.0,凱米,1.0
transformer,美崙,S,1.6806,0.017014,0.025,1,8.17,康芮,1.6806
transformer,義竹,D,2.6035,0.080174,0.05,1,38.48,丹娜絲,2.6035
transformer,花市,S,1.7944,0.019861,0.025,1,9.53,康芮,1.7944
transformer,花港,S,1.7819,0.019549,0.025,1,9.38,康芮,1.782
transformer,花蓮,P,1.6847,0.010271,0.015,1,8.22,康芮,1.6847
transformer,蘭嶼,S,1.0367,0.000918,0.025,1,2.35,小犬,1.0367
transformer,錦水,S,1.0016,3.9e-05,0.025,1,0.1,小犬,1.0016
transformer,雲高,C,1.0013,4.6e-05,0.035,1,0.08,小犬,1.0013
