comp_type,comp_name,disaster,disaster_en,voltage_code,district,n_events,outage_hours,base_lambda,storm_lambda,hazard_factor
transformer,義竹,丹娜絲,Typhoon Dana,D,嘉義區營業處,1,38.48,0.05,0.080174,2.6035
transformer,博愛,丹娜絲,Typhoon Dana,S,嘉義區營業處,1,39.07,0.025,0.040694,2.6278
transformer,和睦,丹娜絲,Typhoon Dana,S,嘉義區營業處,1,38.75,0.025,0.040365,2.6146
transformer,嘉埔,丹娜絲,Typhoon Dana,S,嘉義區營業處,1,39.67,0.025,0.041319,2.6528
transformer,奮起,丹娜絲,Typhoon Dana,S,嘉義區營業處,1,15.68,0.025,0.016337,1.6535
transformer,新塭,丹娜絲,Typhoon Dana,S,嘉義區營業處,1,45.38,0.025,0.047274,2.891
transformer,北嶺,凱米,Typhoon Gaemi,D,高屏供電區處,1,0.0,0.05,0.0,1.0
transformer,楠梓,凱米,Typhoon Gaemi,D,高屏供電區處,2,0.07,0.05,0.000278,1.0056
transformer,經貿,凱米,Typhoon Gaemi,D,高屏供電區處,1,0.0,0.05,0.0,1.0
transformer,雲高,小犬,Typhoon Koinu,C,嘉南供電區處,1,0.08,0.035,4.6e-05,1.0013
transformer,蘭嶼,小犬,Typhoon Koinu,S,台東區營業處,4,2.35,0.025,0.000918,1.0367
transformer,錦水,小犬,Typhoon Koinu,S,苗栗區營業處,3,0.1,0.025,3.9e-05,1.0016
transformer,勝安,康芮,Typhoon Kong-rey,D,花蓮區營業處,1,8.13,0.05,0.033889,1.6778
transformer,台西,康芮,Typhoon Kong-rey,D,嘉南供電區處,1,7.17,0.05,0.029861,1.5972
transformer,初英,康芮,Typhoon Kong-rey,G,花蓮區營業處,1,8.52,0.015,0.010646,1.7097
transformer,溪口,康芮,Typhoon Kong-rey,G,花蓮區營業處,1,7.08,0.015,0.008854,1.5903
transformer,立霧,康芮,Typhoon Kong-rey,G,花蓮區營業處,1,7.35,0.015,0.009187,1.6125
transformer,花蓮,康芮,Typhoon Kong-rey,P,花蓮區營業處,1,8.22,0.015,0.010271,1.6847
transformer,九德,康芮,Typhoon Kong-rey,S,台中供電區處,2,5.72,0.025,0.01191,1.4764
transformer,富里,康芮,Typhoon Kong-rey,S,花蓮區營業處,3,3.98,0.025,0.008299,1.3319
transformer,烏來,康芮,Typhoon Kong-rey,S,北南區營業處,2,43.1,0.025,0.089792,4.5917
transformer,美崙,康芮,Typhoon Kong-rey,S,花蓮區營業處,1,8.17,0.025,0.017014,1.6806
transformer,花市,康芮,Typhoon Kong-rey,S,花蓮區營業處,1,9.53,0.025,0.019861,1.7944
transformer,花港,康芮,Typhoon Kong-rey,S,花蓮區營業處,1,9.38,0.025,0.019549,1.7819
line,中寮~彌力線,丹娜絲,Typhoon Dana,L,台中供電區處,1,0.25,0.1,0.001042,1.0104
line,北港~澎湖、四湖一路,丹娜絲,Typhoon Dana,L,嘉南供電區處,1,2.23,0.1,0.009306,1.0931
line,北港～新港二路,丹娜絲,Typhoon Dana,L,嘉南供電區處,1,0.02,0.1,6.9e-05,1.0007
line,台康~新營、大寮一路,丹娜絲,Typhoon Dana,L,嘉南供電區處,2,0.08,0.1,0.000347,1.0035
line,嘉太～朴子線,丹娜絲,Typhoon Dana,L,嘉南供電區處,1,3.2,0.1,0.013333,1.1333
line,嘉民～柳營山線,丹娜絲,Typhoon Dana,L,嘉南供電區處,2,1.28,0.1,0.005347,1.0535
line,嘉民～龍崎紅線,丹娜絲,Typhoon Dana,L,嘉南供電區處,1,0.0,0.1,0.0,1.0
line,嘉義~新營、山上白線,丹娜絲,Typhoon Dana,L,嘉南供電區處,4,0.0,0.1,0.0,1.0
line,嘉義～三和線,丹娜絲,Typhoon Dana,L,嘉南供電區處,1,0.67,0.1,0.002778,1.0278
line,嘉義～仁愛山線,丹娜絲,Typhoon Dana,L,嘉南供電區處,1,1.2,0.1,0.005,1.05
line,嘉義～和睦山線,丹娜絲,Typhoon Dana,L,嘉南供電區處,1,2.55,0.1,0.010625,1.1062
line,嘉義～秀林二路,丹娜絲,Typhoon Dana,L,嘉南供電區處,1,0.0,0.1,0.0,1.0
line,大寮～新塭線,丹娜絲,Typhoon Dana,L,嘉南供電區處,2,0.98,0.1,0.004097,1.041
line,天輪～龍崎海線,丹娜絲,Typhoon Dana,L,台中供電區處,4,5.27,0.1,0.021944,1.2194
line,岡山～大湖線,丹娜絲,Typhoon Dana,L,高屏供電區處,1,0.73,0.1,0.003056,1.0306
line,心忠~新營、東盟、榮剛、榮重線,丹娜絲,Typhoon Dana,L,嘉南供電區處,1,0.0,0.1,0.0,1.0
line,新塭～永華線,丹娜絲,Typhoon Dana,L,嘉南供電區處,1,0.0,0.1,0.0,1.0
line,新營~營糖、營紙、史谷脫線,丹娜絲,Typhoon Dana,L,嘉南供電區處,1,0.0,0.1,0.0,1.0
line,新營~白河、水上線,丹娜絲,Typhoon Dana,L,嘉南供電區處,2,2.07,0.1,0.008611,1.0861
line,新營～下營二路,丹娜絲,Typhoon Dana,L,嘉南供電區處,1,0.0,0.1,0.0,1.0
line,新營～大寮二路,丹娜絲,Typhoon Dana,L,嘉南供電區處,4,3.27,0.1,0.013611,1.1361
line,新營～學甲二路,丹娜絲,Typhoon Dana,L,嘉南供電區處,1,0.02,0.1,6.9e-05,1.0007
line,新營～新西線,丹娜絲,Typhoon Dana,L,嘉南供電區處,1,0.0,0.1,0.0,1.0
line,曾文~白河線,丹娜絲,Typhoon Dana,L,嘉南供電區處,1,0.15,0.1,0.000625,1.0063
line,楓港~九鵬、楓公線,丹娜絲,Typhoon Dana,L,高屏供電區處,1,6.38,0.1,0.026597,1.266
line,田寮~新西、學甲線,丹娜絲,Typhoon Dana,L,嘉南供電區處,1,0.08,0.1,0.000347,1.0035
line,秀林~中正、福隆、嘉酒、福隆二線,丹娜絲,Typhoon Dana,L,嘉南供電區處,1,0.05,0.1,0.000208,1.0021
line,秀林~頭橋、福隆二線,丹娜絲,Typhoon Dana,L,嘉南供電區處,1,0.02,0.1,6.9e-05,1.0007
line,茂泓~永華、學甲線,丹娜絲,Typhoon Dana,L,嘉南供電區處,1,0.07,0.1,0.000278,1.0028
line,萬大～鉅工線,丹娜絲,Typhoon Dana,L,台中供電區處,1,0.07,0.1,0.000278,1.0028
line,頭橋～嘉太線,丹娜絲,Typhoon Dana,L,嘉南供電區處,1,0.97,0.1,0.004028,1.0403
line,台南～保安線,凱米,Typhoon Gaemi,L,嘉南供電區處,1,7.52,0.1,0.062639,1.6264
line,后里~義和 紅線,凱米,Typhoon Gaemi,L,台中供電區處,1,0.0,0.1,0.0,1.0
line,后里~義和紅線,凱米,Typhoon Gaemi,L,新桃供電區處,1,0.0,0.1,0.0,1.0
line,和仁~蘇東線,凱米,Typhoon Gaemi,L,台北供電區處,3,0.67,0.1,0.005556,1.0556
line,和平~冬山白線,凱米,Typhoon Gaemi,L,台北供電區處,1,0.1,0.1,0.000833,1.0083
line,峨眉~中寮、 霧峰白線,凱米,Typhoon Gaemi,L,台中供電區處,2,26.4,0.1,0.22,3.2
line,峨眉~中寮、霧峰白線,凱米,Typhoon Gaemi,L,新桃供電區處,2,6.18,0.1,0.051528,1.5153
line,碧海~冬山線,凱米,Typhoon Gaemi,L,台北供電區處,2,12.42,0.1,0.103472,2.0347
line,立霧～花蓮線,凱米,Typhoon Gaemi,L,花東供電區處,4,21.48,0.1,0.179028,2.7903
line,通霄~三義 銅鑼線,凱米,Typhoon Gaemi,L,新桃供電區處,2,0.03,0.1,0.000278,1.0028
line,關山~富里線,凱米,Typhoon Gaemi,L,花東供電區處,1,0.02,0.1,0.000139,1.0014
line,中寮～嘉民一路,小犬,Typhoon Koinu,L,台中供電區處,2,0.0,0.1,0.0,1.0
line,中港-沙鹿線,小犬,Typhoon Koinu,L,台中供電區處,1,1.27,0.1,0.001979,1.0198
line,北港～台西線,小犬,Typhoon Koinu,L,嘉南供電區處,4,4.93,0.1,0.007708,1.0771
line,台東~知本、 加津線,小犬,Typhoon Koinu,L,花東供電區處,2,2.33,0.1,0.003646,1.0365
line,台東～東河線,小犬,Typhoon Koinu,L,花東供電區處,1,7.78,0.1,0.012161,1.1216
line,合豐光~枋山、恆春線,小犬,Typhoon Koinu,L,高屏供電區處,2,4.93,0.1,0.007708,1.0771
line,善化~善啤 得力分歧線,小犬,Typhoon Koinu,L,嘉南供電區處,1,0.05,0.1,7.8e-05,1.0008
line,大鵬～楓港海線,小犬,Typhoon Koinu,L,高屏供電區處,1,0.17,0.1,0.00026,1.0026
line,廣宇~永麒 、東石線,小犬,Typhoon Koinu,L,嘉南供電區處,1,69.87,0.1,0.109167,2.0917
line,德基～天輪南線,小犬,Typhoon Koinu,L,台中供電區處,1,0.07,0.1,0.000104,1.001
line,恆春～海博線,小犬,Typhoon Koinu,L,高屏供電區處,1,0.87,0.1,0.001354,1.0135
line,枋寮~鐵枋線,小犬,Typhoon Koinu,L,高屏供電區處,1,0.05,0.1,7.8e-05,1.0008
line,枋山～恆春線,小犬,Typhoon Koinu,L,高屏供電區處,2,0.05,0.1,7.8e-05,1.0008
line,核三～大鵬三路,小犬,Typhoon Koinu,L,高屏供電區處,1,0.02,0.1,2.6e-05,1.0003
line,核三～大鵬二路,小犬,Typhoon Koinu,L,高屏供電區處,3,1.68,0.1,0.00263,1.0263
line,核三～楓港線,小犬,Typhoon Koinu,L,高屏供電區處,2,7.0,0.1,0.010938,1.1094
line,核三～瀰力線,小犬,Typhoon Koinu,L,高屏供電區處,1,0.02,0.1,2.6e-05,1.0003
line,楓港~九鵬、楓公線,小犬,Typhoon Koinu,L,高屏供電區處,1,11.6,0.1,0.018125,1.1812
line,楓港～墾丁線,小犬,Typhoon Koinu,L,高屏供電區處,1,0.83,0.1,0.001302,1.013
line,楓港～枋山線,小犬,Typhoon Koinu,L,高屏供電區處,1,0.07,0.1,0.000104,1.001
line,萬大～鉅工線,小犬,Typhoon Koinu,L,台中供電區處,1,0.13,0.1,0.000208,1.0021
line,關連~玻福、玻三線,小犬,Typhoon Koinu,L,台中供電區處,1,0.02,0.1,2.6e-05,1.0003
line,中壢～六機線,康芮,Typhoon Kong-rey,L,新桃供電區處,1,11.0,0.1,0.091667,1.9167
line,仙渡~頂湖二路,康芮,Typhoon Kong-rey,L,台北供電區處,1,1.48,0.1,0.012361,1.1236
line,仙渡~頂湖二路,康芮,Typhoon Kong-rey,L,新桃供電區處,1,1.0,0.1,0.008333,1.0833
line,北投~興仁線,康芮,Typhoon Kong-rey,L,台北供電區處,1,0.02,0.1,0.000139,1.0014
line,南港～深坑、中研線,康芮,Typhoon Kong-rey,L,台北供電區處,1,2.12,0.1,0.017639,1.1764
line,博嘉～木柵線,康芮,Typhoon Kong-rey,L,台北供電區處,1,0.68,0.1,0.005694,1.0569
line,博嘉～深坑、木柵線,康芮,Typhoon Kong-rey,L,台北供電區處,1,0.68,0.1,0.005694,1.0569
line,和平~冬山紅線,康芮,Typhoon Kong-rey,L,台北供電區處,1,0.03,0.1,0.000278,1.0028
line,基隆～暖暖、福祿線,康芮,Typhoon Kong-rey,L,台北供電區處,1,0.02,0.1,0.000139,1.0014
line,大同~四平、士林線,康芮,Typhoon Kong-rey,L,台北供電區處,1,0.0,0.1,0.0,1.0
line,大觀~鳳林線,康芮,Typhoon Kong-rey,L,花東供電區處,5,28.43,0.1,0.236944,3.3694
line,富里～重安線,康芮,Typhoon Kong-rey,L,花東供電區處,6,55.65,0.1,0.46375,5.6375
line,新竹~鐵竹白線,康芮,Typhoon Kong-rey,L,新桃供電區處,1,0.02,0.1,0.000139,1.0014
line,新竹~鐵竹紅線,康芮,Typhoon Kong-rey,L,新桃供電區處,1,0.02,0.1,0.000139,1.0014
line,日南~廣源 中威線,康芮,Typhoon Kong-rey,L,新桃供電區處,1,0.02,0.1,0.000139,1.0014
line,明潭～鳳林線,康芮,Typhoon Kong-rey,L,花東供電區處,6,31.13,0.1,0.259444,3.5944
line,松林～埔里線,康芮,Typhoon Kong-rey,L,台中供電區處,1,4.47,0.1,0.037222,1.3722
line,板橋~中和、安康、德儀紅線,康芮,Typhoon Kong-rey,L,台北供電區處,2,0.28,0.1,0.002361,1.0236
line,板橋~土城、耀華、同峽、介壽線,康芮,Typhoon Kong-rey,L,台北供電區處,2,10.85,0.1,0.090417,1.9042
line,板橋~土城線,康芮,Typhoon Kong-rey,L,台北供電區處,1,0.02,0.1,0.000139,1.0014
line,核一～汐止白線,康芮,Typhoon Kong-rey,L,台北供電區處,1,0.08,0.1,0.000694,1.0069
line,核二～汐止四路,康芮,Typhoon Kong-rey,L,台北供電區處,1,1.08,0.1,0.009028,1.0903
line,汐止～板橋白線,康芮,Typhoon Kong-rey,L,台北供電區處,1,2.13,0.1,0.017778,1.1778
line,汐止～板橋紅線,康芮,Typhoon Kong-rey,L,台北供電區處,1,0.0,0.1,0.0,1.0
line,深坑~政大,康芮,Typhoon Kong-rey,L,台北供電區處,1,0.0,0.1,0.0,1.0
line,深美~七張一路,康芮,Typhoon Kong-rey,L,台北供電區處,1,0.02,0.1,0.000139,1.0014
line,深美~七張二路,康芮,Typhoon Kong-rey,L,台北供電區處,1,0.02,0.1,0.000139,1.0014
line,深美~台北、南港、臥龍、義捷線,康芮,Typhoon Kong-rey,L,台北供電區處,1,0.28,0.1,0.002361,1.0236
line,深美~龍潭 紅線,康芮,Typhoon Kong-rey,L,台北供電區處,1,0.0,0.1,0.0,1.0
line,深美~龍潭紅線,康芮,Typhoon Kong-rey,L,新桃供電區處,1,0.02,0.1,0.000139,1.0014
line,深美～冬山一路,康芮,Typhoon Kong-rey,L,台北供電區處,1,0.08,0.1,0.000694,1.0069
line,深美～冬山二路,康芮,Typhoon Kong-rey,L,台北供電區處,1,0.55,0.1,0.004583,1.0458
line,深美～板橋白線,康芮,Typhoon Kong-rey,L,台北供電區處,1,0.0,0.1,0.0,1.0
line,深美～板橋紅線,康芮,Typhoon Kong-rey,L,台北供電區處,5,15.23,0.1,0.126944,2.2694
line,清水～銅門線,康芮,Typhoon Kong-rey,L,花東供電區處,3,61.6,0.1,0.513333,6.1333
line,溪口~鳳林、生豐光線,康芮,Typhoon Kong-rey,L,花東供電區處,1,0.02,0.1,0.000139,1.0014
line,烏來～桂山線,康芮,Typhoon Kong-rey,L,台北供電區處,1,1.95,0.1,0.01625,1.1625
line,玉里～東成線,康芮,Typhoon Kong-rey,L,花東供電區處,2,0.02,0.1,0.000139,1.0014
line,瑞穗～富里線,康芮,Typhoon Kong-rey,L,花東供電區處,3,60.13,0.1,0.501111,6.0111
line,瑞芳～雙溪線,康芮,Typhoon Kong-rey,L,台北供電區處,2,40.43,0.1,0.336944,4.3694
line,福安～榮華線,康芮,Typhoon Kong-rey,L,新桃供電區處,5,1.03,0.1,0.008611,1.0861
line,立霧～北埔線,康芮,Typhoon Kong-rey,L,花東供電區處,1,31.5,0.1,0.2625,3.625
line,立霧～花蓮線,康芮,Typhoon Kong-rey,L,花東供電區處,1,31.52,0.1,0.262639,3.6264
line,羅東~信大、冬石、東南、新星儲線,康芮,Typhoon Kong-rey,L,台北供電區處,1,0.02,0.1,0.000139,1.0014
line,花蓮~北埔、佳山線,康芮,Typhoon Kong-rey,L,花東供電區處,3,90.95,0.1,0.757917,8.5792
line,銅門~花蓮、榕樹 甲線,康芮,Typhoon Kong-rey,L,花東供電區處,1,0.03,0.1,0.000278,1.0028
line,銅門～溪口線,康芮,Typhoon Kong-rey,L,花東供電區處,2,31.37,0.1,0.261389,3.6139
line,關山~富里線,康芮,Typhoon Kong-rey,L,花東供電區處,2,28.42,0.1,0.236806,3.3681
line,關山～東河線,康芮,Typhoon Kong-rey,L,花東供電區處,1,0.0,0.1,0.0,1.0
line,陽明～興仁線,康芮,Typhoon Kong-rey,L,台北供電區處,1,18.13,0.1,0.151111,2.5111
line,鳳林~花蓮、 壽豐二路,康芮,Typhoon Kong-rey,L,花東供電區處,1,0.07,0.1,0.000556,1.0056
line,龍溪~龍澗、龍溪抽水站線,康芮,Typhoon Kong-rey,L,花東供電區處,1,26.78,0.1,0.223194,3.2319
line,龍澗～花蓮乙線,康芮,Typhoon Kong-rey,L,花東供電區處,4,2.43,0.1,0.020278,1.2028
