fuel_type,plant_name,unit_name,pmax_kw,pmax_mw,total_outage_hr,planned_outage_hr,unplanned_outage_hr,n_unplanned_events,service_hr,for_rate,mttr_hr,mu_per_hr,lambda_per_hr
地熱,仁澤地熱發電站,#1,840,0.84,2016.68,702.72,1313.97,3,6743.32,0.163078,437.99,0.00228316,0.00044488
抽蓄水力,大觀電廠,大觀(二)#1,250000,250.0,804.2,804.2,0.0,0,7955.8,0.001,72.0,0.01388889,1.39e-05
抽蓄水力,大觀電廠,大觀(二)#2,250000,250.0,1693.52,1693.52,0.0,0,7066.48,0.001,72.0,0.01388889,1.39e-05
抽蓄水力,大觀電廠,大觀(二)#3,250000,250.0,496.43,496.43,0.0,0,8263.57,0.001,72.0,0.01388889,1.39e-05
抽蓄水力,大觀電廠,大觀(二)#4,250000,250.0,327.52,327.52,0.0,0,8432.48,0.001,72.0,0.01388889,1.39e-05
抽蓄水力,明潭電廠,明潭#1,267000,267.0,327.05,327.05,0.0,0,8432.95,0.001,72.0,0.01388889,1.39e-05
抽蓄水力,明潭電廠,明潭#2,267000,267.0,279.63,279.63,0.0,0,8480.37,0.001,72.0,0.01388889,1.39e-05
抽蓄水力,明潭電廠,明潭#3,267000,267.0,355.9,355.9,0.0,0,8404.1,0.001,72.0,0.01388889,1.39e-05
抽蓄水力,明潭電廠,明潭#4,267000,267.0,448.18,448.18,0.0,0,8311.82,0.001,72.0,0.01388889,1.39e-05
抽蓄水力,明潭電廠,明潭#5,267000,267.0,1832.25,1832.25,0.0,0,6927.75,0.001,72.0,0.01388889,1.39e-05
抽蓄水力,明潭電廠,明潭#6,267000,267.0,3537.6,3537.6,0.0,0,5222.4,0.001,72.0,0.01388889,1.39e-05
燃氣,南部電廠,南複#4GT,248000,248.0,627.7,500.38,127.32,1,8132.3,0.015414,127.32,0.00785443,0.00012297
燃氣,南部電廠,南複GT1-1,86500,86.5,337.02,335.65,1.37,1,8422.98,0.001,1.37,0.73170732,0.00073244
燃氣,南部電廠,南複GT1-2,86500,86.5,317.6,316.23,1.37,1,8442.4,0.001,1.37,0.73170732,0.00073244
燃氣,南部電廠,南複GT2-1,86500,86.5,3552.53,3549.43,3.1,1,5207.47,0.001,3.1,0.32258065,0.0003229
燃氣,南部電廠,南複GT2-2,86500,86.5,3051.48,3051.48,0.0,0,5708.52,0.001,72.0,0.01388889,1.39e-05
燃氣,南部電廠,南複GT3-1,86500,86.5,261.15,261.15,0.0,0,8498.85,0.001,72.0,0.01388889,1.39e-05
燃氣,南部電廠,南複GT3-2,86500,86.5,288.67,288.67,0.0,0,8471.33,0.001,72.0,0.01388889,1.39e-05
燃氣,南部電廠,南複ST1,100000,100.0,59.62,58.25,1.37,1,8700.38,0.001,1.37,0.73170732,0.00073244
燃氣,南部電廠,南複ST2,100000,100.0,3673.87,3667.42,6.45,2,5086.13,0.001267,3.22,0.31007752,0.00039323
燃氣,南部電廠,南複ST3,100000,100.0,35.12,31.68,3.43,1,8724.88,0.001,3.43,0.29126214,0.00029155
燃氣,大林電廠,#6,320000,320.0,243.57,243.57,0.0,0,8516.43,0.001,72.0,0.01388889,1.39e-05
燃氣,大潭電廠,潭複GT1-1,153500,153.5,5912.5,5617.5,295.0,1,2847.5,0.093874,295.0,0.00338983,0.00035119
燃氣,大潭電廠,潭複GT1-2,153500,153.5,1682.25,1409.25,273.0,1,7077.75,0.037139,273.0,0.003663,0.00014129
燃氣,大潭電廠,潭複GT1-3,153500,153.5,2331.03,2036.03,295.0,1,6428.97,0.043873,295.0,0.00338983,0.00015555
燃氣,大潭電廠,潭複GT2-1,153500,153.5,682.6,682.6,0.0,0,8077.4,0.001,72.0,0.01388889,1.39e-05
燃氣,大潭電廠,潭複GT2-2,153500,153.5,911.05,911.05,0.0,0,7848.95,0.001,72.0,0.01388889,1.39e-05
燃氣,大潭電廠,潭複GT2-3,153500,153.5,623.1,623.1,0.0,0,8136.9,0.001,72.0,0.01388889,1.39e-05
燃氣,大潭電廠,潭複GT3-1,233900,233.9,911.03,911.03,0.0,0,7848.97,0.001,72.0,0.01388889,1.39e-05
燃氣,大潭電廠,潭複GT3-2,233900,233.9,674.55,674.55,0.0,0,8085.45,0.001,72.0,0.01388889,1.39e-05
燃氣,大潭電廠,潭複GT4-1,233900,233.9,902.65,902.65,0.0,0,7857.35,0.001,72.0,0.01388889,1.39e-05
燃氣,大潭電廠,潭複GT4-2,233900,233.9,413.38,413.38,0.0,0,8346.62,0.001,72.0,0.01388889,1.39e-05
燃氣,大潭電廠,潭複GT5-1,233900,233.9,2058.42,2039.62,18.8,2,6701.58,0.002797,9.4,0.10638298,0.00029844
燃氣,大潭電廠,潭複GT5-2,233900,233.9,1977.07,1977.07,0.0,0,6782.93,0.001,72.0,0.01388889,1.39e-05
燃氣,大潭電廠,潭複GT6-1,233900,233.9,634.58,634.58,0.0,0,8125.42,0.001,72.0,0.01388889,1.39e-05
燃氣,大潭電廠,潭複GT6-2,233900,233.9,625.6,625.6,0.0,0,8134.4,0.001,72.0,0.01388889,1.39e-05
燃氣,大潭電廠,潭複GT7-1,300000,300.0,1861.22,1804.53,56.68,3,6898.78,0.008149,18.89,0.05292561,0.00043486
燃氣,大潭電廠,潭複GT7-2,300000,300.0,1802.97,1802.97,0.0,0,6957.03,0.001,72.0,0.01388889,1.39e-05
燃氣,大潭電廠,潭複GT8-1,366395,366.395,3116.92,2999.9,117.02,5,5643.08,0.020315,23.4,0.04272896,0.00088604
燃氣,大潭電廠,潭複GT8-2,366395,366.395,3098.68,3055.9,42.78,3,5661.32,0.0075,14.26,0.07012076,0.00052991
燃氣,大潭電廠,潭複GT9-1,366395,366.395,2751.28,2711.02,40.27,1,6008.72,0.006657,40.27,0.02483444,0.00016642
燃氣,大潭電廠,潭複GT9-2,366395,366.395,2538.88,2303.37,235.52,3,6221.12,0.036477,78.51,0.01273795,0.00048223
燃氣,大潭電廠,潭複ST1,282200,282.2,6788.87,1243.08,5545.78,9,1971.13,0.5,616.2,0.00162285,0.00162285
燃氣,大潭電廠,潭複ST2,282200,282.2,464.0,464.0,0.0,0,8296.0,0.001,72.0,0.01388889,1.39e-05
燃氣,大潭電廠,潭複ST3,256900,256.9,500.37,500.37,0.0,0,8259.63,0.001,72.0,0.01388889,1.39e-05
燃氣,大潭電廠,潭複ST4,128450,128.45,378.47,378.47,0.0,0,8381.53,0.001,72.0,0.01388889,1.39e-05
燃氣,大潭電廠,潭複ST5,256900,256.9,1949.6,1949.6,0.0,0,6810.4,0.001,72.0,0.01388889,1.39e-05
燃氣,大潭電廠,潭複ST6,256900,256.9,434.33,434.33,0.0,0,8325.67,0.001,72.0,0.01388889,1.39e-05
燃氣,大潭電廠,潭複ST7,313142,313.142,668.37,668.37,0.0,0,8091.63,0.001,72.0,0.01388889,1.39e-05
燃氣,大潭電廠,潭複ST8,390839,390.839,1365.98,1333.33,32.65,5,7394.02,0.004396,6.53,0.15313936,0.00067622
燃氣,大潭電廠,潭複ST9,390839,390.839,2604.65,2563.13,41.52,2,6155.35,0.0067,20.76,0.04817342,0.00032492
燃氣,興達電廠,興新複GT1-1,425648,425.648,449.37,446.92,2.45,1,8310.63,0.001,2.45,0.40816327,0.00040857
燃氣,興達電廠,興新複GT1-2,425650,425.65,476.78,469.38,7.4,1,8283.22,0.001,7.4,0.13513514,0.00013527
燃氣,興達電廠,興新複ST1,448703,448.703,136.3,132.35,3.95,1,8623.7,0.001,3.95,0.25316456,0.00025342
燃氣,興達電廠,興複GT1-1,90830,90.83,1832.1,1832.1,0.0,0,6927.9,0.001,72.0,0.01388889,1.39e-05
燃氣,興達電廠,興複GT1-2,90830,90.83,1844.53,1844.53,0.0,0,6915.47,0.001,72.0,0.01388889,1.39e-05
燃氣,興達電廠,興複GT1-3,90830,90.83,1775.0,1775.0,0.0,0,6985.0,0.001,72.0,0.01388889,1.39e-05
燃氣,興達電廠,興複GT2-1,90830,90.83,2373.93,2373.93,0.0,0,6386.07,0.001,72.0,0.01388889,1.39e-05
燃氣,興達電廠,興複GT2-2,90830,90.83,2518.8,2518.8,0.0,0,6241.2,0.001,72.0,0.01388889,1.39e-05
燃氣,興達電廠,興複GT2-3,90830,90.83,2494.93,2494.93,0.0,0,6265.07,0.001,72.0,0.01388889,1.39e-05
燃氣,興達電廠,興複GT3-1,90830,90.83,1654.55,1654.55,0.0,0,7105.45,0.001,72.0,0.01388889,1.39e-05
燃氣,興達電廠,興複GT3-2,90830,90.83,1791.68,1791.68,0.0,0,6968.32,0.001,72.0,0.01388889,1.39e-05
燃氣,興達電廠,興複GT3-3,90830,90.83,1915.35,1915.35,0.0,0,6844.65,0.001,72.0,0.01388889,1.39e-05
燃氣,興達電廠,興複GT4-1,0,0.0,16.12,16.12,0.0,0,8743.88,0.001,72.0,0.01388889,1.39e-05
燃氣,興達電廠,興複GT4-2,90830,90.83,27.43,27.43,0.0,0,8732.57,0.001,72.0,0.01388889,1.39e-05
燃氣,興達電廠,興複GT4-3,90830,90.83,186.47,186.47,0.0,0,8573.53,0.001,72.0,0.01388889,1.39e-05
燃氣,興達電廠,興複GT5-1,90830,90.83,398.25,398.25,0.0,0,8361.75,0.001,72.0,0.01388889,1.39e-05
燃氣,興達電廠,興複GT5-2,90830,90.83,473.13,473.13,0.0,0,8286.87,0.001,72.0,0.01388889,1.39e-05
燃氣,興達電廠,興複GT5-3,90830,90.83,1215.7,420.67,795.03,4,7544.3,0.095335,198.76,0.00503124,0.0005302
燃氣,興達電廠,興複ST1,172700,172.7,1623.37,1621.2,2.17,1,7136.63,0.001,2.17,0.46153846,0.000462
燃氣,興達電廠,興複ST2,172700,172.7,2344.73,2342.15,2.58,1,6415.27,0.001,2.58,0.38709677,0.00038748
燃氣,興達電廠,興複ST3,172700,172.7,1646.6,1646.6,0.0,0,7113.4,0.001,72.0,0.01388889,1.39e-05
燃氣,興達電廠,興複ST4,172700,172.7,17.68,16.58,1.1,1,8742.32,0.001,1.1,0.90909091,0.00091
燃氣,興達電廠,興複ST5,172700,172.7,157.15,141.42,15.73,1,8602.85,0.001826,15.73,0.06355932,0.00011624
燃氣,通霄電廠,通複GT1-1,446300,446.3,1466.57,1466.57,0.0,0,7293.43,0.001,72.0,0.01388889,1.39e-05
燃氣,通霄電廠,通複GT1-2,290100,290.1,1533.65,1533.65,0.0,0,7226.35,0.001,72.0,0.01388889,1.39e-05
燃氣,通霄電廠,通複GT2-1,446300,446.3,2426.6,2426.6,0.0,0,6333.4,0.001,72.0,0.01388889,1.39e-05
燃氣,通霄電廠,通複GT2-2,290100,290.1,2381.9,2381.9,0.0,0,6378.1,0.001,72.0,0.01388889,1.39e-05
燃氣,通霄電廠,通複GT3-1,290100,290.1,196.83,187.73,9.1,2,8563.17,0.001062,4.55,0.21978022,0.00023356
燃氣,通霄電廠,通複GT3-2,446300,446.3,164.85,140.83,24.02,2,8595.15,0.002786,12.01,0.0832755,0.00023269
燃氣,通霄電廠,通複GT4-1,86000,86.0,2489.78,2489.78,0.0,0,6270.22,0.001,72.0,0.01388889,1.39e-05
燃氣,通霄電廠,通複GT4-2,86000,86.0,2525.28,2525.28,0.0,0,6234.72,0.001,72.0,0.01388889,1.39e-05
燃氣,通霄電廠,通複GT4-3,86000,86.0,2505.0,2505.0,0.0,0,6255.0,0.001,72.0,0.01388889,1.39e-05
燃氣,通霄電廠,通複GT5-1,86000,86.0,3131.87,3131.87,0.0,0,5628.13,0.001,72.0,0.01388889,1.39e-05
燃氣,通霄電廠,通複GT5-2,86000,86.0,3080.95,3080.95,0.0,0,5679.05,0.001,72.0,0.01388889,1.39e-05
燃氣,通霄電廠,通複GT5-3,86000,86.0,5212.33,5212.33,0.0,0,3547.67,0.001,72.0,0.01388889,1.39e-05
燃氣,通霄電廠,通複GT6-1,160600,160.6,8429.28,8394.83,34.45,2,330.72,0.09434,17.23,0.05805515,0.00604747
燃氣,通霄電廠,通複GT6-2,106000,106.0,2124.77,2124.77,0.0,0,6635.23,0.001,72.0,0.01388889,1.39e-05
燃氣,通霄電廠,通複ST1,312400,312.4,1213.02,1213.02,0.0,0,7546.98,0.001,72.0,0.01388889,1.39e-05
燃氣,通霄電廠,通複ST2,312400,312.4,2591.73,2591.73,0.0,0,6168.27,0.001,72.0,0.01388889,1.39e-05
燃氣,通霄電廠,通複ST3,312400,312.4,106.98,101.43,5.55,2,8653.02,0.001,2.78,0.36036036,0.00036072
燃氣,通霄電廠,通複ST4,128000,128.0,2375.32,2375.32,0.0,0,6384.68,0.001,72.0,0.01388889,1.39e-05
燃氣,通霄電廠,通複ST5,128000,128.0,3101.63,3100.82,0.82,1,5658.37,0.001,0.82,1.0,0.001001
燃氣,通霄電廠,通複ST6,109200,109.2,650.35,556.35,94.0,1,8109.65,0.011458,94.0,0.0106383,0.00012331
燃氣,通霄電廠,通霄GT9-1,30142,30.142,1286.8,1237.42,49.38,1,7473.2,0.006565,49.38,0.02024975,0.00013381
燃氣,通霄電廠,通霄GT9-2,30142,30.142,1000.2,258.73,741.47,2,7759.8,0.087218,370.73,0.00269736,0.00025774
燃氣,通霄電廠,通霄GT9-3,30142,30.142,236.32,236.32,0.0,0,8523.68,0.001,72.0,0.01388889,1.39e-05
燃氣,通霄電廠,通霄GT9-4,30142,30.142,438.07,438.07,0.0,0,8321.93,0.001,72.0,0.01388889,1.39e-05
燃氣,通霄電廠,通霄GT9-5,30142,30.142,779.17,779.17,0.0,0,7980.83,0.001,72.0,0.01388889,1.39e-05
燃氣,通霄電廠,通霄GT9-6,30142,30.142,861.98,861.98,0.0,0,7898.02,0.001,72.0,0.01388889,1.39e-05
燃油,七美電廠,#2,1000,1.0,695.97,695.97,0.0,0,8064.03,0.001,48.0,0.02083333,2.085e-05
燃油,七美電廠,#4,1000,1.0,863.97,863.97,0.0,0,7896.03,0.001,48.0,0.02083333,2.085e-05
燃油,協和電廠,#3,500000,500.0,8759.8,8759.8,0.0,0,0.2,0.001,48.0,0.02083333,2.085e-05
燃油,協和電廠,#4,500000,500.0,8759.8,8759.8,0.0,0,0.2,0.001,48.0,0.02083333,2.085e-05
燃油,協和電廠,南竿#10,1500,1.5,449.58,449.58,0.0,0,8310.42,0.001,48.0,0.02083333,2.085e-05
燃油,協和電廠,南竿#11,2500,2.5,25.0,25.0,0.0,0,8735.0,0.001,48.0,0.02083333,2.085e-05
燃油,協和電廠,南竿#12,2500,2.5,8759.8,8759.8,0.0,0,0.2,0.001,48.0,0.02083333,2.085e-05
燃油,協和電廠,南竿#13,1500,1.5,513.53,513.53,0.0,0,8246.47,0.001,48.0,0.02083333,2.085e-05
燃油,協和電廠,南竿#8,1540,1.54,917.52,917.52,0.0,0,7842.48,0.001,48.0,0.02083333,2.085e-05
燃油,協和電廠,珠山#1,3850,3.85,16.33,16.33,0.0,0,8743.67,0.001,48.0,0.02083333,2.085e-05
燃油,協和電廠,珠山#2,3850,3.85,781.33,781.33,0.0,0,7978.67,0.001,48.0,0.02083333,2.085e-05
燃油,協和電廠,珠山#3,3850,3.85,279.78,279.78,0.0,0,8480.22,0.001,48.0,0.02083333,2.085e-05
燃油,協和電廠,珠山#4,3850,3.85,153.2,153.2,0.0,0,8606.8,0.001,48.0,0.02083333,2.085e-05
燃油,台中電廠,台中GAS#1,54000,54.0,129.25,129.25,0.0,0,8630.75,0.001,48.0,0.02083333,2.085e-05
燃油,台中電廠,台中GAS#2,54000,54.0,125.5,125.5,0.0,0,8634.5,0.001,48.0,0.02083333,2.085e-05
燃油,台中電廠,台中GAS#3,54000,54.0,242.67,242.67,0.0,0,8517.33,0.001,48.0,0.02083333,2.085e-05
燃油,台中電廠,台中GAS#4,54000,54.0,254.33,254.33,0.0,0,8505.67,0.001,48.0,0.02083333,2.085e-05
燃油,塔山電廠,塔山#1,7900,7.9,963.18,963.18,0.0,0,7796.82,0.001,48.0,0.02083333,2.085e-05
燃油,塔山電廠,塔山#10,11150,11.15,1415.95,1415.95,0.0,0,7344.05,0.001,48.0,0.02083333,2.085e-05
燃油,塔山電廠,塔山#2,7900,7.9,1014.02,1014.02,0.0,0,7745.98,0.001,48.0,0.02083333,2.085e-05
燃油,塔山電廠,塔山#3,7900,7.9,631.95,631.95,0.0,0,8128.05,0.001,48.0,0.02083333,2.085e-05
燃油,塔山電廠,塔山#4,7900,7.9,952.67,952.67,0.0,0,7807.33,0.001,48.0,0.02083333,2.085e-05
燃油,塔山電廠,塔山#5,8250,8.25,1175.98,1175.98,0.0,0,7584.02,0.001,48.0,0.02083333,2.085e-05
燃油,塔山電廠,塔山#6,8250,8.25,3368.33,3368.33,0.0,0,5391.67,0.001,48.0,0.02083333,2.085e-05
燃油,塔山電廠,塔山#7,8250,8.25,87.5,87.5,0.0,0,8672.5,0.001,48.0,0.02083333,2.085e-05
燃油,塔山電廠,塔山#8,8250,8.25,1135.48,1135.48,0.0,0,7624.52,0.001,48.0,0.02083333,2.085e-05
燃油,塔山電廠,塔山#9,11150,11.15,1214.85,1214.85,0.0,0,7545.15,0.001,48.0,0.02083333,2.085e-05
燃油,塔山電廠,麒麟#5,1540,1.54,3057.63,3057.63,0.0,0,5702.37,0.001,48.0,0.02083333,2.085e-05
燃油,塔山電廠,麒麟#6,1540,1.54,1140.13,1140.13,0.0,0,7619.87,0.001,48.0,0.02083333,2.085e-05
燃油,塔山電廠,麒麟#7,1000,1.0,399.75,399.75,0.0,0,8360.25,0.001,48.0,0.02083333,2.085e-05
燃油,塔山電廠,麒麟#8,1000,1.0,479.98,479.98,0.0,0,8280.02,0.001,48.0,0.02083333,2.085e-05
燃油,塔山電廠,麒麟#9,1000,1.0,516.87,516.87,0.0,0,8243.13,0.001,48.0,0.02083333,2.085e-05
燃油,尖山電廠,#1,10443,10.443,530.07,530.07,0.0,0,8229.93,0.001,48.0,0.02083333,2.085e-05
燃油,尖山電廠,#10,11000,11.0,1297.92,1297.92,0.0,0,7462.08,0.001,48.0,0.02083333,2.085e-05
燃油,尖山電廠,#11,11000,11.0,2747.1,2747.1,0.0,0,6012.9,0.001,48.0,0.02083333,2.085e-05
燃油,尖山電廠,#12,11000,11.0,1332.2,1332.2,0.0,0,7427.8,0.001,48.0,0.02083333,2.085e-05
燃油,尖山電廠,#2,10443,10.443,578.7,578.7,0.0,0,8181.3,0.001,48.0,0.02083333,2.085e-05
燃油,尖山電廠,#3,10443,10.443,910.03,910.03,0.0,0,7849.97,0.001,48.0,0.02083333,2.085e-05
燃油,尖山電廠,#4,10443,10.443,631.48,631.48,0.0,0,8128.52,0.001,48.0,0.02083333,2.085e-05
燃油,尖山電廠,#5,11000,11.0,1259.17,1259.17,0.0,0,7500.83,0.001,48.0,0.02083333,2.085e-05
燃油,尖山電廠,#6,11000,11.0,582.77,582.77,0.0,0,8177.23,0.001,48.0,0.02083333,2.085e-05
燃油,尖山電廠,#7,11000,11.0,648.15,648.15,0.0,0,8111.85,0.001,48.0,0.02083333,2.085e-05
燃油,尖山電廠,#8,11000,11.0,199.9,199.9,0.0,0,8560.1,0.001,48.0,0.02083333,2.085e-05
燃油,尖山電廠,#9,11000,11.0,1538.17,1538.17,0.0,0,7221.83,0.001,48.0,0.02083333,2.085e-05
燃油,望安電廠,#1,1000,1.0,767.97,767.97,0.0,0,7992.03,0.001,48.0,0.02083333,2.085e-05
燃油,望安電廠,#2,1000,1.0,695.97,695.97,0.0,0,8064.03,0.001,48.0,0.02083333,2.085e-05
燃油,東引電廠,#1,1540,1.54,431.98,431.98,0.0,0,8328.02,0.001,48.0,0.02083333,2.085e-05
燃油,東引電廠,#5,1500,1.5,3493.85,2015.92,1477.93,4,5266.15,0.219145,369.48,0.00270648,0.00075957
燃油,琉球電廠,#4,1500,1.5,8759.8,8759.8,0.0,0,0.2,0.001,48.0,0.02083333,2.085e-05
燃油,綠島電廠,#1,2000,2.0,1775.95,0.0,1775.95,3,6984.05,0.202734,591.98,0.00168924,0.00042955
燃油,綠島電廠,#2,2000,2.0,743.98,743.98,0.0,0,8016.02,0.001,48.0,0.02083333,2.085e-05
燃油,綠島電廠,#3,500,0.5,2879.93,2879.93,0.0,0,5880.07,0.001,48.0,0.02083333,2.085e-05
燃油,綠島電廠,#4,500,0.5,2879.93,2879.93,0.0,0,5880.07,0.001,48.0,0.02083333,2.085e-05
燃油,綠島電廠,#6,1500,1.5,1919.93,1919.93,0.0,0,6840.07,0.001,48.0,0.02083333,2.085e-05
燃油,綠島電廠,#7,1000,1.0,4415.9,2207.95,2207.95,3,4344.1,0.336986,735.98,0.00135873,0.00069059
燃油,綠島電廠,#8,1500,1.5,1463.97,0.0,1463.97,2,7296.03,0.167119,731.98,0.00136615,0.00027412
燃油,綠島電廠,#9,1500,1.5,1199.97,1199.97,0.0,0,7560.03,0.001,48.0,0.02083333,2.085e-05
燃油,莒光電廠,#3,1500,1.5,8039.82,0.0,8039.82,11,720.18,0.5,730.89,0.00136819,0.00136819
燃油,莒光電廠,#4,1500,1.5,8039.82,0.0,8039.82,11,720.18,0.5,730.89,0.00136819,0.00136819
燃油,莒光電廠,#7,1000,1.0,1223.97,1223.97,0.0,0,7536.03,0.001,48.0,0.02083333,2.085e-05
燃油,蘭嶼電廠,#1,1500,1.5,743.98,743.98,0.0,0,8016.02,0.001,48.0,0.02083333,2.085e-05
燃油,蘭嶼電廠,#4,1500,1.5,1199.97,719.98,479.98,1,7560.03,0.059699,479.98,0.00208341,0.00013227
燃油,蘭嶼電廠,#5,1000,1.0,1223.97,0.0,1223.97,2,7536.03,0.139722,611.98,0.00163403,0.00026539
燃油,蘭嶼電廠,#6,1000,1.0,599.98,599.98,0.0,0,8160.02,0.001,48.0,0.02083333,2.085e-05
燃油,虎井電廠,#1,300,0.3,1463.97,1463.97,0.0,0,7296.03,0.001,48.0,0.02083333,2.085e-05
燃油,虎井電廠,#2,300,0.3,1463.97,1463.97,0.0,0,7296.03,0.001,48.0,0.02083333,2.085e-05
燃煤,台中電廠,#1,550000,550.0,8735.8,8735.8,0.0,0,24.2,0.001,120.0,0.00833333,8.34e-06
燃煤,台中電廠,#10,2900000,2900.0,8753.6,8516.22,237.38,1,6.4,0.5,237.38,0.0042126,0.0042126
燃煤,台中電廠,#2,550000,550.0,8687.03,8687.03,0.0,0,72.97,0.001,120.0,0.00833333,8.34e-06
燃煤,台中電廠,#3,550000,550.0,8650.7,8605.97,44.73,3,109.3,0.290413,14.91,0.06706408,0.02744739
燃煤,台中電廠,#4,550000,550.0,8675.07,7571.62,1103.45,2,84.93,0.5,551.72,0.0018125,0.0018125
燃煤,台中電廠,#5,550000,550.0,8733.53,8693.92,39.62,3,26.47,0.5,13.21,0.0757257,0.0757257
燃煤,台中電廠,#6,550000,550.0,8732.1,8732.1,0.0,0,27.9,0.001,120.0,0.00833333,8.34e-06
燃煤,台中電廠,#7,550000,550.0,8731.57,8731.57,0.0,0,28.43,0.001,120.0,0.00833333,8.34e-06
燃煤,台中電廠,#8,550000,550.0,8742.27,8742.27,0.0,0,17.73,0.001,120.0,0.00833333,8.34e-06
燃煤,台中電廠,#9,550000,550.0,8590.95,8513.42,77.53,2,169.05,0.314431,38.77,0.02579536,0.01183082
燃煤,大林電廠,#1,800000,800.0,598.02,598.02,0.0,0,8161.98,0.001,120.0,0.00833333,8.34e-06
燃煤,大林電廠,#2,800000,800.0,2079.65,2079.65,0.0,0,6680.35,0.001,120.0,0.00833333,8.34e-06
燃煤,林口電廠,#1,800000,800.0,2387.82,2228.43,159.38,1,6372.18,0.024402,159.38,0.00627418,0.00015693
燃煤,林口電廠,#2,800000,800.0,2876.2,1927.47,948.73,3,5883.8,0.138855,316.24,0.00316211,0.00050987
燃煤,林口電廠,#3,800000,800.0,680.67,680.67,0.0,0,8079.33,0.001,120.0,0.00833333,8.34e-06
燃煤,興達電廠,#3,550000,550.0,7167.18,6949.45,217.73,1,1592.82,0.120258,217.73,0.00459277,0.00062782
燃煤,興達電廠,#4,550000,550.0,8501.68,8501.68,0.0,0,258.32,0.001,120.0,0.00833333,8.34e-06
