gen_idx,name,fuel,source,cp2,cp1,cp0
0,Gen_1,default,fallback:default,0.5488684210526316,1167.2368421052631,224194.8947368421
1,Gen_2,default,fallback:default,0.5488684210526316,1167.2368421052631,224194.8947368421
2,Gen_3,default,fallback:default,0.5488684210526316,1167.2368421052631,224194.8947368421
3,Gen_103,default,fallback:default,0.5488684210526316,1167.2368421052631,224194.8947368421
4,Gen_104,default,fallback:default,0.5488684210526316,1167.2368421052631,224194.8947368421
5,Gen_211,default,fallback:default,0.5488684210526316,1167.2368421052631,224194.8947368421
6,Gen_212,default,fallback:default,0.5488684210526316,1167.2368421052631,224194.8947368421
7,Gen_213,default,fallback:default,0.5488684210526316,1167.2368421052631,224194.8947368421
8,Gen_301,default,fallback:default,0.5488684210526316,1167.2368421052631,224194.8947368421
9,Gen_302,default,fallback:default,0.5488684210526316,1167.2368421052631,224194.8947368421
10,Gen_303,default,fallback:default,0.5488684210526316,1167.2368421052631,224194.8947368421
11,Gen_304,default,fallback:default,0.5488684210526316,1167.2368421052631,224194.8947368421
12,Gen_305,default,fallback:default,0.5488684210526316,1167.2368421052631,224194.8947368421
13,Gen_306,default,fallback:default,0.5488684210526316,1167.2368421052631,224194.8947368421
14,Gen_307,default,fallback:default,0.5488684210526316,1167.2368421052631,224194.8947368421
15,Gen_308,default,fallback:default,0.5488684210526316,1167.2368421052631,224194.8947368421
16,Gen_309,default,fallback:default,0.5488684210526316,1167.2368421052631,224194.8947368421
17,Gen_310,default,fallback:default,0.5488684210526316,1167.2368421052631,224194.8947368421
18,Gen_311,default,fallback:default,0.5488684210526316,1167.2368421052631,224194.8947368421
19,Gen_312,default,fallback:default,0.5488684210526316,1167.2368421052631,224194.8947368421
20,Gen_313,default,fallback:default,0.5488684210526316,1167.2368421052631,224194.8947368421
21,Gen_314,default,fallback:default,0.5488684210526316,1167.2368421052631,224194.8947368421
22,Gen_315,default,fallback:default,0.5488684210526316,1167.2368421052631,224194.8947368421
23,Gen_316,default,fallback:default,0.5488684210526316,1167.2368421052631,224194.8947368421
24,Gen_317,default,fallback:default,0.5488684210526316,1167.2368421052631,224194.8947368421
25,Gen_318,default,fallback:default,0.5488684210526316,1167.2368421052631,224194.8947368421
26,Gen_319,default,fallback:default,0.5488684210526316,1167.2368421052631,224194.8947368421
27,Gen_320,default,fallback:default,0.5488684210526316,1167.2368421052631,224194.8947368421
28,Gen_321,default,fallback:default,0.5488684210526316,1167.2368421052631,224194.8947368421
29,Gen_322,default,fallback:default,0.5488684210526316,1167.2368421052631,224194.8947368421
30,Gen_323,default,fallback:default,0.5488684210526316,1167.2368421052631,224194.8947368421
31,Gen_324,default,fallback:default,0.5488684210526316,1167.2368421052631,224194.8947368421
32,Gen_325,default,fallback:default,0.5488684210526316,1167.2368421052631,224194.8947368421
33,Gen_326,default,fallback:default,0.5488684210526316,1167.2368421052631,224194.8947368421
34,Gen_327,default,fallback:default,0.5488684210526316,1167.2368421052631,224194.8947368421
35,Gen_328,default,fallback:default,0.5488684210526316,1167.2368421052631,224194.8947368421
36,Gen_329,default,fallback:default,0.5488684210526316,1167.2368421052631,224194.8947368421
37,Gen_411,default,fallback:default,0.5488684210526316,1167.2368421052631,224194.8947368421
38,Gen_451,default,fallback:default,0.5488684210526316,1167.2368421052631,224194.8947368421
39,Gen_452,default,fallback:default,0.5488684210526316,1167.2368421052631,224194.8947368421
40,Gen_531,default,fallback:default,0.5488684210526316,1167.2368421052631,224194.8947368421
41,Gen_532,default,fallback:default,0.5488684210526316,1167.2368421052631,224194.8947368421
42,Gen_533,default,fallback:default,0.5488684210526316,1167.2368421052631,224194.8947368421
43,Gen_534,default,fallback:default,0.5488684210526316,1167.2368421052631,224194.8947368421
44,Gen_535,default,fallback:default,0.5488684210526316,1167.2368421052631,224194.8947368421
45,Gen_536,default,fallback:default,0.5488684210526316,1167.2368421052631,224194.8947368421
46,Gen_537,default,fallback:default,0.5488684210526316,1167.2368421052631,224194.8947368421
47,Gen_538,default,fallback:default,0.5488684210526316,1167.2368421052631,224194.8947368421
48,Gen_539,default,fallback:default,0.5488684210526316,1167.2368421052631,224194.8947368421
49,Gen_541,default,fallback:default,0.5488684210526316,1167.2368421052631,224194.8947368421
50,Gen_542,default,fallback:default,0.5488684210526316,1167.2368421052631,224194.8947368421
51,Gen_543,default,fallback:default,0.5488684210526316,1167.2368421052631,224194.8947368421
52,Gen_544,default,fallback:default,0.5488684210526316,1167.2368421052631,224194.8947368421
53,Gen_545,default,fallback:default,0.5488684210526316,1167.2368421052631,224194.8947368421
54,Gen_551,default,fallback:default,0.5488684210526316,1167.2368421052631,224194.8947368421
55,Gen_552,default,fallback:default,0.5488684210526316,1167.2368421052631,224194.8947368421
56,Gen_553,default,fallback:default,0.5488684210526316,1167.2368421052631,224194.8947368421
57,Gen_554,default,fallback:default,0.5488684210526316,1167.2368421052631,224194.8947368421
58,Gen_555,default,fallback:default,0.5488684210526316,1167.2368421052631,224194.8947368421
59,Gen_556,default,fallback:default,0.5488684210526316,1167.2368421052631,224194.8947368421
60,Gen_590,default,fallback:default,0.5488684210526316,1167.2368421052631,224194.8947368421
61,Gen_591,default,fallback:default,0.5488684210526316,1167.2368421052631,224194.8947368421
62,Gen_592,default,fallback:default,0.5488684210526316,1167.2368421052631,224194.8947368421
63,Gen_593,default,fallback:default,0.5488684210526316,1167.2368421052631,224194.8947368421
64,Gen_594,default,fallback:default,0.5488684210526316,1167.2368421052631,224194.8947368421
65,Gen_595,default,fallback:default,0.5488684210526316,1167.2368421052631,224194.8947368421
66,Gen_596,default,fallback:default,0.5488684210526316,1167.2368421052631,224194.8947368421
67,Gen_597,default,fallback:default,0.5488684210526316,1167.2368421052631,224194.8947368421
68,Gen_598,default,fallback:default,0.5488684210526316,1167.2368421052631,224194.8947368421
69,Gen_616,default,fallback:default,0.5488684210526316,1167.2368421052631,224194.8947368421
70,Gen_617,default,fallback:default,0.5488684210526316,1167.2368421052631,224194.8947368421
71,Gen_618,default,fallback:default,0.5488684210526316,1167.2368421052631,224194.8947368421
72,Gen_619,default,fallback:default,0.5488684210526316,1167.2368421052631,224194.8947368421
73,Gen_621,default,fallback:default,0.5488684210526316,1167.2368421052631,224194.8947368421
74,Gen_622,default,fallback:default,0.5488684210526316,1167.2368421052631,224194.8947368421
75,Gen_623,default,fallback:default,0.5488684210526316,1167.2368421052631,224194.8947368421
76,Gen_624,default,fallback:default,0.5488684210526316,1167.2368421052631,224194.8947368421
77,Gen_625,default,fallback:default,0.5488684210526316,1167.2368421052631,224194.8947368421
78,Gen_626,default,fallback:default,0.5488684210526316,1167.2368421052631,224194.8947368421
79,Gen_627,default,fallback:default,0.5488684210526316,1167.2368421052631,224194.8947368421
80,Gen_691,default,fallback:default,0.5488684210526316,1167.2368421052631,224194.8947368421
81,Gen_692,default,fallback:default,0.5488684210526316,1167.2368421052631,224194.8947368421
82,Gen_693,default,fallback:default,0.5488684210526316,1167.2368421052631,224194.8947368421
83,Gen_694,default,fallback:default,0.5488684210526316,1167.2368421052631,224194.8947368421
84,Gen_695,default,fallback:default,0.5488684210526316,1167.2368421052631,224194.8947368421
85,Gen_696,default,fallback:default,0.5488684210526316,1167.2368421052631,224194.8947368421
86,Gen_701,default,fallback:default,0.5488684210526316,1167.2368421052631,224194.8947368421
87,Gen_702,default,fallback:default,0.5488684210526316,1167.2368421052631,224194.8947368421
88,Gen_703,default,fallback:default,0.5488684210526316,1167.2368421052631,224194.8947368421
89,Gen_704,default,fallback:default,0.5488684210526316,1167.2368421052631,224194.8947368421
90,Gen_711,default,fallback:default,0.5488684210526316,1167.2368421052631,224194.8947368421
91,Gen_712,default,fallback:default,0.5488684210526316,1167.2368421052631,224194.8947368421
92,Gen_713,default,fallback:default,0.5488684210526316,1167.2368421052631,224194.8947368421
93,Gen_714,default,fallback:default,0.5488684210526316,1167.2368421052631,224194.8947368421
94,Gen_715,default,fallback:default,0.5488684210526316,1167.2368421052631,224194.8947368421
95,Gen_716,default,fallback:default,0.5488684210526316,1167.2368421052631,224194.8947368421
96,Gen_801,default,fallback:default,0.5488684210526316,1167.2368421052631,224194.8947368421
97,Gen_802,default,fallback:default,0.5488684210526316,1167.2368421052631,224194.8947368421
98,Gen_803,default,fallback:default,0.5488684210526316,1167.2368421052631,224194.8947368421
99,Gen_804,default,fallback:default,0.5488684210526316,1167.2368421052631,224194.8947368421
100,Gen_805,default,fallback:default,0.5488684210526316,1167.2368421052631,224194.8947368421
101,Gen_825,default,fallback:default,0.5488684210526316,1167.2368421052631,224194.8947368421
102,Gen_826,default,fallback:default,0.5488684210526316,1167.2368421052631,224194.8947368421
103,Gen_827,default,fallback:default,0.5488684210526316,1167.2368421052631,224194.8947368421
104,Gen_828,default,fallback:default,0.5488684210526316,1167.2368421052631,224194.8947368421
105,Gen_831,default,fallback:default,0.5488684210526316,1167.2368421052631,224194.8947368421
106,Gen_832,default,fallback:default,0.5488684210526316,1167.2368421052631,224194.8947368421
107,Gen_833,default,fallback:default,0.5488684210526316,1167.2368421052631,224194.8947368421
108,Gen_834,default,fallback:default,0.5488684210526316,1167.2368421052631,224194.8947368421
109,Gen_841,default,fallback:default,0.5488684210526316,1167.2368421052631,224194.8947368421
110,Gen_842,default,fallback:default,0.5488684210526316,1167.2368421052631,224194.8947368421
111,Gen_843,default,fallback:default,0.5488684210526316,1167.2368421052631,224194.8947368421
112,Gen_851,default,fallback:default,0.5488684210526316,1167.2368421052631,224194.8947368421
113,Gen_852,default,fallback:default,0.5488684210526316,1167.2368421052631,224194.8947368421
114,Gen_861,default,fallback:default,0.5488684210526316,1167.2368421052631,224194.8947368421
115,Gen_862,default,fallback:default,0.5488684210526316,1167.2368421052631,224194.8947368421
116,Gen_863,default,fallback:default,0.5488684210526316,1167.2368421052631,224194.8947368421
117,Gen_864,default,fallback:default,0.5488684210526316,1167.2368421052631,224194.8947368421
118,Gen_865,default,fallback:default,0.5488684210526316,1167.2368421052631,224194.8947368421
119,Gen_871,default,fallback:default,0.5488684210526316,1167.2368421052631,224194.8947368421
120,Gen_871,default,fallback:default,0.5488684210526316,1167.2368421052631,224194.8947368421
121,Gen_873,default,fallback:default,0.5488684210526316,1167.2368421052631,224194.8947368421
122,Gen_874,default,fallback:default,0.5488684210526316,1167.2368421052631,224194.8947368421
123,Gen_876,default,fallback:default,0.5488684210526316,1167.2368421052631,224194.8947368421
124,Gen_877,default,fallback:default,0.5488684210526316,1167.2368421052631,224194.8947368421
125,Gen_881,default,fallback:default,0.5488684210526316,1167.2368421052631,224194.8947368421
126,Gen_882,default,fallback:default,0.5488684210526316,1167.2368421052631,224194.8947368421
127,Gen_891,default,fallback:default,0.5488684210526316,1167.2368421052631,224194.8947368421
128,Gen_892,default,fallback:default,0.5488684210526316,1167.2368421052631,224194.8947368421
129,Gen_1001,default,fallback:default,0.5488684210526316,1167.2368421052631,224194.8947368421
130,Gen_1002,default,fallback:default,0.5488684210526316,1167.2368421052631,224194.8947368421
131,Gen_1007,default,fallback:default,0.5488684210526316,1167.2368421052631,224194.8947368421
132,Gen_1008,default,fallback:default,0.5488684210526316,1167.2368421052631,224194.8947368421
133,Gen_1031,default,fallback:default,0.5488684210526316,1167.2368421052631,224194.8947368421
134,Gen_1032,default,fallback:default,0.5488684210526316,1167.2368421052631,224194.8947368421
135,Gen_1033,default,fallback:default,0.5488684210526316,1167.2368421052631,224194.8947368421
136,Gen_1034,default,fallback:default,0.5488684210526316,1167.2368421052631,224194.8947368421
137,Gen_1035,default,fallback:default,0.5488684210526316,1167.2368421052631,224194.8947368421
138,Gen_1036,default,fallback:default,0.5488684210526316,1167.2368421052631,224194.8947368421
139,Gen_1037,default,fallback:default,0.5488684210526316,1167.2368421052631,224194.8947368421
140,Gen_1038,default,fallback:default,0.5488684210526316,1167.2368421052631,224194.8947368421
141,Gen_1039,default,fallback:default,0.5488684210526316,1167.2368421052631,224194.8947368421
142,Gen_1040,default,fallback:default,0.5488684210526316,1167.2368421052631,224194.8947368421
143,Gen_1041,default,fallback:default,0.5488684210526316,1167.2368421052631,224194.8947368421
144,Gen_1042,default,fallback:default,0.5488684210526316,1167.2368421052631,224194.8947368421
145,Gen_1060,default,fallback:default,0.5488684210526316,1167.2368421052631,224194.8947368421
146,Gen_1061,default,fallback:default,0.5488684210526316,1167.2368421052631,224194.8947368421
147,Gen_1062,default,fallback:default,0.5488684210526316,1167.2368421052631,224194.8947368421
148,Gen_1063,default,fallback:default,0.5488684210526316,1167.2368421052631,224194.8947368421
149,Gen_1064,default,fallback:default,0.5488684210526316,1167.2368421052631,224194.8947368421
150,Gen_1065,default,fallback:default,0.5488684210526316,1167.2368421052631,224194.8947368421
151,Gen_1066,default,fallback:default,0.5488684210526316,1167.2368421052631,224194.8947368421
152,Gen_1067,default,fallback:default,0.5488684210526316,1167.2368421052631,224194.8947368421
153,Gen_1077,default,fallback:default,0.5488684210526316,1167.2368421052631,224194.8947368421
154,Gen_1078,default,fallback:default,0.5488684210526316,1167.2368421052631,224194.8947368421
155,Gen_1078,default,fallback:default,0.5488684210526316,1167.2368421052631,224194.8947368421
156,Gen_1079,default,fallback:default,0.5488684210526316,1167.2368421052631,224194.8947368421
157,Gen_1081,default,fallback:default,0.5488684210526316,1167.2368421052631,224194.8947368421
158,Gen_1082,default,fallback:default,0.5488684210526316,1167.2368421052631,224194.8947368421
159,Gen_1083,default,fallback:default,0.5488684210526316,1167.2368421052631,224194.8947368421
160,Gen_1084,default,fallback:default,0.5488684210526316,1167.2368421052631,224194.8947368421
161,Gen_1087,default,fallback:default,0.5488684210526316,1167.2368421052631,224194.8947368421
162,Gen_1088,default,fallback:default,0.5488684210526316,1167.2368421052631,224194.8947368421
163,Gen_1088,default,fallback:default,0.5488684210526316,1167.2368421052631,224194.8947368421
164,Gen_1089,default,fallback:default,0.5488684210526316,1167.2368421052631,224194.8947368421
165,Gen_1091,default,fallback:default,0.5488684210526316,1167.2368421052631,224194.8947368421
166,Gen_1092,default,fallback:default,0.5488684210526316,1167.2368421052631,224194.8947368421
167,Gen_1092,default,fallback:default,0.5488684210526316,1167.2368421052631,224194.8947368421
168,Gen_1093,default,fallback:default,0.5488684210526316,1167.2368421052631,224194.8947368421
169,Gen_1094,default,fallback:default,0.5488684210526316,1167.2368421052631,224194.8947368421
170,Gen_1095,default,fallback:default,0.5488684210526316,1167.2368421052631,224194.8947368421
171,Gen_1095,default,fallback:default,0.5488684210526316,1167.2368421052631,224194.8947368421
172,Gen_1096,default,fallback:default,0.5488684210526316,1167.2368421052631,224194.8947368421
173,Gen_1097,default,fallback:default,0.5488684210526316,1167.2368421052631,224194.8947368421
174,Gen_1098,default,fallback:default,0.5488684210526316,1167.2368421052631,224194.8947368421
175,Gen_1098,default,fallback:default,0.5488684210526316,1167.2368421052631,224194.8947368421
176,Gen_1099,default,fallback:default,0.5488684210526316,1167.2368421052631,224194.8947368421
177,Gen_1101,default,fallback:default,0.5488684210526316,1167.2368421052631,224194.8947368421
178,Gen_1102,default,fallback:default,0.5488684210526316,1167.2368421052631,224194.8947368421
179,Gen_1105,default,fallback:default,0.5488684210526316,1167.2368421052631,224194.8947368421
180,Gen_1106,default,fallback:default,0.5488684210526316,1167.2368421052631,224194.8947368421
181,Gen_1201,default,fallback:default,0.5488684210526316,1167.2368421052631,224194.8947368421
182,Gen_1202,default,fallback:default,0.5488684210526316,1167.2368421052631,224194.8947368421
183,Gen_1203,default,fallback:default,0.5488684210526316,1167.2368421052631,224194.8947368421
184,Gen_1204,default,fallback:default,0.5488684210526316,1167.2368421052631,224194.8947368421
185,Gen_1205,default,fallback:default,0.5488684210526316,1167.2368421052631,224194.8947368421
186,Gen_1206,default,fallback:default,0.5488684210526316,1167.2368421052631,224194.8947368421
187,Gen_1211,default,fallback:default,0.5488684210526316,1167.2368421052631,224194.8947368421
188,Gen_1212,default,fallback:default,0.5488684210526316,1167.2368421052631,224194.8947368421
189,Gen_1213,default,fallback:default,0.5488684210526316,1167.2368421052631,224194.8947368421
190,Gen_1214,default,fallback:default,0.5488684210526316,1167.2368421052631,224194.8947368421
191,Gen_1401,default,fallback:default,0.5488684210526316,1167.2368421052631,224194.8947368421
192,Gen_8615,default,fallback:default,0.5488684210526316,1167.2368421052631,224194.8947368421
193,Gen_9101,default,fallback:default,0.5488684210526316,1167.2368421052631,224194.8947368421
194,Gen_9102,default,fallback:default,0.5488684210526316,1167.2368421052631,224194.8947368421
195,Gen_9103,default,fallback:default,0.5488684210526316,1167.2368421052631,224194.8947368421
196,Gen_9104,default,fallback:default,0.5488684210526316,1167.2368421052631,224194.8947368421
197,Gen_9105,default,fallback:default,0.5488684210526316,1167.2368421052631,224194.8947368421
198,Gen_9106,default,fallback:default,0.5488684210526316,1167.2368421052631,224194.8947368421
199,Gen_9111,default,fallback:default,0.5488684210526316,1167.2368421052631,224194.8947368421
200,Gen_9112,default,fallback:default,0.5488684210526316,1167.2368421052631,224194.8947368421
201,Gen_9113,default,fallback:default,0.5488684210526316,1167.2368421052631,224194.8947368421
202,Gen_9114,default,fallback:default,0.5488684210526316,1167.2368421052631,224194.8947368421
203,Gen_9121,default,fallback:default,0.5488684210526316,1167.2368421052631,224194.8947368421
204,Gen_9122,default,fallback:default,0.5488684210526316,1167.2368421052631,224194.8947368421
205,Gen_9161,default,fallback:default,0.5488684210526316,1167.2368421052631,224194.8947368421
206,Gen_9162,default,fallback:default,0.5488684210526316,1167.2368421052631,224194.8947368421
207,Gen_9163,default,fallback:default,0.5488684210526316,1167.2368421052631,224194.8947368421
208,Gen_9231,default,fallback:default,0.5488684210526316,1167.2368421052631,224194.8947368421
209,Gen_9232,default,fallback:default,0.5488684210526316,1167.2368421052631,224194.8947368421
210,Gen_9233,default,fallback:default,0.5488684210526316,1167.2368421052631,224194.8947368421
211,Gen_9241,default,fallback:default,0.5488684210526316,1167.2368421052631,224194.8947368421
212,Gen_9242,default,fallback:default,0.5488684210526316,1167.2368421052631,224194.8947368421
213,Gen_9243,default,fallback:default,0.5488684210526316,1167.2368421052631,224194.8947368421
214,Gen_9301,default,fallback:default,0.5488684210526316,1167.2368421052631,224194.8947368421
215,Gen_9302,default,fallback:default,0.5488684210526316,1167.2368421052631,224194.8947368421
216,Gen_9303,default,fallback:default,0.5488684210526316,1167.2368421052631,224194.8947368421
217,Gen_9321,default,fallback:default,0.5488684210526316,1167.2368421052631,224194.8947368421
218,Gen_9322,default,fallback:default,0.5488684210526316,1167.2368421052631,224194.8947368421
219,Gen_9323,default,fallback:default,0.5488684210526316,1167.2368421052631,224194.8947368421
220,Gen_9324,default,fallback:default,0.5488684210526316,1167.2368421052631,224194.8947368421
221,Gen_9331,default,fallback:default,0.5488684210526316,1167.2368421052631,224194.8947368421
222,Gen_9332,default,fallback:default,0.5488684210526316,1167.2368421052631,224194.8947368421
223,Gen_9341,default,fallback:default,0.5488684210526316,1167.2368421052631,224194.8947368421
224,Gen_9342,default,fallback:default,0.5488684210526316,1167.2368421052631,224194.8947368421
225,Gen_9343,default,fallback:default,0.5488684210526316,1167.2368421052631,224194.8947368421
226,Gen_9344,default,fallback:default,0.5488684210526316,1167.2368421052631,224194.8947368421
227,Gen_9345,default,fallback:default,0.5488684210526316,1167.2368421052631,224194.8947368421
228,Gen_9346,default,fallback:default,0.5488684210526316,1167.2368421052631,224194.8947368421
229,Gen_9351,default,fallback:default,0.5488684210526316,1167.2368421052631,224194.8947368421
230,Gen_9352,default,fallback:default,0.5488684210526316,1167.2368421052631,224194.8947368421
231,Gen_9353,default,fallback:default,0.5488684210526316,1167.2368421052631,224194.8947368421
232,Gen_9502,default,fallback:default,0.5488684210526316,1167.2368421052631,224194.8947368421
233,Gen_9503,default,fallback:default,0.5488684210526316,1167.2368421052631,224194.8947368421
234,Gen_9504,default,fallback:default,0.5488684210526316,1167.2368421052631,224194.8947368421
235,Gen_9506,default,fallback:default,0.5488684210526316,1167.2368421052631,224194.8947368421
236,Gen_9611,default,fallback:default,0.5488684210526316,1167.2368421052631,224194.8947368421
237,Gen_9614,default,fallback:default,0.5488684210526316,1167.2368421052631,224194.8947368421
238,Gen_9614,default,fallback:default,0.5488684210526316,1167.2368421052631,224194.8947368421
239,Gen_9616,default,fallback:default,0.5488684210526316,1167.2368421052631,224194.8947368421
240,Gen_9617,default,fallback:default,0.5488684210526316,1167.2368421052631,224194.8947368421
241,Gen_9722,default,fallback:default,0.5488684210526316,1167.2368421052631,224194.8947368421
242,Gen_9723,default,fallback:default,0.5488684210526316,1167.2368421052631,224194.8947368421
243,Gen_9724,default,fallback:default,0.5488684210526316,1167.2368421052631,224194.8947368421
244,Gen_9725,default,fallback:default,0.5488684210526316,1167.2368421052631,224194.8947368421
245,Gen_9726,default,fallback:default,0.5488684210526316,1167.2368421052631,224194.8947368421
246,Gen_9727,default,fallback:default,0.5488684210526316,1167.2368421052631,224194.8947368421
247,Gen_9729,default,fallback:default,0.5488684210526316,1167.2368421052631,224194.8947368421
248,Gen_9731,default,fallback:default,0.5488684210526316,1167.2368421052631,224194.8947368421
249,Gen_9741,default,fallback:default,0.5488684210526316,1167.2368421052631,224194.8947368421
250,Gen_9742,default,fallback:default,0.5488684210526316,1167.2368421052631,224194.8947368421
251,Gen_9743,default,fallback:default,0.5488684210526316,1167.2368421052631,224194.8947368421
252,Gen_9763,default,fallback:default,0.5488684210526316,1167.2368421052631,224194.8947368421
253,Gen_9764,default,fallback:default,0.5488684210526316,1167.2368421052631,224194.8947368421
254,Gen_9765,default,fallback:default,0.5488684210526316,1167.2368421052631,224194.8947368421
255,Gen_9774,default,fallback:default,0.5488684210526316,1167.2368421052631,224194.8947368421
256,Gen_9775,default,fallback:default,0.5488684210526316,1167.2368421052631,224194.8947368421
257,Gen_9776,default,fallback:default,0.5488684210526316,1167.2368421052631,224194.8947368421
258,Gen_9777,default,fallback:default,0.5488684210526316,1167.2368421052631,224194.8947368421
259,Gen_9778,default,fallback:default,0.5488684210526316,1167.2368421052631,224194.8947368421
260,Gen_9783,default,fallback:default,0.5488684210526316,1167.2368421052631,224194.8947368421
261,Gen_9784,default,fallback:default,0.5488684210526316,1167.2368421052631,224194.8947368421
262,Gen_9785,default,fallback:default,0.5488684210526316,1167.2368421052631,224194.8947368421
263,Gen_9786,default,fallback:default,0.5488684210526316,1167.2368421052631,224194.8947368421
264,Gen_9787,default,fallback:default,0.5488684210526316,1167.2368421052631,224194.8947368421
265,Gen_9789,default,fallback:default,0.5488684210526316,1167.2368421052631,224194.8947368421
266,Gen_9790,default,fallback:default,0.5488684210526316,1167.2368421052631,224194.8947368421
267,Gen_9802,default,fallback:default,0.5488684210526316,1167.2368421052631,224194.8947368421
268,Gen_9803,default,fallback:default,0.5488684210526316,1167.2368421052631,224194.8947368421
269,Gen_9804,default,fallback:default,0.5488684210526316,1167.2368421052631,224194.8947368421
270,Gen_9805,default,fallback:default,0.5488684210526316,1167.2368421052631,224194.8947368421
271,Gen_9822,default,fallback:default,0.5488684210526316,1167.2368421052631,224194.8947368421
272,Gen_9822,default,fallback:default,0.5488684210526316,1167.2368421052631,224194.8947368421
273,Gen_9824,default,fallback:default,0.5488684210526316,1167.2368421052631,224194.8947368421
274,Gen_9865,default,fallback:default,0.5488684210526316,1167.2368421052631,224194.8947368421
275,Gen_9867,default,fallback:default,0.5488684210526316,1167.2368421052631,224194.8947368421
276,Gen_9868,default,fallback:default,0.5488684210526316,1167.2368421052631,224194.8947368421
277,Gen_9869,default,fallback:default,0.5488684210526316,1167.2368421052631,224194.8947368421
278,Gen_9870,default,fallback:default,0.5488684210526316,1167.2368421052631,224194.8947368421
279,Gen_9871,default,fallback:default,0.5488684210526316,1167.2368421052631,224194.8947368421
280,Gen_9901,default,fallback:default,0.5488684210526316,1167.2368421052631,224194.8947368421
281,Gen_9903,default,fallback:default,0.5488684210526316,1167.2368421052631,224194.8947368421
282,Gen_9905,default,fallback:default,0.5488684210526316,1167.2368421052631,224194.8947368421
283,Gen_9907,default,fallback:default,0.5488684210526316,1167.2368421052631,224194.8947368421
284,Gen_9916,default,fallback:default,0.5488684210526316,1167.2368421052631,224194.8947368421
285,Gen_9917,default,fallback:default,0.5488684210526316,1167.2368421052631,224194.8947368421
286,Gen_9918,default,fallback:default,0.5488684210526316,1167.2368421052631,224194.8947368421
287,Gen_9919,default,fallback:default,0.5488684210526316,1167.2368421052631,224194.8947368421
288,Gen_9920,default,fallback:default,0.5488684210526316,1167.2368421052631,224194.8947368421
289,Gen_9921,default,fallback:default,0.5488684210526316,1167.2368421052631,224194.8947368421
290,Gen_9926,default,fallback:default,0.5488684210526316,1167.2368421052631,224194.8947368421
291,Gen_9927,default,fallback:default,0.5488684210526316,1167.2368421052631,224194.8947368421
292,Gen_9928,default,fallback:default,0.5488684210526316,1167.2368421052631,224194.8947368421
293,Gen_9929,default,fallback:default,0.5488684210526316,1167.2368421052631,224194.8947368421
294,Gen_9930,default,fallback:default,0.5488684210526316,1167.2368421052631,224194.8947368421
295,Gen_9931,default,fallback:default,0.5488684210526316,1167.2368421052631,224194.8947368421
296,Gen_9935,default,fallback:default,0.5488684210526316,1167.2368421052631,224194.8947368421
297,Gen_10513,default,fallback:default,0.5488684210526316,1167.2368421052631,224194.8947368421
298,Gen_10652,default,fallback:default,0.5488684210526316,1167.2368421052631,224194.8947368421
299,Gen_13142,default,fallback:default,0.5488684210526316,1167.2368421052631,224194.8947368421
300,Gen_13352,default,fallback:default,0.5488684210526316,1167.2368421052631,224194.8947368421
301,Gen_13372,default,fallback:default,0.5488684210526316,1167.2368421052631,224194.8947368421
302,Gen_13422,default,fallback:default,0.5488684210526316,1167.2368421052631,224194.8947368421
303,Gen_13532,default,fallback:default,0.5488684210526316,1167.2368421052631,224194.8947368421
304,Gen_13694,default,fallback:default,0.5488684210526316,1167.2368421052631,224194.8947368421
305,Gen_13702,default,fallback:default,0.5488684210526316,1167.2368421052631,224194.8947368421
306,Gen_13923,default,fallback:default,0.5488684210526316,1167.2368421052631,224194.8947368421
307,Gen_15024,default,fallback:default,0.5488684210526316,1167.2368421052631,224194.8947368421
308,Gen_20233,default,fallback:default,0.5488684210526316,1167.2368421052631,224194.8947368421
309,Gen_20513,default,fallback:default,0.5488684210526316,1167.2368421052631,224194.8947368421
310,Gen_20652,default,fallback:default,0.5488684210526316,1167.2368421052631,224194.8947368421
311,Gen_20805,default,fallback:default,0.5488684210526316,1167.2368421052631,224194.8947368421
312,Gen_20822,default,fallback:default,0.5488684210526316,1167.2368421052631,224194.8947368421
313,Gen_20853,default,fallback:default,0.5488684210526316,1167.2368421052631,224194.8947368421
314,Gen_20872,default,fallback:default,0.5488684210526316,1167.2368421052631,224194.8947368421
315,Gen_21085,default,fallback:default,0.5488684210526316,1167.2368421052631,224194.8947368421
316,Gen_21123,default,fallback:default,0.5488684210526316,1167.2368421052631,224194.8947368421
317,Gen_21583,default,fallback:default,0.5488684210526316,1167.2368421052631,224194.8947368421
318,Gen_21593,default,fallback:default,0.5488684210526316,1167.2368421052631,224194.8947368421
319,Gen_21663,default,fallback:default,0.5488684210526316,1167.2368421052631,224194.8947368421
320,Gen_21752,default,fallback:default,0.5488684210526316,1167.2368421052631,224194.8947368421
321,Gen_22003,default,fallback:default,0.5488684210526316,1167.2368421052631,224194.8947368421
322,Gen_22133,default,fallback:default,0.5488684210526316,1167.2368421052631,224194.8947368421
323,Gen_22143,default,fallback:default,0.5488684210526316,1167.2368421052631,224194.8947368421
324,Gen_22162,default,fallback:default,0.5488684210526316,1167.2368421052631,224194.8947368421
325,Gen_22173,default,fallback:default,0.5488684210526316,1167.2368421052631,224194.8947368421
326,Gen_22183,default,fallback:default,0.5488684210526316,1167.2368421052631,224194.8947368421
327,Gen_22202,default,fallback:default,0.5488684210526316,1167.2368421052631,224194.8947368421
328,Gen_22303,default,fallback:default,0.5488684210526316,1167.2368421052631,224194.8947368421
329,Gen_22322,default,fallback:default,0.5488684210526316,1167.2368421052631,224194.8947368421
330,Gen_22332,default,fallback:default,0.5488684210526316,1167.2368421052631,224194.8947368421
331,Gen_22353,default,fallback:default,0.5488684210526316,1167.2368421052631,224194.8947368421
332,Gen_22402,default,fallback:default,0.5488684210526316,1167.2368421052631,224194.8947368421
333,Gen_22603,default,fallback:default,0.5488684210526316,1167.2368421052631,224194.8947368421
334,Gen_22613,default,fallback:default,0.5488684210526316,1167.2368421052631,224194.8947368421
335,Gen_22672,default,fallback:default,0.5488684210526316,1167.2368421052631,224194.8947368421
336,Gen_22753,default,fallback:default,0.5488684210526316,1167.2368421052631,224194.8947368421
337,Gen_22763,default,fallback:default,0.5488684210526316,1167.2368421052631,224194.8947368421
338,Gen_22802,default,fallback:default,0.5488684210526316,1167.2368421052631,224194.8947368421
339,Gen_22812,default,fallback:default,0.5488684210526316,1167.2368421052631,224194.8947368421
340,Gen_22862,default,fallback:default,0.5488684210526316,1167.2368421052631,224194.8947368421
341,Gen_22902,default,fallback:default,0.5488684210526316,1167.2368421052631,224194.8947368421
342,Gen_22932,default,fallback:default,0.5488684210526316,1167.2368421052631,224194.8947368421
343,Gen_22952,default,fallback:default,0.5488684210526316,1167.2368421052631,224194.8947368421
344,Gen_23002,default,fallback:default,0.5488684210526316,1167.2368421052631,224194.8947368421
345,Gen_23102,default,fallback:default,0.5488684210526316,1167.2368421052631,224194.8947368421
346,Gen_23122,default,fallback:default,0.5488684210526316,1167.2368421052631,224194.8947368421
347,Gen_23132,default,fallback:default,0.5488684210526316,1167.2368421052631,224194.8947368421
348,Gen_23142,default,fallback:default,0.5488684210526316,1167.2368421052631,224194.8947368421
349,Gen_23162,default,fallback:default,0.5488684210526316,1167.2368421052631,224194.8947368421
350,Gen_23182,default,fallback:default,0.5488684210526316,1167.2368421052631,224194.8947368421
351,Gen_23222,default,fallback:default,0.5488684210526316,1167.2368421052631,224194.8947368421
352,Gen_23232,default,fallback:default,0.5488684210526316,1167.2368421052631,224194.8947368421
353,Gen_23242,default,fallback:default,0.5488684210526316,1167.2368421052631,224194.8947368421
354,Gen_23282,default,fallback:default,0.5488684210526316,1167.2368421052631,224194.8947368421
355,Gen_23292,default,fallback:default,0.5488684210526316,1167.2368421052631,224194.8947368421
356,Gen_23302,default,fallback:default,0.5488684210526316,1167.2368421052631,224194.8947368421
357,Gen_23322,default,fallback:default,0.5488684210526316,1167.2368421052631,224194.8947368421
358,Gen_23342,default,fallback:default,0.5488684210526316,1167.2368421052631,224194.8947368421
359,Gen_23352,default,fallback:default,0.5488684210526316,1167.2368421052631,224194.8947368421
360,Gen_23362,default,fallback:default,0.5488684210526316,1167.2368421052631,224194.8947368421
361,Gen_23364,default,fallback:default,0.5488684210526316,1167.2368421052631,224194.8947368421
362,Gen_23372,default,fallback:default,0.5488684210526316,1167.2368421052631,224194.8947368421
363,Gen_23374,default,fallback:default,0.5488684210526316,1167.2368421052631,224194.8947368421
364,Gen_23392,default,fallback:default,0.5488684210526316,1167.2368421052631,224194.8947368421
365,Gen_23394,default,fallback:default,0.5488684210526316,1167.2368421052631,224194.8947368421
366,Gen_23412,default,fallback:default,0.5488684210526316,1167.2368421052631,224194.8947368421
367,Gen_23422,default,fallback:default,0.5488684210526316,1167.2368421052631,224194.8947368421
368,Gen_23442,default,fallback:default,0.5488684210526316,1167.2368421052631,224194.8947368421
369,Gen_23452,default,fallback:default,0.5488684210526316,1167.2368421052631,224194.8947368421
370,Gen_23462,default,fallback:default,0.5488684210526316,1167.2368421052631,224194.8947368421
371,Gen_23472,default,fallback:default,0.5488684210526316,1167.2368421052631,224194.8947368421
372,Gen_23482,default,fallback:default,0.5488684210526316,1167.2368421052631,224194.8947368421
373,Gen_23522,default,fallback:default,0.5488684210526316,1167.2368421052631,224194.8947368421
374,Gen_23532,default,fallback:default,0.5488684210526316,1167.2368421052631,224194.8947368421
375,Gen_23552,default,fallback:default,0.5488684210526316,1167.2368421052631,224194.8947368421
376,Gen_23662,default,fallback:default,0.5488684210526316,1167.2368421052631,224194.8947368421
377,Gen_23672,default,fallback:default,0.5488684210526316,1167.2368421052631,224194.8947368421
378,Gen_23682,default,fallback:default,0.5488684210526316,1167.2368421052631,224194.8947368421
379,Gen_23694,default,fallback:default,0.5488684210526316,1167.2368421052631,224194.8947368421
380,Gen_23702,default,fallback:default,0.5488684210526316,1167.2368421052631,224194.8947368421
381,Gen_23722,default,fallback:default,0.5488684210526316,1167.2368421052631,224194.8947368421
382,Gen_23732,default,fallback:default,0.5488684210526316,1167.2368421052631,224194.8947368421
383,Gen_23762,default,fallback:default,0.5488684210526316,1167.2368421052631,224194.8947368421
384,Gen_23792,default,fallback:default,0.5488684210526316,1167.2368421052631,224194.8947368421
385,Gen_23812,default,fallback:default,0.5488684210526316,1167.2368421052631,224194.8947368421
386,Gen_23882,default,fallback:default,0.5488684210526316,1167.2368421052631,224194.8947368421
387,Gen_23892,default,fallback:default,0.5488684210526316,1167.2368421052631,224194.8947368421
388,Gen_23922,default,fallback:default,0.5488684210526316,1167.2368421052631,224194.8947368421
389,Gen_23932,default,fallback:default,0.5488684210526316,1167.2368421052631,224194.8947368421
390,Gen_23942,default,fallback:default,0.5488684210526316,1167.2368421052631,224194.8947368421
391,Gen_23952,default,fallback:default,0.5488684210526316,1167.2368421052631,224194.8947368421
392,Gen_23972,default,fallback:default,0.5488684210526316,1167.2368421052631,224194.8947368421
393,Gen_24002,default,fallback:default,0.5488684210526316,1167.2368421052631,224194.8947368421
394,Gen_24012,default,fallback:default,0.5488684210526316,1167.2368421052631,224194.8947368421
395,Gen_24026,default,fallback:default,0.5488684210526316,1167.2368421052631,224194.8947368421
396,Gen_24028,default,fallback:default,0.5488684210526316,1167.2368421052631,224194.8947368421
397,Gen_24030,default,fallback:default,0.5488684210526316,1167.2368421052631,224194.8947368421
398,Gen_24048,default,fallback:default,0.5488684210526316,1167.2368421052631,224194.8947368421
399,Gen_24108,default,fallback:default,0.5488684210526316,1167.2368421052631,224194.8947368421
400,Gen_24110,default,fallback:default,0.5488684210526316,1167.2368421052631,224194.8947368421
401,Gen_24112,default,fallback:default,0.5488684210526316,1167.2368421052631,224194.8947368421
402,Gen_24114,default,fallback:default,0.5488684210526316,1167.2368421052631,224194.8947368421
403,Gen_24116,default,fallback:default,0.5488684210526316,1167.2368421052631,224194.8947368421
404,Gen_24118,default,fallback:default,0.5488684210526316,1167.2368421052631,224194.8947368421
405,Gen_24128,default,fallback:default,0.5488684210526316,1167.2368421052631,224194.8947368421
406,Gen_24140,default,fallback:default,0.5488684210526316,1167.2368421052631,224194.8947368421
407,Gen_24144,default,fallback:default,0.5488684210526316,1167.2368421052631,224194.8947368421
408,Gen_24148,default,fallback:default,0.5488684210526316,1167.2368421052631,224194.8947368421
409,Gen_24162,default,fallback:default,0.5488684210526316,1167.2368421052631,224194.8947368421
410,Gen_24204,default,fallback:default,0.5488684210526316,1167.2368421052631,224194.8947368421
411,Gen_24208,default,fallback:default,0.5488684210526316,1167.2368421052631,224194.8947368421
412,Gen_24214,default,fallback:default,0.5488684210526316,1167.2368421052631,224194.8947368421
413,Gen_24256,default,fallback:default,0.5488684210526316,1167.2368421052631,224194.8947368421
414,Gen_24258,default,fallback:default,0.5488684210526316,1167.2368421052631,224194.8947368421
415,Gen_24260,default,fallback:default,0.5488684210526316,1167.2368421052631,224194.8947368421
416,Gen_24264,default,fallback:default,0.5488684210526316,1167.2368421052631,224194.8947368421
417,Gen_24266,default,fallback:default,0.5488684210526316,1167.2368421052631,224194.8947368421
418,Gen_24270,default,fallback:default,0.5488684210526316,1167.2368421052631,224194.8947368421
419,Gen_24276,default,fallback:default,0.5488684210526316,1167.2368421052631,224194.8947368421
420,Gen_24302,default,fallback:default,0.5488684210526316,1167.2368421052631,224194.8947368421
421,Gen_24306,default,fallback:default,0.5488684210526316,1167.2368421052631,224194.8947368421
422,Gen_24308,default,fallback:default,0.5488684210526316,1167.2368421052631,224194.8947368421
423,Gen_24310,default,fallback:default,0.5488684210526316,1167.2368421052631,224194.8947368421
424,Gen_24314,default,fallback:default,0.5488684210526316,1167.2368421052631,224194.8947368421
425,Gen_24352,default,fallback:default,0.5488684210526316,1167.2368421052631,224194.8947368421
426,Gen_24354,default,fallback:default,0.5488684210526316,1167.2368421052631,224194.8947368421
427,Gen_24358,default,fallback:default,0.5488684210526316,1167.2368421052631,224194.8947368421
428,Gen_24360,default,fallback:default,0.5488684210526316,1167.2368421052631,224194.8947368421
429,Gen_24362,default,fallback:default,0.5488684210526316,1167.2368421052631,224194.8947368421
430,Gen_24402,default,fallback:default,0.5488684210526316,1167.2368421052631,224194.8947368421
431,Gen_24404,default,fallback:default,0.5488684210526316,1167.2368421052631,224194.8947368421
432,Gen_24410,default,fallback:default,0.5488684210526316,1167.2368421052631,224194.8947368421
433,Gen_24412,default,fallback:default,0.5488684210526316,1167.2368421052631,224194.8947368421
434,Gen_24426,default,fallback:default,0.5488684210526316,1167.2368421052631,224194.8947368421
435,Gen_24438,default,fallback:default,0.5488684210526316,1167.2368421052631,224194.8947368421
436,Gen_24506,default,fallback:default,0.5488684210526316,1167.2368421052631,224194.8947368421
437,Gen_24508,default,fallback:default,0.5488684210526316,1167.2368421052631,224194.8947368421
438,Gen_24514,default,fallback:default,0.5488684210526316,1167.2368421052631,224194.8947368421
439,Gen_24528,default,fallback:default,0.5488684210526316,1167.2368421052631,224194.8947368421
440,Gen_24552,default,fallback:default,0.5488684210526316,1167.2368421052631,224194.8947368421
441,Gen_24554,default,fallback:default,0.5488684210526316,1167.2368421052631,224194.8947368421
442,Gen_24558,default,fallback:default,0.5488684210526316,1167.2368421052631,224194.8947368421
443,Gen_24560,default,fallback:default,0.5488684210526316,1167.2368421052631,224194.8947368421
444,Gen_24564,default,fallback:default,0.5488684210526316,1167.2368421052631,224194.8947368421
445,Gen_24568,default,fallback:default,0.5488684210526316,1167.2368421052631,224194.8947368421
446,Gen_24574,default,fallback:default,0.5488684210526316,1167.2368421052631,224194.8947368421
447,Gen_24576,default,fallback:default,0.5488684210526316,1167.2368421052631,224194.8947368421
448,Gen_24584,default,fallback:default,0.5488684210526316,1167.2368421052631,224194.8947368421
449,Gen_24602,default,fallback:default,0.5488684210526316,1167.2368421052631,224194.8947368421
450,Gen_24604,default,fallback:default,0.5488684210526316,1167.2368421052631,224194.8947368421
451,Gen_24608,default,fallback:default,0.5488684210526316,1167.2368421052631,224194.8947368421
452,Gen_24612,default,fallback:default,0.5488684210526316,1167.2368421052631,224194.8947368421
453,Gen_24614,default,fallback:default,0.5488684210526316,1167.2368421052631,224194.8947368421
454,Gen_24618,default,fallback:default,0.5488684210526316,1167.2368421052631,224194.8947368421
455,Gen_24626,default,fallback:default,0.5488684210526316,1167.2368421052631,224194.8947368421
456,Gen_24628,default,fallback:default,0.5488684210526316,1167.2368421052631,224194.8947368421
457,Gen_24630,default,fallback:default,0.5488684210526316,1167.2368421052631,224194.8947368421
458,Gen_24636,default,fallback:default,0.5488684210526316,1167.2368421052631,224194.8947368421
459,Gen_24638,default,fallback:default,0.5488684210526316,1167.2368421052631,224194.8947368421
460,Gen_24640,default,fallback:default,0.5488684210526316,1167.2368421052631,224194.8947368421
461,Gen_24650,default,fallback:default,0.5488684210526316,1167.2368421052631,224194.8947368421
462,Gen_24652,default,fallback:default,0.5488684210526316,1167.2368421052631,224194.8947368421
463,Gen_24702,default,fallback:default,0.5488684210526316,1167.2368421052631,224194.8947368421
464,Gen_24704,default,fallback:default,0.5488684210526316,1167.2368421052631,224194.8947368421
465,Gen_24706,default,fallback:default,0.5488684210526316,1167.2368421052631,224194.8947368421
466,Gen_24710,default,fallback:default,0.5488684210526316,1167.2368421052631,224194.8947368421
467,Gen_24712,default,fallback:default,0.5488684210526316,1167.2368421052631,224194.8947368421
468,Gen_24714,default,fallback:default,0.5488684210526316,1167.2368421052631,224194.8947368421
469,Gen_24716,default,fallback:default,0.5488684210526316,1167.2368421052631,224194.8947368421
470,Gen_24752,default,fallback:default,0.5488684210526316,1167.2368421052631,224194.8947368421
471,Gen_24754,default,fallback:default,0.5488684210526316,1167.2368421052631,224194.8947368421
472,Gen_24756,default,fallback:default,0.5488684210526316,1167.2368421052631,224194.8947368421
473,Gen_24758,default,fallback:default,0.5488684210526316,1167.2368421052631,224194.8947368421
474,Gen_24760,default,fallback:default,0.5488684210526316,1167.2368421052631,224194.8947368421
475,Gen_24764,default,fallback:default,0.5488684210526316,1167.2368421052631,224194.8947368421
476,Gen_24802,default,fallback:default,0.5488684210526316,1167.2368421052631,224194.8947368421
477,Gen_24806,default,fallback:default,0.5488684210526316,1167.2368421052631,224194.8947368421
478,Gen_24812,default,fallback:default,0.5488684210526316,1167.2368421052631,224194.8947368421
479,Gen_24814,default,fallback:default,0.5488684210526316,1167.2368421052631,224194.8947368421
480,Gen_24816,default,fallback:default,0.5488684210526316,1167.2368421052631,224194.8947368421
481,Gen_24818,default,fallback:default,0.5488684210526316,1167.2368421052631,224194.8947368421
482,Gen_24820,default,fallback:default,0.5488684210526316,1167.2368421052631,224194.8947368421
483,Gen_24822,default,fallback:default,0.5488684210526316,1167.2368421052631,224194.8947368421
484,Gen_24824,default,fallback:default,0.5488684210526316,1167.2368421052631,224194.8947368421
485,Gen_24840,default,fallback:default,0.5488684210526316,1167.2368421052631,224194.8947368421
486,Gen_24902,default,fallback:default,0.5488684210526316,1167.2368421052631,224194.8947368421
487,Gen_24904,default,fallback:default,0.5488684210526316,1167.2368421052631,224194.8947368421
488,Gen_24908,default,fallback:default,0.5488684210526316,1167.2368421052631,224194.8947368421
489,Gen_24910,default,fallback:default,0.5488684210526316,1167.2368421052631,224194.8947368421
490,Gen_24922,default,fallback:default,0.5488684210526316,1167.2368421052631,224194.8947368421
491,Gen_24990,default,fallback:default,0.5488684210526316,1167.2368421052631,224194.8947368421
492,Gen_24992,default,fallback:default,0.5488684210526316,1167.2368421052631,224194.8947368421
493,Gen_24994,default,fallback:default,0.5488684210526316,1167.2368421052631,224194.8947368421
494,Gen_24996,default,fallback:default,0.5488684210526316,1167.2368421052631,224194.8947368421
495,Gen_25000,default,fallback:default,0.5488684210526316,1167.2368421052631,224194.8947368421
496,Gen_25004,default,fallback:default,0.5488684210526316,1167.2368421052631,224194.8947368421
497,Gen_25006,default,fallback:default,0.5488684210526316,1167.2368421052631,224194.8947368421
498,Gen_25014,default,fallback:default,0.5488684210526316,1167.2368421052631,224194.8947368421
499,Gen_25018,default,fallback:default,0.5488684210526316,1167.2368421052631,224194.8947368421
500,Gen_25022,default,fallback:default,0.5488684210526316,1167.2368421052631,224194.8947368421
501,Gen_25024,default,fallback:default,0.5488684210526316,1167.2368421052631,224194.8947368421
502,Gen_25026,default,fallback:default,0.5488684210526316,1167.2368421052631,224194.8947368421
503,Gen_25028,default,fallback:default,0.5488684210526316,1167.2368421052631,224194.8947368421
504,Gen_25056,default,fallback:default,0.5488684210526316,1167.2368421052631,224194.8947368421
505,Gen_25080,default,fallback:default,0.5488684210526316,1167.2368421052631,224194.8947368421
506,Gen_25092,default,fallback:default,0.5488684210526316,1167.2368421052631,224194.8947368421
507,Gen_25098,default,fallback:default,0.5488684210526316,1167.2368421052631,224194.8947368421
508,Gen_25108,default,fallback:default,0.5488684210526316,1167.2368421052631,224194.8947368421
509,Gen_25502,default,fallback:default,0.5488684210526316,1167.2368421052631,224194.8947368421
510,Gen_25504,default,fallback:default,0.5488684210526316,1167.2368421052631,224194.8947368421
511,Gen_25506,default,fallback:default,0.5488684210526316,1167.2368421052631,224194.8947368421
512,Gen_25522,default,fallback:default,0.5488684210526316,1167.2368421052631,224194.8947368421
513,Gen_25524,default,fallback:default,0.5488684210526316,1167.2368421052631,224194.8947368421
514,Gen_25526,default,fallback:default,0.5488684210526316,1167.2368421052631,224194.8947368421
515,Gen_25530,default,fallback:default,0.5488684210526316,1167.2368421052631,224194.8947368421
516,Gen_25538,default,fallback:default,0.5488684210526316,1167.2368421052631,224194.8947368421
517,Gen_25542,default,fallback:default,0.5488684210526316,1167.2368421052631,224194.8947368421
518,Gen_25546,default,fallback:default,0.5488684210526316,1167.2368421052631,224194.8947368421
519,Gen_25602,default,fallback:default,0.5488684210526316,1167.2368421052631,224194.8947368421
520,Gen_25604,default,fallback:default,0.5488684210526316,1167.2368421052631,224194.8947368421
521,Gen_25606,default,fallback:default,0.5488684210526316,1167.2368421052631,224194.8947368421
522,Gen_25610,default,fallback:default,0.5488684210526316,1167.2368421052631,224194.8947368421
523,Gen_25612,default,fallback:default,0.5488684210526316,1167.2368421052631,224194.8947368421
524,Gen_25616,default,fallback:default,0.5488684210526316,1167.2368421052631,224194.8947368421
525,Gen_25618,default,fallback:default,0.5488684210526316,1167.2368421052631,224194.8947368421
526,Gen_25626,default,fallback:default,0.5488684210526316,1167.2368421052631,224194.8947368421
527,Gen_25628,default,fallback:default,0.5488684210526316,1167.2368421052631,224194.8947368421
528,Gen_25638,default,fallback:default,0.5488684210526316,1167.2368421052631,224194.8947368421
529,Gen_25644,default,fallback:default,0.5488684210526316,1167.2368421052631,224194.8947368421
530,Gen_25648,default,fallback:default,0.5488684210526316,1167.2368421052631,224194.8947368421
531,Gen_25652,default,fallback:default,0.5488684210526316,1167.2368421052631,224194.8947368421
532,Gen_25654,default,fallback:default,0.5488684210526316,1167.2368421052631,224194.8947368421
533,Gen_25656,default,fallback:default,0.5488684210526316,1167.2368421052631,224194.8947368421
534,Gen_25658,default,fallback:default,0.5488684210526316,1167.2368421052631,224194.8947368421
535,Gen_25660,default,fallback:default,0.5488684210526316,1167.2368421052631,224194.8947368421
536,Gen_25664,default,fallback:default,0.5488684210526316,1167.2368421052631,224194.8947368421
537,Gen_25666,default,fallback:default,0.5488684210526316,1167.2368421052631,224194.8947368421
538,Gen_25668,default,fallback:default,0.5488684210526316,1167.2368421052631,224194.8947368421
539,Gen_25670,default,fallback:default,0.5488684210526316,1167.2368421052631,224194.8947368421
540,Gen_25672,default,fallback:default,0.5488684210526316,1167.2368421052631,224194.8947368421
541,Gen_25682,default,fallback:default,0.5488684210526316,1167.2368421052631,224194.8947368421
542,Gen_25684,default,fallback:default,0.5488684210526316,1167.2368421052631,224194.8947368421
543,Gen_25686,default,fallback:default,0.5488684210526316,1167.2368421052631,224194.8947368421
544,Gen_25694,default,fallback:default,0.5488684210526316,1167.2368421052631,224194.8947368421
545,Gen_25778,default,fallback:default,0.5488684210526316,1167.2368421052631,224194.8947368421
546,Gen_25788,default,fallback:default,0.5488684210526316,1167.2368421052631,224194.8947368421
547,Gen_25790,default,fallback:default,0.5488684210526316,1167.2368421052631,224194.8947368421
548,Gen_25802,default,fallback:default,0.5488684210526316,1167.2368421052631,224194.8947368421
549,Gen_25810,default,fallback:default,0.5488684210526316,1167.2368421052631,224194.8947368421
550,Gen_25812,default,fallback:default,0.5488684210526316,1167.2368421052631,224194.8947368421
551,Gen_25818,default,fallback:default,0.5488684210526316,1167.2368421052631,224194.8947368421
552,Gen_25820,default,fallback:default,0.5488684210526316,1167.2368421052631,224194.8947368421
553,Gen_25842,default,fallback:default,0.5488684210526316,1167.2368421052631,224194.8947368421
554,Gen_25852,default,fallback:default,0.5488684210526316,1167.2368421052631,224194.8947368421
555,Gen_25854,default,fallback:default,0.5488684210526316,1167.2368421052631,224194.8947368421
556,Gen_25856,default,fallback:default,0.5488684210526316,1167.2368421052631,224194.8947368421
557,Gen_25864,default,fallback:default,0.5488684210526316,1167.2368421052631,224194.8947368421
558,Gen_25902,default,fallback:default,0.5488684210526316,1167.2368421052631,224194.8947368421
559,Gen_25904,default,fallback:default,0.5488684210526316,1167.2368421052631,224194.8947368421
560,Gen_25906,default,fallback:default,0.5488684210526316,1167.2368421052631,224194.8947368421
561,Gen_25910,default,fallback:default,0.5488684210526316,1167.2368421052631,224194.8947368421
562,Gen_25914,default,fallback:default,0.5488684210526316,1167.2368421052631,224194.8947368421
563,Gen_25916,default,fallback:default,0.5488684210526316,1167.2368421052631,224194.8947368421
564,Gen_25942,default,fallback:default,0.5488684210526316,1167.2368421052631,224194.8947368421
565,Gen_25944,default,fallback:default,0.5488684210526316,1167.2368421052631,224194.8947368421
566,Gen_25956,default,fallback:default,0.5488684210526316,1167.2368421052631,224194.8947368421
567,Gen_25976,default,fallback:default,0.5488684210526316,1167.2368421052631,224194.8947368421
568,Gen_25978,default,fallback:default,0.5488684210526316,1167.2368421052631,224194.8947368421
569,Gen_25980,default,fallback:default,0.5488684210526316,1167.2368421052631,224194.8947368421
570,Gen_25984,default,fallback:default,0.5488684210526316,1167.2368421052631,224194.8947368421
571,Gen_25996,default,fallback:default,0.5488684210526316,1167.2368421052631,224194.8947368421
572,Gen_25998,default,fallback:default,0.5488684210526316,1167.2368421052631,224194.8947368421
573,Gen_26004,default,fallback:default,0.5488684210526316,1167.2368421052631,224194.8947368421
574,Gen_26010,default,fallback:default,0.5488684210526316,1167.2368421052631,224194.8947368421
575,Gen_26012,default,fallback:default,0.5488684210526316,1167.2368421052631,224194.8947368421
576,Gen_26018,default,fallback:default,0.5488684210526316,1167.2368421052631,224194.8947368421
577,Gen_26024,default,fallback:default,0.5488684210526316,1167.2368421052631,224194.8947368421
578,Gen_26034,default,fallback:default,0.5488684210526316,1167.2368421052631,224194.8947368421
579,Gen_26040,default,fallback:default,0.5488684210526316,1167.2368421052631,224194.8947368421
580,Gen_26044,default,fallback:default,0.5488684210526316,1167.2368421052631,224194.8947368421
581,Gen_26056,default,fallback:default,0.5488684210526316,1167.2368421052631,224194.8947368421
582,Gen_26060,default,fallback:default,0.5488684210526316,1167.2368421052631,224194.8947368421
583,Gen_26064,default,fallback:default,0.5488684210526316,1167.2368421052631,224194.8947368421
584,Gen_26068,default,fallback:default,0.5488684210526316,1167.2368421052631,224194.8947368421
585,Gen_26072,default,fallback:default,0.5488684210526316,1167.2368421052631,224194.8947368421
586,Gen_26074,default,fallback:default,0.5488684210526316,1167.2368421052631,224194.8947368421
587,Gen_26076,default,fallback:default,0.5488684210526316,1167.2368421052631,224194.8947368421
588,Gen_26080,default,fallback:default,0.5488684210526316,1167.2368421052631,224194.8947368421
589,Gen_26084,default,fallback:default,0.5488684210526316,1167.2368421052631,224194.8947368421
590,Gen_26086,default,fallback:default,0.5488684210526316,1167.2368421052631,224194.8947368421
591,Gen_26096,default,fallback:default,0.5488684210526316,1167.2368421052631,224194.8947368421
592,Gen_26098,default,fallback:default,0.5488684210526316,1167.2368421052631,224194.8947368421
593,Gen_26106,default,fallback:default,0.5488684210526316,1167.2368421052631,224194.8947368421
594,Gen_26108,default,fallback:default,0.5488684210526316,1167.2368421052631,224194.8947368421
595,Gen_26110,default,fallback:default,0.5488684210526316,1167.2368421052631,224194.8947368421
596,Gen_26112,default,fallback:default,0.5488684210526316,1167.2368421052631,224194.8947368421
597,Gen_26116,default,fallback:default,0.5488684210526316,1167.2368421052631,224194.8947368421
598,Gen_26120,default,fallback:default,0.5488684210526316,1167.2368421052631,224194.8947368421
599,Gen_26126,default,fallback:default,0.5488684210526316,1167.2368421052631,224194.8947368421
600,Gen_26128,default,fallback:default,0.5488684210526316,1167.2368421052631,224194.8947368421
601,Gen_26130,default,fallback:default,0.5488684210526316,1167.2368421052631,224194.8947368421
602,Gen_26140,default,fallback:default,0.5488684210526316,1167.2368421052631,224194.8947368421
603,Gen_26162,default,fallback:default,0.5488684210526316,1167.2368421052631,224194.8947368421
604,Gen_26166,default,fallback:default,0.5488684210526316,1167.2368421052631,224194.8947368421
605,Gen_26170,default,fallback:default,0.5488684210526316,1167.2368421052631,224194.8947368421
606,Gen_26204,default,fallback:default,0.5488684210526316,1167.2368421052631,224194.8947368421
607,Gen_26208,default,fallback:default,0.5488684210526316,1167.2368421052631,224194.8947368421
608,Gen_26218,default,fallback:default,0.5488684210526316,1167.2368421052631,224194.8947368421
609,Gen_26220,default,fallback:default,0.5488684210526316,1167.2368421052631,224194.8947368421
610,Gen_26224,default,fallback:default,0.5488684210526316,1167.2368421052631,224194.8947368421
611,Gen_26228,default,fallback:default,0.5488684210526316,1167.2368421052631,224194.8947368421
612,Gen_26234,default,fallback:default,0.5488684210526316,1167.2368421052631,224194.8947368421
613,Gen_26236,default,fallback:default,0.5488684210526316,1167.2368421052631,224194.8947368421
614,Gen_26302,default,fallback:default,0.5488684210526316,1167.2368421052631,224194.8947368421
615,Gen_26306,default,fallback:default,0.5488684210526316,1167.2368421052631,224194.8947368421
616,Gen_26310,default,fallback:default,0.5488684210526316,1167.2368421052631,224194.8947368421
617,Gen_26312,default,fallback:default,0.5488684210526316,1167.2368421052631,224194.8947368421
618,Gen_26318,default,fallback:default,0.5488684210526316,1167.2368421052631,224194.8947368421
619,Gen_26320,default,fallback:default,0.5488684210526316,1167.2368421052631,224194.8947368421
620,Gen_26322,default,fallback:default,0.5488684210526316,1167.2368421052631,224194.8947368421
621,Gen_26330,default,fallback:default,0.5488684210526316,1167.2368421052631,224194.8947368421
622,Gen_26354,default,fallback:default,0.5488684210526316,1167.2368421052631,224194.8947368421
623,Gen_26362,default,fallback:default,0.5488684210526316,1167.2368421052631,224194.8947368421
624,Gen_26368,default,fallback:default,0.5488684210526316,1167.2368421052631,224194.8947368421
625,Gen_26370,default,fallback:default,0.5488684210526316,1167.2368421052631,224194.8947368421
626,Gen_26372,default,fallback:default,0.5488684210526316,1167.2368421052631,224194.8947368421
627,Gen_26408,default,fallback:default,0.5488684210526316,1167.2368421052631,224194.8947368421
628,Gen_26410,default,fallback:default,0.5488684210526316,1167.2368421052631,224194.8947368421
629,Gen_26452,default,fallback:default,0.5488684210526316,1167.2368421052631,224194.8947368421
630,Gen_26456,default,fallback:default,0.5488684210526316,1167.2368421052631,224194.8947368421
631,Gen_26458,default,fallback:default,0.5488684210526316,1167.2368421052631,224194.8947368421
632,Gen_26512,default,fallback:default,0.5488684210526316,1167.2368421052631,224194.8947368421
633,Gen_26514,default,fallback:default,0.5488684210526316,1167.2368421052631,224194.8947368421
634,Gen_26522,default,fallback:default,0.5488684210526316,1167.2368421052631,224194.8947368421
635,Gen_27002,default,fallback:default,0.5488684210526316,1167.2368421052631,224194.8947368421
636,Gen_27004,default,fallback:default,0.5488684210526316,1167.2368421052631,224194.8947368421
637,Gen_27006,default,fallback:default,0.5488684210526316,1167.2368421052631,224194.8947368421
638,Gen_27012,default,fallback:default,0.5488684210526316,1167.2368421052631,224194.8947368421
639,Gen_27014,default,fallback:default,0.5488684210526316,1167.2368421052631,224194.8947368421
640,Gen_27020,default,fallback:default,0.5488684210526316,1167.2368421052631,224194.8947368421
641,Gen_27022,default,fallback:default,0.5488684210526316,1167.2368421052631,224194.8947368421
642,Gen_27024,default,fallback:default,0.5488684210526316,1167.2368421052631,224194.8947368421
643,Gen_27030,default,fallback:default,0.5488684210526316,1167.2368421052631,224194.8947368421
644,Gen_27032,default,fallback:default,0.5488684210526316,1167.2368421052631,224194.8947368421
645,Gen_32121,default,fallback:default,0.5488684210526316,1167.2368421052631,224194.8947368421
646,Gen_32122,default,fallback:default,0.5488684210526316,1167.2368421052631,224194.8947368421
647,Gen_32123,default,fallback:default,0.5488684210526316,1167.2368421052631,224194.8947368421
648,Gen_32124,default,fallback:default,0.5488684210526316,1167.2368421052631,224194.8947368421
649,Gen_32125,default,fallback:default,0.5488684210526316,1167.2368421052631,224194.8947368421
650,Gen_32151,default,fallback:default,0.5488684210526316,1167.2368421052631,224194.8947368421
651,Gen_32152,default,fallback:default,0.5488684210526316,1167.2368421052631,224194.8947368421
652,Gen_32153,default,fallback:default,0.5488684210526316,1167.2368421052631,224194.8947368421
653,Gen_32154,default,fallback:default,0.5488684210526316,1167.2368421052631,224194.8947368421
654,Gen_32164,default,fallback:default,0.5488684210526316,1167.2368421052631,224194.8947368421
655,Gen_32165,default,fallback:default,0.5488684210526316,1167.2368421052631,224194.8947368421
656,Gen_32174,default,fallback:default,0.5488684210526316,1167.2368421052631,224194.8947368421
657,Gen_32175,default,fallback:default,0.5488684210526316,1167.2368421052631,224194.8947368421
658,Gen_32204,default,fallback:default,0.5488684210526316,1167.2368421052631,224194.8947368421
659,Gen_32205,default,fallback:default,0.5488684210526316,1167.2368421052631,224194.8947368421
660,Gen_32206,default,fallback:default,0.5488684210526316,1167.2368421052631,224194.8947368421
661,Gen_32207,default,fallback:default,0.5488684210526316,1167.2368421052631,224194.8947368421
662,Gen_32208,default,fallback:default,0.5488684210526316,1167.2368421052631,224194.8947368421
663,Gen_32210,default,fallback:default,0.5488684210526316,1167.2368421052631,224194.8947368421
664,Gen_32211,default,fallback:default,0.5488684210526316,1167.2368421052631,224194.8947368421
665,Gen_32213,default,fallback:default,0.5488684210526316,1167.2368421052631,224194.8947368421
666,Gen_32214,default,fallback:default,0.5488684210526316,1167.2368421052631,224194.8947368421
667,Gen_32215,default,fallback:default,0.5488684210526316,1167.2368421052631,224194.8947368421
668,Gen_32243,default,fallback:default,0.5488684210526316,1167.2368421052631,224194.8947368421
669,Gen_32244,default,fallback:default,0.5488684210526316,1167.2368421052631,224194.8947368421
670,Gen_32245,default,fallback:default,0.5488684210526316,1167.2368421052631,224194.8947368421
671,Gen_32246,default,fallback:default,0.5488684210526316,1167.2368421052631,224194.8947368421
672,Gen_32247,default,fallback:default,0.5488684210526316,1167.2368421052631,224194.8947368421
673,Gen_32248,default,fallback:default,0.5488684210526316,1167.2368421052631,224194.8947368421
674,Gen_32271,default,fallback:default,0.5488684210526316,1167.2368421052631,224194.8947368421
675,Gen_32301,default,fallback:default,0.5488684210526316,1167.2368421052631,224194.8947368421
676,Gen_32302,default,fallback:default,0.5488684210526316,1167.2368421052631,224194.8947368421
677,Gen_32303,default,fallback:default,0.5488684210526316,1167.2368421052631,224194.8947368421
678,Gen_32304,default,fallback:default,0.5488684210526316,1167.2368421052631,224194.8947368421
679,Gen_32305,default,fallback:default,0.5488684210526316,1167.2368421052631,224194.8947368421
680,Gen_32306,default,fallback:default,0.5488684210526316,1167.2368421052631,224194.8947368421
681,Gen_32331,default,fallback:default,0.5488684210526316,1167.2368421052631,224194.8947368421
682,Gen_32332,default,fallback:default,0.5488684210526316,1167.2368421052631,224194.8947368421
683,Gen_32333,default,fallback:default,0.5488684210526316,1167.2368421052631,224194.8947368421
684,Gen_32334,default,fallback:default,0.5488684210526316,1167.2368421052631,224194.8947368421
685,Gen_32335,default,fallback:default,0.5488684210526316,1167.2368421052631,224194.8947368421
686,Gen_32345,default,fallback:default,0.5488684210526316,1167.2368421052631,224194.8947368421
687,Gen_32346,default,fallback:default,0.5488684210526316,1167.2368421052631,224194.8947368421
688,Gen_32350,default,fallback:default,0.5488684210526316,1167.2368421052631,224194.8947368421
689,Gen_32351,default,fallback:default,0.5488684210526316,1167.2368421052631,224194.8947368421
690,Gen_32379,default,fallback:default,0.5488684210526316,1167.2368421052631,224194.8947368421
691,Gen_32380,default,fallback:default,0.5488684210526316,1167.2368421052631,224194.8947368421
692,Gen_32381,default,fallback:default,0.5488684210526316,1167.2368421052631,224194.8947368421
693,Gen_32382,default,fallback:default,0.5488684210526316,1167.2368421052631,224194.8947368421
694,Gen_32408,default,fallback:default,0.5488684210526316,1167.2368421052631,224194.8947368421
695,Gen_32409,default,fallback:default,0.5488684210526316,1167.2368421052631,224194.8947368421
696,Gen_32410,default,fallback:default,0.5488684210526316,1167.2368421052631,224194.8947368421
697,Gen_32411,default,fallback:default,0.5488684210526316,1167.2368421052631,224194.8947368421
698,Gen_32420,default,fallback:default,0.5488684210526316,1167.2368421052631,224194.8947368421
699,Gen_32421,default,fallback:default,0.5488684210526316,1167.2368421052631,224194.8947368421
700,Gen_32422,default,fallback:default,0.5488684210526316,1167.2368421052631,224194.8947368421
701,Gen_32423,default,fallback:default,0.5488684210526316,1167.2368421052631,224194.8947368421
702,Gen_32473,default,fallback:default,0.5488684210526316,1167.2368421052631,224194.8947368421
703,Gen_32503,default,fallback:default,0.5488684210526316,1167.2368421052631,224194.8947368421
704,Gen_32504,default,fallback:default,0.5488684210526316,1167.2368421052631,224194.8947368421
705,Gen_37221,default,fallback:default,0.5488684210526316,1167.2368421052631,224194.8947368421
706,Gen_37222,default,fallback:default,0.5488684210526316,1167.2368421052631,224194.8947368421
707,Gen_37223,default,fallback:default,0.5488684210526316,1167.2368421052631,224194.8947368421
708,Gen_37224,default,fallback:default,0.5488684210526316,1167.2368421052631,224194.8947368421
709,Gen_37225,default,fallback:default,0.5488684210526316,1167.2368421052631,224194.8947368421
710,Gen_37226,default,fallback:default,0.5488684210526316,1167.2368421052631,224194.8947368421
711,Gen_37241,default,fallback:default,0.5488684210526316,1167.2368421052631,224194.8947368421
712,Gen_37242,default,fallback:default,0.5488684210526316,1167.2368421052631,224194.8947368421
713,Gen_37243,default,fallback:default,0.5488684210526316,1167.2368421052631,224194.8947368421
714,Gen_37244,default,fallback:default,0.5488684210526316,1167.2368421052631,224194.8947368421
715,Gen_37245,default,fallback:default,0.5488684210526316,1167.2368421052631,224194.8947368421
716,Gen_37246,default,fallback:default,0.5488684210526316,1167.2368421052631,224194.8947368421
717,Gen_40001,default,fallback:default,0.5488684210526316,1167.2368421052631,224194.8947368421
718,Gen_40001,default,fallback:default,0.5488684210526316,1167.2368421052631,224194.8947368421
719,Gen_40031,default,fallback:default,0.5488684210526316,1167.2368421052631,224194.8947368421
720,Gen_40061,default,fallback:default,0.5488684210526316,1167.2368421052631,224194.8947368421
721,Gen_40091,default,fallback:default,0.5488684210526316,1167.2368421052631,224194.8947368421
722,Gen_41500,default,fallback:default,0.5488684210526316,1167.2368421052631,224194.8947368421
723,Gen_41531,default,fallback:default,0.5488684210526316,1167.2368421052631,224194.8947368421
724,Gen_41561,default,fallback:default,0.5488684210526316,1167.2368421052631,224194.8947368421
725,Gen_41591,default,fallback:default,0.5488684210526316,1167.2368421052631,224194.8947368421
726,Gen_41621,default,fallback:default,0.5488684210526316,1167.2368421052631,224194.8947368421
727,Gen_41651,default,fallback:default,0.5488684210526316,1167.2368421052631,224194.8947368421
728,Gen_41681,default,fallback:default,0.5488684210526316,1167.2368421052631,224194.8947368421
729,Gen_41711,default,fallback:default,0.5488684210526316,1167.2368421052631,224194.8947368421
730,Gen_41741,default,fallback:default,0.5488684210526316,1167.2368421052631,224194.8947368421
731,Gen_45401,default,fallback:default,0.5488684210526316,1167.2368421052631,224194.8947368421
732,Gen_45441,default,fallback:default,0.5488684210526316,1167.2368421052631,224194.8947368421
733,Gen_45442,default,fallback:default,0.5488684210526316,1167.2368421052631,224194.8947368421
734,Gen_45443,default,fallback:default,0.5488684210526316,1167.2368421052631,224194.8947368421
735,Gen_45445,default,fallback:default,0.5488684210526316,1167.2368421052631,224194.8947368421
736,Gen_45446,default,fallback:default,0.5488684210526316,1167.2368421052631,224194.8947368421
737,Gen_45447,default,fallback:default,0.5488684210526316,1167.2368421052631,224194.8947368421
738,Gen_50501,default,fallback:default,0.5488684210526316,1167.2368421052631,224194.8947368421
739,Gen_50523,default,fallback:default,0.5488684210526316,1167.2368421052631,224194.8947368421
740,Gen_50524,default,fallback:default,0.5488684210526316,1167.2368421052631,224194.8947368421
741,Gen_50525,default,fallback:default,0.5488684210526316,1167.2368421052631,224194.8947368421
742,Gen_50531,default,fallback:default,0.5488684210526316,1167.2368421052631,224194.8947368421
743,Gen_50532,default,fallback:default,0.5488684210526316,1167.2368421052631,224194.8947368421
744,Gen_50542,default,fallback:default,0.5488684210526316,1167.2368421052631,224194.8947368421
745,Gen_50543,default,fallback:default,0.5488684210526316,1167.2368421052631,224194.8947368421
746,Gen_50561,default,fallback:default,0.5488684210526316,1167.2368421052631,224194.8947368421
747,Gen_53501,default,fallback:default,0.5488684210526316,1167.2368421052631,224194.8947368421
748,Gen_53521,default,fallback:default,0.5488684210526316,1167.2368421052631,224194.8947368421
749,Gen_53531,default,fallback:default,0.5488684210526316,1167.2368421052631,224194.8947368421
750,Gen_53532,default,fallback:default,0.5488684210526316,1167.2368421052631,224194.8947368421
751,Gen_53533,default,fallback:default,0.5488684210526316,1167.2368421052631,224194.8947368421
752,Gen_53534,default,fallback:default,0.5488684210526316,1167.2368421052631,224194.8947368421
753,Gen_53535,default,fallback:default,0.5488684210526316,1167.2368421052631,224194.8947368421
754,Gen_53541,default,fallback:default,0.5488684210526316,1167.2368421052631,224194.8947368421
755,Gen_53542,default,fallback:default,0.5488684210526316,1167.2368421052631,224194.8947368421
756,Gen_53543,default,fallback:default,0.5488684210526316,1167.2368421052631,224194.8947368421
757,Gen_53544,default,fallback:default,0.5488684210526316,1167.2368421052631,224194.8947368421
758,Gen_53545,default,fallback:default,0.5488684210526316,1167.2368421052631,224194.8947368421
759,Gen_53546,default,fallback:default,0.5488684210526316,1167.2368421052631,224194.8947368421
760,Gen_53561,default,fallback:default,0.5488684210526316,1167.2368421052631,224194.8947368421
761,Gen_53581,default,fallback:default,0.5488684210526316,1167.2368421052631,224194.8947368421
762,Gen_53601,default,fallback:default,0.5488684210526316,1167.2368421052631,224194.8947368421
763,Gen_53602,default,fallback:default,0.5488684210526316,1167.2368421052631,224194.8947368421
764,Gen_53621,default,fallback:default,0.5488684210526316,1167.2368421052631,224194.8947368421
765,Gen_53622,default,fallback:default,0.5488684210526316,1167.2368421052631,224194.8947368421
766,Gen_53623,default,fallback:default,0.5488684210526316,1167.2368421052631,224194.8947368421
767,Gen_53641,default,fallback:default,0.5488684210526316,1167.2368421052631,224194.8947368421
768,Gen_53661,default,fallback:default,0.5488684210526316,1167.2368421052631,224194.8947368421
769,Gen_53661,default,fallback:default,0.5488684210526316,1167.2368421052631,224194.8947368421
770,Gen_53661,default,fallback:default,0.5488684210526316,1167.2368421052631,224194.8947368421
771,Gen_53661,default,fallback:default,0.5488684210526316,1167.2368421052631,224194.8947368421
772,Gen_53661,default,fallback:default,0.5488684210526316,1167.2368421052631,224194.8947368421
773,Gen_53661,default,fallback:default,0.5488684210526316,1167.2368421052631,224194.8947368421
774,Gen_53681,default,fallback:default,0.5488684210526316,1167.2368421052631,224194.8947368421
775,Gen_53682,default,fallback:default,0.5488684210526316,1167.2368421052631,224194.8947368421
776,Gen_53701,default,fallback:default,0.5488684210526316,1167.2368421052631,224194.8947368421
777,Gen_53721,default,fallback:default,0.5488684210526316,1167.2368421052631,224194.8947368421
778,Gen_53722,default,fallback:default,0.5488684210526316,1167.2368421052631,224194.8947368421
779,Gen_53741,default,fallback:default,0.5488684210526316,1167.2368421052631,224194.8947368421
780,Gen_53801,default,fallback:default,0.5488684210526316,1167.2368421052631,224194.8947368421
781,Gen_53821,default,fallback:default,0.5488684210526316,1167.2368421052631,224194.8947368421
782,Gen_53841,default,fallback:default,0.5488684210526316,1167.2368421052631,224194.8947368421
783,Gen_53861,default,fallback:default,0.5488684210526316,1167.2368421052631,224194.8947368421
784,Gen_53901,default,fallback:default,0.5488684210526316,1167.2368421052631,224194.8947368421
785,Gen_53921,default,fallback:default,0.5488684210526316,1167.2368421052631,224194.8947368421
786,Gen_53941,default,fallback:default,0.5488684210526316,1167.2368421052631,224194.8947368421
787,Gen_53961,default,fallback:default,0.5488684210526316,1167.2368421052631,224194.8947368421
788,Gen_53982,default,fallback:default,0.5488684210526316,1167.2368421052631,224194.8947368421
789,Gen_53983,default,fallback:default,0.5488684210526316,1167.2368421052631,224194.8947368421
790,Gen_60001,default,fallback:default,0.5488684210526316,1167.2368421052631,224194.8947368421
791,Gen_60021,default,fallback:default,0.5488684210526316,1167.2368421052631,224194.8947368421
792,Gen_60041,default,fallback:default,0.5488684210526316,1167.2368421052631,224194.8947368421
793,Gen_60061,default,fallback:default,0.5488684210526316,1167.2368421052631,224194.8947368421
794,Gen_60062,default,fallback:default,0.5488684210526316,1167.2368421052631,224194.8947368421
795,Gen_60081,default,fallback:default,0.5488684210526316,1167.2368421052631,224194.8947368421
796,Gen_60082,default,fallback:default,0.5488684210526316,1167.2368421052631,224194.8947368421
797,Gen_60086,default,fallback:default,0.5488684210526316,1167.2368421052631,224194.8947368421
798,Gen_60121,default,fallback:default,0.5488684210526316,1167.2368421052631,224194.8947368421
799,Gen_60180,default,fallback:default,0.5488684210526316,1167.2368421052631,224194.8947368421
800,Gen_60200,default,fallback:default,0.5488684210526316,1167.2368421052631,224194.8947368421
801,Gen_62501,default,fallback:default,0.5488684210526316,1167.2368421052631,224194.8947368421
802,Gen_62520,default,fallback:default,0.5488684210526316,1167.2368421052631,224194.8947368421
803,Gen_65000,default,fallback:default,0.5488684210526316,1167.2368421052631,224194.8947368421
804,Gen_65020,default,fallback:default,0.5488684210526316,1167.2368421052631,224194.8947368421
805,Gen_65041,default,fallback:default,0.5488684210526316,1167.2368421052631,224194.8947368421
806,Gen_65060,default,fallback:default,0.5488684210526316,1167.2368421052631,224194.8947368421
807,Gen_65081,default,fallback:default,0.5488684210526316,1167.2368421052631,224194.8947368421
808,Gen_65101,default,fallback:default,0.5488684210526316,1167.2368421052631,224194.8947368421
809,Gen_65121,default,fallback:default,0.5488684210526316,1167.2368421052631,224194.8947368421
810,Gen_65141,default,fallback:default,0.5488684210526316,1167.2368421052631,224194.8947368421
811,Gen_65201,default,fallback:default,0.5488684210526316,1167.2368421052631,224194.8947368421
812,Gen_67501,default,fallback:default,0.5488684210526316,1167.2368421052631,224194.8947368421
813,Gen_67521,default,fallback:default,0.5488684210526316,1167.2368421052631,224194.8947368421
814,Gen_70002,default,fallback:default,0.5488684210526316,1167.2368421052631,224194.8947368421
815,Gen_70003,default,fallback:default,0.5488684210526316,1167.2368421052631,224194.8947368421
