gen,cap_mw,fuel,match,cp2,cp1,cp0
0,590.0,gas,fallback-gas,0.6377100000000001,1449.7079999999999,263971.38
1,666.8,gas,fallback-gas,0.6377100000000001,1449.7079999999999,263971.38
2,666.8,gas,fallback-gas,0.6377100000000001,1449.7079999999999,263971.38
3,485.0,gas,fallback-gas,0.6377100000000001,1449.7079999999999,263971.38
4,485.0,gas,fallback-gas,0.6377100000000001,1449.7079999999999,263971.38
5,752.0,gas,fallback-gas,0.6377100000000001,1449.7079999999999,263971.38
6,752.0,gas,fallback-gas,0.6377100000000001,1449.7079999999999,263971.38
7,752.0,gas,fallback-gas,0.6377100000000001,1449.7079999999999,263971.38
8,151.5,gas,capacity,0.6377100000000001,1449.7079999999999,263971.38
9,151.5,gas,capacity,0.6377100000000001,1449.7079999999999,263971.38
10,151.5,gas,capacity,0.6377100000000001,1449.7079999999999,263971.38
11,270.7,gas,fallback-gas,0.6377100000000001,1449.7079999999999,263971.38
12,151.5,gas,capacity,0.6377100000000001,1449.7079999999999,263971.38
13,151.5,gas,capacity,0.6377100000000001,1449.7079999999999,263971.38
14,151.5,gas,capacity,0.6377100000000001,1449.7079999999999,263971.38
15,270.7,gas,fallback-gas,0.6377100000000001,1449.7079999999999,263971.38
16,233.4,gas,capacity,0.6377100000000001,1449.7079999999999,263971.38
17,233.4,gas,capacity,0.6377100000000001,1449.7079999999999,263971.38
18,241.25,gas,capacity,0.6377100000000001,1449.7079999999999,263971.38
19,233.4,gas,capacity,0.6377100000000001,1449.7079999999999,263971.38
20,233.4,gas,capacity,0.6377100000000001,1449.7079999999999,263971.38
21,241.25,gas,capacity,0.6377100000000001,1449.7079999999999,263971.38
22,233.4,gas,capacity,0.6377100000000001,1449.7079999999999,263971.38
23,233.4,gas,capacity,0.6377100000000001,1449.7079999999999,263971.38
24,241.25,gas,capacity,0.6377100000000001,1449.7079999999999,263971.38
25,233.4,gas,capacity,0.6377100000000001,1449.7079999999999,263971.38
26,233.4,gas,capacity,0.6377100000000001,1449.7079999999999,263971.38
27,241.25,gas,capacity,0.6377100000000001,1449.7079999999999,263971.38
28,327.25,gas,fallback-gas,0.6377100000000001,1449.7079999999999,263971.38
29,327.25,gas,fallback-gas,0.6377100000000001,1449.7079999999999,263971.38
30,326.0,gas,fallback-gas,0.6377100000000001,1449.7079999999999,263971.38
31,366.4,gas,capacity,0.6377100000000001,1449.7079999999999,263971.38
32,366.4,gas,capacity,0.6377100000000001,1449.7079999999999,263971.38
33,390.8,gas,capacity,0.6377100000000001,1449.7079999999999,263971.38
34,366.4,gas,capacity,0.6377100000000001,1449.7079999999999,263971.38
35,366.4,gas,capacity,0.6377100000000001,1449.7079999999999,263971.38
36,390.8,gas,capacity,0.6377100000000001,1449.7079999999999,263971.38
37,61.2,gas,fallback-gas,0.6377100000000001,1449.7079999999999,263971.38
38,40.0,gas,fallback-gas,0.6377100000000001,1449.7079999999999,263971.38
39,29.75,gas,fallback-gas,0.6377100000000001,1449.7079999999999,263971.38
40,537.9,gas,fallback-gas,0.6377100000000001,1449.7079999999999,263971.38
41,537.9,gas,fallback-gas,0.6377100000000001,1449.7079999999999,263971.38
42,537.9,gas,fallback-gas,0.6377100000000001,1449.7079999999999,263971.38
43,537.9,gas,fallback-gas,0.6377100000000001,1449.7079999999999,263971.38
44,525.0,gas,fallback-gas,0.6377100000000001,1449.7079999999999,263971.38
45,525.0,gas,fallback-gas,0.6377100000000001,1449.7079999999999,263971.38
46,525.0,gas,fallback-gas,0.6377100000000001,1449.7079999999999,263971.38
47,525.0,gas,fallback-gas,0.6377100000000001,1449.7079999999999,263971.38
48,525.0,gas,fallback-gas,0.6377100000000001,1449.7079999999999,263971.38
49,525.0,gas,fallback-gas,0.6377100000000001,1449.7079999999999,263971.38
50,69.7,gas,fallback-gas,0.6377100000000001,1449.7079999999999,263971.38
51,69.7,gas,fallback-gas,0.6377100000000001,1449.7079999999999,263971.38
52,69.7,gas,fallback-gas,0.6377100000000001,1449.7079999999999,263971.38
53,69.7,gas,fallback-gas,0.6377100000000001,1449.7079999999999,263971.38
54,456.5,gas,fallback-gas,0.6377100000000001,1449.7079999999999,263971.38
55,456.5,gas,fallback-gas,0.6377100000000001,1449.7079999999999,263971.38
56,456.0,gas,fallback-gas,0.6377100000000001,1449.7079999999999,263971.38
57,456.5,gas,fallback-gas,0.6377100000000001,1449.7079999999999,263971.38
58,456.5,gas,fallback-gas,0.6377100000000001,1449.7079999999999,263971.38
59,456.0,gas,fallback-gas,0.6377100000000001,1449.7079999999999,263971.38
60,335.75,gas,fallback-gas,0.6377100000000001,1449.7079999999999,263971.38
61,335.75,gas,fallback-gas,0.6377100000000001,1449.7079999999999,263971.38
62,319.6,gas,capacity,0.6377100000000001,1449.7079999999999,263971.38
63,335.75,gas,fallback-gas,0.6377100000000001,1449.7079999999999,263971.38
64,335.75,gas,fallback-gas,0.6377100000000001,1449.7079999999999,263971.38
65,319.6,gas,capacity,0.6377100000000001,1449.7079999999999,263971.38
66,335.75,gas,fallback-gas,0.6377100000000001,1449.7079999999999,263971.38
67,335.75,gas,fallback-gas,0.6377100000000001,1449.7079999999999,263971.38
68,319.6,gas,capacity,0.6377100000000001,1449.7079999999999,263971.38
69,90.0,gas,capacity,0.6377100000000001,1449.7079999999999,263971.38
70,90.0,gas,capacity,0.6377100000000001,1449.7079999999999,263971.38
71,84.28,gas,capacity,0.6377100000000001,1449.7079999999999,263971.38
72,117.6,gas,capacity,0.6377100000000001,1449.7079999999999,263971.38
73,84.28,gas,capacity,0.6377100000000001,1449.7079999999999,263971.38
74,90.0,gas,capacity,0.6377100000000001,1449.7079999999999,263971.38
75,84.28,gas,capacity,0.6377100000000001,1449.7079999999999,263971.38
76,125.42,gas,capacity,0.6377100000000001,1449.7079999999999,263971.38
77,103.0,gas,capacity,0.6377100000000001,1449.7079999999999,263971.38
78,103.0,gas,capacity,0.6377100000000001,1449.7079999999999,263971.38
79,108.8,gas,capacity,0.6377100000000001,1449.7079999999999,263971.38
80,37.856,gas,fallback-gas,0.6377100000000001,1449.7079999999999,263971.38
81,37.856,gas,fallback-gas,0.6377100000000001,1449.7079999999999,263971.38
82,37.856,gas,fallback-gas,0.6377100000000001,1449.7079999999999,263971.38
83,37.856,gas,fallback-gas,0.6377100000000001,1449.7079999999999,263971.38
84,37.856,gas,fallback-gas,0.6377100000000001,1449.7079999999999,263971.38
85,37.856,gas,fallback-gas,0.6377100000000001,1449.7079999999999,263971.38
86,240.0,gas,capacity,0.6377100000000001,1449.7079999999999,263971.38
87,240.0,gas,capacity,0.6377100000000001,1449.7079999999999,263971.38
88,240.0,gas,capacity,0.6377100000000001,1449.7079999999999,263971.38
89,240.0,gas,capacity,0.6377100000000001,1449.7079999999999,263971.38
90,240.8,gas,capacity,0.6377100000000001,1449.7079999999999,263971.38
91,240.8,gas,capacity,0.6377100000000001,1449.7079999999999,263971.38
92,240.8,gas,capacity,0.6377100000000001,1449.7079999999999,263971.38
93,240.8,gas,capacity,0.6377100000000001,1449.7079999999999,263971.38
94,240.8,gas,capacity,0.6377100000000001,1449.7079999999999,263971.38
95,240.8,gas,capacity,0.6377100000000001,1449.7079999999999,263971.38
96,25.0,gas,fallback-gas,0.6377100000000001,1449.7079999999999,263971.38
97,25.0,gas,fallback-gas,0.6377100000000001,1449.7079999999999,263971.38
98,25.0,gas,fallback-gas,0.6377100000000001,1449.7079999999999,263971.38
99,25.0,gas,fallback-gas,0.6377100000000001,1449.7079999999999,263971.38
100,100.0,gas,capacity,0.6377100000000001,1449.7079999999999,263971.38
101,33.75,gas,fallback-gas,0.6377100000000001,1449.7079999999999,263971.38
102,33.75,gas,fallback-gas,0.6377100000000001,1449.7079999999999,263971.38
103,33.75,gas,fallback-gas,0.6377100000000001,1449.7079999999999,263971.38
104,33.75,gas,fallback-gas,0.6377100000000001,1449.7079999999999,263971.38
105,94.5,gas,capacity,0.6377100000000001,1449.7079999999999,263971.38
106,94.5,gas,capacity,0.6377100000000001,1449.7079999999999,263971.38
107,94.5,gas,capacity,0.6377100000000001,1449.7079999999999,263971.38
108,94.5,gas,capacity,0.6377100000000001,1449.7079999999999,263971.38
109,66.7,gas,fallback-gas,0.6377100000000001,1449.7079999999999,263971.38
110,66.7,gas,fallback-gas,0.6377100000000001,1449.7079999999999,263971.38
111,66.7,gas,fallback-gas,0.6377100000000001,1449.7079999999999,263971.38
112,21.75,gas,fallback-gas,0.6377100000000001,1449.7079999999999,263971.38
113,21.75,gas,fallback-gas,0.6377100000000001,1449.7079999999999,263971.38
114,21.0,gas,fallback-gas,0.6377100000000001,1449.7079999999999,263971.38
115,21.0,gas,fallback-gas,0.6377100000000001,1449.7079999999999,263971.38
116,21.0,gas,fallback-gas,0.6377100000000001,1449.7079999999999,263971.38
117,21.0,gas,fallback-gas,0.6377100000000001,1449.7079999999999,263971.38
118,21.0,gas,fallback-gas,0.6377100000000001,1449.7079999999999,263971.38
119,10.35,gas,fallback-gas,0.6377100000000001,1449.7079999999999,263971.38
120,10.35,gas,fallback-gas,0.6377100000000001,1449.7079999999999,263971.38
121,15.3,gas,fallback-gas,0.6377100000000001,1449.7079999999999,263971.38
122,20.84,gas,fallback-gas,0.6377100000000001,1449.7079999999999,263971.38
123,18.975,gas,fallback-gas,0.6377100000000001,1449.7079999999999,263971.38
124,2.785,gas,fallback-gas,0.6377100000000001,1449.7079999999999,263971.38
125,40.0,gas,fallback-gas,0.6377100000000001,1449.7079999999999,263971.38
126,40.0,gas,fallback-gas,0.6377100000000001,1449.7079999999999,263971.38
127,66.75,gas,fallback-gas,0.6377100000000001,1449.7079999999999,263971.38
128,66.75,gas,fallback-gas,0.6377100000000001,1449.7079999999999,263971.38
129,939.0,gas,fallback-gas,0.6377100000000001,1449.7079999999999,263971.38
130,939.0,gas,fallback-gas,0.6377100000000001,1449.7079999999999,263971.38
131,79.0,gas,fallback-gas,0.6377100000000001,1449.7079999999999,263971.38
132,79.0,gas,fallback-gas,0.6377100000000001,1449.7079999999999,263971.38
133,7.99,gas,fallback-gas,0.6377100000000001,1449.7079999999999,263971.38
134,7.99,gas,fallback-gas,0.6377100000000001,1449.7079999999999,263971.38
135,7.99,gas,fallback-gas,0.6377100000000001,1449.7079999999999,263971.38
136,7.99,gas,fallback-gas,0.6377100000000001,1449.7079999999999,263971.38
137,9.87,gas,fallback-gas,0.6377100000000001,1449.7079999999999,263971.38
138,9.87,gas,fallback-gas,0.6377100000000001,1449.7079999999999,263971.38
139,9.87,gas,fallback-gas,0.6377100000000001,1449.7079999999999,263971.38
140,9.87,gas,fallback-gas,0.6377100000000001,1449.7079999999999,263971.38
141,9.87,gas,fallback-gas,0.6377100000000001,1449.7079999999999,263971.38
142,9.87,gas,fallback-gas,0.6377100000000001,1449.7079999999999,263971.38
143,9.87,gas,fallback-gas,0.6377100000000001,1449.7079999999999,263971.38
144,9.87,gas,fallback-gas,0.6377100000000001,1449.7079999999999,263971.38
145,456.5,gas,fallback-gas,0.6377100000000001,1449.7079999999999,263971.38
146,456.5,gas,fallback-gas,0.6377100000000001,1449.7079999999999,263971.38
147,456.5,gas,fallback-gas,0.6377100000000001,1449.7079999999999,263971.38
148,456.5,gas,fallback-gas,0.6377100000000001,1449.7079999999999,263971.38
149,456.5,gas,fallback-gas,0.6377100000000001,1449.7079999999999,263971.38
150,456.5,gas,fallback-gas,0.6377100000000001,1449.7079999999999,263971.38
151,456.5,gas,fallback-gas,0.6377100000000001,1449.7079999999999,263971.38
152,456.5,gas,fallback-gas,0.6377100000000001,1449.7079999999999,263971.38
153,92.8,gas,capacity,0.6377100000000001,1449.7079999999999,263971.38
154,92.8,gas,capacity,0.6377100000000001,1449.7079999999999,263971.38
155,92.8,gas,capacity,0.6377100000000001,1449.7079999999999,263971.38
156,158.7,gas,capacity,0.6377100000000001,1449.7079999999999,263971.38
157,472.9,gas,fallback-gas,0.6377100000000001,1449.7079999999999,263971.38
158,472.9,gas,fallback-gas,0.6377100000000001,1449.7079999999999,263971.38
159,537.1,gas,fallback-gas,0.6377100000000001,1449.7079999999999,263971.38
160,537.1,gas,fallback-gas,0.6377100000000001,1449.7079999999999,263971.38
161,92.8,gas,capacity,0.6377100000000001,1449.7079999999999,263971.38
162,92.8,gas,capacity,0.6377100000000001,1449.7079999999999,263971.38
163,92.8,gas,capacity,0.6377100000000001,1449.7079999999999,263971.38
164,158.7,gas,capacity,0.6377100000000001,1449.7079999999999,263971.38
165,92.8,gas,capacity,0.6377100000000001,1449.7079999999999,263971.38
166,92.8,gas,capacity,0.6377100000000001,1449.7079999999999,263971.38
167,92.8,gas,capacity,0.6377100000000001,1449.7079999999999,263971.38
168,158.7,gas,capacity,0.6377100000000001,1449.7079999999999,263971.38
169,92.8,gas,capacity,0.6377100000000001,1449.7079999999999,263971.38
170,92.8,gas,capacity,0.6377100000000001,1449.7079999999999,263971.38
171,92.8,gas,capacity,0.6377100000000001,1449.7079999999999,263971.38
172,158.7,gas,capacity,0.6377100000000001,1449.7079999999999,263971.38
173,92.8,gas,capacity,0.6377100000000001,1449.7079999999999,263971.38
174,92.8,gas,capacity,0.6377100000000001,1449.7079999999999,263971.38
175,92.8,gas,capacity,0.6377100000000001,1449.7079999999999,263971.38
176,158.7,gas,capacity,0.6377100000000001,1449.7079999999999,263971.38
177,752.0,gas,fallback-gas,0.6377100000000001,1449.7079999999999,263971.38
178,752.0,gas,fallback-gas,0.6377100000000001,1449.7079999999999,263971.38
179,483.0,gas,fallback-gas,0.6377100000000001,1449.7079999999999,263971.38
180,536.0,gas,fallback-gas,0.6377100000000001,1449.7079999999999,263971.38
181,94.2,gas,capacity,0.6377100000000001,1449.7079999999999,263971.38
182,94.2,gas,capacity,0.6377100000000001,1449.7079999999999,263971.38
183,109.0,gas,capacity,0.6377100000000001,1449.7079999999999,263971.38
184,94.2,gas,capacity,0.6377100000000001,1449.7079999999999,263971.38
185,94.2,gas,capacity,0.6377100000000001,1449.7079999999999,263971.38
186,109.0,gas,capacity,0.6377100000000001,1449.7079999999999,263971.38
187,86.5,gas,capacity,0.6377100000000001,1449.7079999999999,263971.38
188,86.5,gas,capacity,0.6377100000000001,1449.7079999999999,263971.38
189,100.0,gas,capacity,0.6377100000000001,1449.7079999999999,263971.38
190,248.0,gas,capacity,0.6377100000000001,1449.7079999999999,263971.38
191,97.2,gas,capacity,0.6377100000000001,1449.7079999999999,263971.38
192,100.0,gas,capacity,0.6377100000000001,1449.7079999999999,263971.38
193,140.0,gas,fallback-gas,0.6377100000000001,1449.7079999999999,263971.38
194,140.0,gas,fallback-gas,0.6377100000000001,1449.7079999999999,263971.38
195,161.0,gas,capacity,0.6377100000000001,1449.7079999999999,263971.38
196,140.0,gas,fallback-gas,0.6377100000000001,1449.7079999999999,263971.38
197,140.0,gas,fallback-gas,0.6377100000000001,1449.7079999999999,263971.38
198,161.0,gas,capacity,0.6377100000000001,1449.7079999999999,263971.38
199,169.1,gas,capacity,0.6377100000000001,1449.7079999999999,263971.38
200,150.0,gas,capacity,0.6377100000000001,1449.7079999999999,263971.38
201,150.0,gas,capacity,0.6377100000000001,1449.7079999999999,263971.38
202,156.3,gas,capacity,0.6377100000000001,1449.7079999999999,263971.38
203,597.6,gas,fallback-gas,0.6377100000000001,1449.7079999999999,263971.38
204,597.6,gas,fallback-gas,0.6377100000000001,1449.7079999999999,263971.38
205,155.0,gas,capacity,0.6377100000000001,1449.7079999999999,263971.38
206,155.0,gas,capacity,0.6377100000000001,1449.7079999999999,263971.38
207,160.0,gas,capacity,0.6377100000000001,1449.7079999999999,263971.38
208,154.0,gas,capacity,0.6377100000000001,1449.7079999999999,263971.38
209,154.0,gas,capacity,0.6377100000000001,1449.7079999999999,263971.38
210,172.0,gas,capacity,0.6377100000000001,1449.7079999999999,263971.38
211,156.5,gas,capacity,0.6377100000000001,1449.7079999999999,263971.38
212,156.5,gas,capacity,0.6377100000000001,1449.7079999999999,263971.38
213,183.0,gas,fallback-gas,0.6377100000000001,1449.7079999999999,263971.38
214,552.0,coal,capacity,0.22,1035.43,86509.5
215,552.0,coal,capacity,0.22,1035.43,86509.5
216,552.0,coal,capacity,0.22,1035.43,86509.5
217,150.0,gas,capacity,0.6377100000000001,1449.7079999999999,263971.38
218,150.0,gas,capacity,0.6377100000000001,1449.7079999999999,263971.38
219,150.0,gas,capacity,0.6377100000000001,1449.7079999999999,263971.38
220,236.0,gas,capacity,0.6377100000000001,1449.7079999999999,263971.38
221,372.3,gas,capacity,0.6377100000000001,1449.7079999999999,263971.38
222,191.25,gas,fallback-gas,0.6377100000000001,1449.7079999999999,263971.38
223,156.2,gas,capacity,0.6377100000000001,1449.7079999999999,263971.38
224,156.2,gas,capacity,0.6377100000000001,1449.7079999999999,263971.38
225,182.6,gas,fallback-gas,0.6377100000000001,1449.7079999999999,263971.38
226,156.2,gas,capacity,0.6377100000000001,1449.7079999999999,263971.38
227,156.2,gas,capacity,0.6377100000000001,1449.7079999999999,263971.38
228,182.6,gas,fallback-gas,0.6377100000000001,1449.7079999999999,263971.38
229,369.4,gas,capacity,0.6377100000000001,1449.7079999999999,263971.38
230,369.4,gas,capacity,0.6377100000000001,1449.7079999999999,263971.38
231,364.0,gas,capacity,0.6377100000000001,1449.7079999999999,263971.38
232,150.0,gas,capacity,0.6377100000000001,1449.7079999999999,263971.38
233,25.253,gas,fallback-gas,0.6377100000000001,1449.7079999999999,263971.38
234,150.25,gas,capacity,0.6377100000000001,1449.7079999999999,263971.38
235,16.2,gas,fallback-gas,0.6377100000000001,1449.7079999999999,263971.38
236,100.0,gas,capacity,0.6377100000000001,1449.7079999999999,263971.38
237,100.0,gas,capacity,0.6377100000000001,1449.7079999999999,263971.38
238,100.0,gas,capacity,0.6377100000000001,1449.7079999999999,263971.38
239,56.7,gas,fallback-gas,0.6377100000000001,1449.7079999999999,263971.38
240,57.25,gas,fallback-gas,0.6377100000000001,1449.7079999999999,263971.38
241,80.0,gas,fallback-gas,0.6377100000000001,1449.7079999999999,263971.38
242,80.0,gas,fallback-gas,0.6377100000000001,1449.7079999999999,263971.38
243,14.0,gas,fallback-gas,0.6377100000000001,1449.7079999999999,263971.38
244,14.0,gas,fallback-gas,0.6377100000000001,1449.7079999999999,263971.38
245,25.73,gas,fallback-gas,0.6377100000000001,1449.7079999999999,263971.38
246,25.73,gas,fallback-gas,0.6377100000000001,1449.7079999999999,263971.38
247,80.0,gas,fallback-gas,0.6377100000000001,1449.7079999999999,263971.38
248,80.0,gas,fallback-gas,0.6377100000000001,1449.7079999999999,263971.38
249,57.0,gas,fallback-gas,0.6377100000000001,1449.7079999999999,263971.38
250,101.6,gas,capacity,0.6377100000000001,1449.7079999999999,263971.38
251,120.0,gas,capacity,0.6377100000000001,1449.7079999999999,263971.38
252,600.0,gas,fallback-gas,0.6377100000000001,1449.7079999999999,263971.38
253,600.0,gas,fallback-gas,0.6377100000000001,1449.7079999999999,263971.38
254,600.0,gas,fallback-gas,0.6377100000000001,1449.7079999999999,263971.38
255,52.25,gas,fallback-gas,0.6377100000000001,1449.7079999999999,263971.38
256,52.25,gas,fallback-gas,0.6377100000000001,1449.7079999999999,263971.38
257,85.0,gas,capacity,0.6377100000000001,1449.7079999999999,263971.38
258,85.0,gas,capacity,0.6377100000000001,1449.7079999999999,263971.38
259,85.0,gas,capacity,0.6377100000000001,1449.7079999999999,263971.38
260,96.4,gas,capacity,0.6377100000000001,1449.7079999999999,263971.38
261,33.64,gas,fallback-gas,0.6377100000000001,1449.7079999999999,263971.38
262,69.64,gas,fallback-gas,0.6377100000000001,1449.7079999999999,263971.38
263,33.64,gas,fallback-gas,0.6377100000000001,1449.7079999999999,263971.38
264,69.64,gas,fallback-gas,0.6377100000000001,1449.7079999999999,263971.38
265,148.27,gas,capacity,0.6377100000000001,1449.7079999999999,263971.38
266,148.27,gas,capacity,0.6377100000000001,1449.7079999999999,263971.38
267,100.0,gas,capacity,0.6377100000000001,1449.7079999999999,263971.38
268,100.0,gas,capacity,0.6377100000000001,1449.7079999999999,263971.38
269,100.0,gas,capacity,0.6377100000000001,1449.7079999999999,263971.38
270,100.0,gas,capacity,0.6377100000000001,1449.7079999999999,263971.38
271,37.5,gas,fallback-gas,0.6377100000000001,1449.7079999999999,263971.38
272,37.5,gas,fallback-gas,0.6377100000000001,1449.7079999999999,263971.38
273,27.2,gas,fallback-gas,0.6377100000000001,1449.7079999999999,263971.38
274,49.9,gas,fallback-gas,0.6377100000000001,1449.7079999999999,263971.38
275,100.0,gas,capacity,0.6377100000000001,1449.7079999999999,263971.38
276,100.0,gas,capacity,0.6377100000000001,1449.7079999999999,263971.38
277,100.0,gas,capacity,0.6377100000000001,1449.7079999999999,263971.38
278,100.0,gas,capacity,0.6377100000000001,1449.7079999999999,263971.38
279,100.0,gas,capacity,0.6377100000000001,1449.7079999999999,263971.38
280,100.0,gas,capacity,0.6377100000000001,1449.7079999999999,263971.38
281,100.0,gas,capacity,0.6377100000000001,1449.7079999999999,263971.38
282,100.0,gas,capacity,0.6377100000000001,1449.7079999999999,263971.38
283,100.0,gas,capacity,0.6377100000000001,1449.7079999999999,263971.38
284,100.0,gas,capacity,0.6377100000000001,1449.7079999999999,263971.38
285,100.0,gas,capacity,0.6377100000000001,1449.7079999999999,263971.38
286,100.0,gas,capacity,0.6377100000000001,1449.7079999999999,263971.38
287,100.0,gas,capacity,0.6377100000000001,1449.7079999999999,263971.38
288,100.0,gas,capacity,0.6377100000000001,1449.7079999999999,263971.38
289,100.0,gas,capacity,0.6377100000000001,1449.7079999999999,263971.38
290,100.0,gas,capacity,0.6377100000000001,1449.7079999999999,263971.38
291,100.0,gas,capacity,0.6377100000000001,1449.7079999999999,263971.38
292,100.0,gas,capacity,0.6377100000000001,1449.7079999999999,263971.38
293,100.0,gas,capacity,0.6377100000000001,1449.7079999999999,263971.38
294,100.0,gas,capacity,0.6377100000000001,1449.7079999999999,263971.38
295,100.0,gas,capacity,0.6377100000000001,1449.7079999999999,263971.38
296,100.0,gas,capacity,0.6377100000000001,1449.7079999999999,263971.38
297,2.0,gas,fallback-gas,0.6377100000000001,1449.7079999999999,263971.38
298,7.8,gas,fallback-gas,0.6377100000000001,1449.7079999999999,263971.38
299,2.68,gas,fallback-gas,0.6377100000000001,1449.7079999999999,263971.38
300,30.0,gas,fallback-gas,0.6377100000000001,1449.7079999999999,263971.38
301,75.9,gas,fallback-gas,0.6377100000000001,1449.7079999999999,263971.38
302,39.1,gas,fallback-gas,0.6377100000000001,1449.7079999999999,263971.38
303,9.2,gas,fallback-gas,0.6377100000000001,1449.7079999999999,263971.38
304,2.4,gas,fallback-gas,0.6377100000000001,1449.7079999999999,263971.38
305,48.3,gas,fallback-gas,0.6377100000000001,1449.7079999999999,263971.38
306,4.5,gas,fallback-gas,0.6377100000000001,1449.7079999999999,263971.38
307,6.9,gas,fallback-gas,0.6377100000000001,1449.7079999999999,263971.38
308,1.69,gas,fallback-gas,0.6377100000000001,1449.7079999999999,263971.38
309,22.068,gas,fallback-gas,0.6377100000000001,1449.7079999999999,263971.38
310,79.116,gas,fallback-gas,0.6377100000000001,1449.7079999999999,263971.38
311,1.135,gas,fallback-gas,0.6377100000000001,1449.7079999999999,263971.38
312,0.017,gas,fallback-gas,0.6377100000000001,1449.7079999999999,263971.38
313,12.493,gas,fallback-gas,0.6377100000000001,1449.7079999999999,263971.38
314,0.755,gas,fallback-gas,0.6377100000000001,1449.7079999999999,263971.38
315,15.532,gas,fallback-gas,0.6377100000000001,1449.7079999999999,263971.38
316,14.952,gas,fallback-gas,0.6377100000000001,1449.7079999999999,263971.38
317,2.292,gas,fallback-gas,0.6377100000000001,1449.7079999999999,263971.38
318,2.292,gas,fallback-gas,0.6377100000000001,1449.7079999999999,263971.38
319,3.286,gas,fallback-gas,0.6377100000000001,1449.7079999999999,263971.38
320,20.678,gas,fallback-gas,0.6377100000000001,1449.7079999999999,263971.38
321,16.094,gas,fallback-gas,0.6377100000000001,1449.7079999999999,263971.38
322,12.39,gas,fallback-gas,0.6377100000000001,1449.7079999999999,263971.38
323,12.39,gas,fallback-gas,0.6377100000000001,1449.7079999999999,263971.38
324,114.59,gas,capacity,0.6377100000000001,1449.7079999999999,263971.38
325,2.961,gas,fallback-gas,0.6377100000000001,1449.7079999999999,263971.38
326,2.961,gas,fallback-gas,0.6377100000000001,1449.7079999999999,263971.38
327,57.216,gas,fallback-gas,0.6377100000000001,1449.7079999999999,263971.38
328,40.452,gas,fallback-gas,0.6377100000000001,1449.7079999999999,263971.38
329,367.935,gas,capacity,0.6377100000000001,1449.7079999999999,263971.38
330,100.0,gas,capacity,0.6377100000000001,1449.7079999999999,263971.38
331,27.898,gas,fallback-gas,0.6377100000000001,1449.7079999999999,263971.38
332,163.353,gas,fallback-gas,0.6377100000000001,1449.7079999999999,263971.38
333,23.53,gas,fallback-gas,0.6377100000000001,1449.7079999999999,263971.38
334,23.53,gas,fallback-gas,0.6377100000000001,1449.7079999999999,263971.38
335,93.489,gas,capacity,0.6377100000000001,1449.7079999999999,263971.38
336,7.956,gas,fallback-gas,0.6377100000000001,1449.7079999999999,263971.38
337,7.956,gas,fallback-gas,0.6377100000000001,1449.7079999999999,263971.38
338,17.941,gas,fallback-gas,0.6377100000000001,1449.7079999999999,263971.38
339,17.941,gas,fallback-gas,0.6377100000000001,1449.7079999999999,263971.38
340,33.122,gas,fallback-gas,0.6377100000000001,1449.7079999999999,263971.38
341,50.394,gas,fallback-gas,0.6377100000000001,1449.7079999999999,263971.38
342,207.726,gas,fallback-gas,0.6377100000000001,1449.7079999999999,263971.38
343,202.384,gas,fallback-gas,0.6377100000000001,1449.7079999999999,263971.38
344,14.219,gas,fallback-gas,0.6377100000000001,1449.7079999999999,263971.38
345,69.47,gas,fallback-gas,0.6377100000000001,1449.7079999999999,263971.38
346,1.65,gas,fallback-gas,0.6377100000000001,1449.7079999999999,263971.38
347,10.11,gas,fallback-gas,0.6377100000000001,1449.7079999999999,263971.38
348,32.688,gas,fallback-gas,0.6377100000000001,1449.7079999999999,263971.38
349,18.883,gas,fallback-gas,0.6377100000000001,1449.7079999999999,263971.38
350,5.779,gas,fallback-gas,0.6377100000000001,1449.7079999999999,263971.38
351,20.4,gas,fallback-gas,0.6377100000000001,1449.7079999999999,263971.38
352,0.569,gas,fallback-gas,0.6377100000000001,1449.7079999999999,263971.38
353,11.352,gas,fallback-gas,0.6377100000000001,1449.7079999999999,263971.38
354,18.478,gas,fallback-gas,0.6377100000000001,1449.7079999999999,263971.38
355,14.007,gas,fallback-gas,0.6377100000000001,1449.7079999999999,263971.38
356,9.646,gas,fallback-gas,0.6377100000000001,1449.7079999999999,263971.38
357,61.919,gas,fallback-gas,0.6377100000000001,1449.7079999999999,263971.38
358,41.361,gas,fallback-gas,0.6377100000000001,1449.7079999999999,263971.38
359,41.361,gas,fallback-gas,0.6377100000000001,1449.7079999999999,263971.38
360,36.601,gas,fallback-gas,0.6377100000000001,1449.7079999999999,263971.38
361,36.601,gas,fallback-gas,0.6377100000000001,1449.7079999999999,263971.38
362,60.69,gas,fallback-gas,0.6377100000000001,1449.7079999999999,263971.38
363,60.69,gas,fallback-gas,0.6377100000000001,1449.7079999999999,263971.38
364,18.982,gas,fallback-gas,0.6377100000000001,1449.7079999999999,263971.38
365,18.982,gas,fallback-gas,0.6377100000000001,1449.7079999999999,263971.38
366,113.2,gas,capacity,0.6377100000000001,1449.7079999999999,263971.38
367,61.993,gas,fallback-gas,0.6377100000000001,1449.7079999999999,263971.38
368,1.154,gas,fallback-gas,0.6377100000000001,1449.7079999999999,263971.38
369,48.051,gas,fallback-gas,0.6377100000000001,1449.7079999999999,263971.38
370,47.834,gas,fallback-gas,0.6377100000000001,1449.7079999999999,263971.38
371,16.088,gas,fallback-gas,0.6377100000000001,1449.7079999999999,263971.38
372,87.243,gas,capacity,0.6377100000000001,1449.7079999999999,263971.38
373,25.994,gas,fallback-gas,0.6377100000000001,1449.7079999999999,263971.38
374,79.352,gas,fallback-gas,0.6377100000000001,1449.7079999999999,263971.38
375,145.519,gas,capacity,0.6377100000000001,1449.7079999999999,263971.38
376,651.194,gas,fallback-gas,0.6377100000000001,1449.7079999999999,263971.38
377,314.746,gas,capacity,0.6377100000000001,1449.7079999999999,263971.38
378,1251.946,gas,fallback-gas,0.6377100000000001,1449.7079999999999,263971.38
379,63.219,gas,fallback-gas,0.6377100000000001,1449.7079999999999,263971.38
380,906.472,gas,fallback-gas,0.6377100000000001,1449.7079999999999,263971.38
381,149.068,gas,capacity,0.6377100000000001,1449.7079999999999,263971.38
382,48.879,gas,fallback-gas,0.6377100000000001,1449.7079999999999,263971.38
383,82.928,gas,capacity,0.6377100000000001,1449.7079999999999,263971.38
384,238.039,gas,capacity,0.6377100000000001,1449.7079999999999,263971.38
385,28.749,gas,fallback-gas,0.6377100000000001,1449.7079999999999,263971.38
386,25.907,gas,fallback-gas,0.6377100000000001,1449.7079999999999,263971.38
387,79.664,gas,fallback-gas,0.6377100000000001,1449.7079999999999,263971.38
388,81.562,gas,capacity,0.6377100000000001,1449.7079999999999,263971.38
389,254.995,gas,capacity,0.6377100000000001,1449.7079999999999,263971.38
390,17.947,gas,fallback-gas,0.6377100000000001,1449.7079999999999,263971.38
391,95.377,gas,capacity,0.6377100000000001,1449.7079999999999,263971.38
392,41.383,gas,fallback-gas,0.6377100000000001,1449.7079999999999,263971.38
393,2.91,gas,fallback-gas,0.6377100000000001,1449.7079999999999,263971.38
394,81.798,gas,capacity,0.6377100000000001,1449.7079999999999,263971.38
395,12.907,gas,fallback-gas,0.6377100000000001,1449.7079999999999,263971.38
396,7.163,gas,fallback-gas,0.6377100000000001,1449.7079999999999,263971.38
397,12.959,gas,fallback-gas,0.6377100000000001,1449.7079999999999,263971.38
398,24.19,gas,fallback-gas,0.6377100000000001,1449.7079999999999,263971.38
399,1.237,gas,fallback-gas,0.6377100000000001,1449.7079999999999,263971.38
400,4.754,gas,fallback-gas,0.6377100000000001,1449.7079999999999,263971.38
401,1.908,gas,fallback-gas,0.6377100000000001,1449.7079999999999,263971.38
402,1.918,gas,fallback-gas,0.6377100000000001,1449.7079999999999,263971.38
403,2.533,gas,fallback-gas,0.6377100000000001,1449.7079999999999,263971.38
404,0.216,gas,fallback-gas,0.6377100000000001,1449.7079999999999,263971.38
405,0.456,gas,fallback-gas,0.6377100000000001,1449.7079999999999,263971.38
406,2.358,gas,fallback-gas,0.6377100000000001,1449.7079999999999,263971.38
407,4.317,gas,fallback-gas,0.6377100000000001,1449.7079999999999,263971.38
408,1.47,gas,fallback-gas,0.6377100000000001,1449.7079999999999,263971.38
409,2.878,gas,fallback-gas,0.6377100000000001,1449.7079999999999,263971.38
410,1.439,gas,fallback-gas,0.6377100000000001,1449.7079999999999,263971.38
411,1.724,gas,fallback-gas,0.6377100000000001,1449.7079999999999,263971.38
412,2.577,gas,fallback-gas,0.6377100000000001,1449.7079999999999,263971.38
413,5.625,gas,fallback-gas,0.6377100000000001,1449.7079999999999,263971.38
414,1.515,gas,fallback-gas,0.6377100000000001,1449.7079999999999,263971.38
415,1.766,gas,fallback-gas,0.6377100000000001,1449.7079999999999,263971.38
416,1.398,gas,fallback-gas,0.6377100000000001,1449.7079999999999,263971.38
417,0.014,gas,fallback-gas,0.6377100000000001,1449.7079999999999,263971.38
418,0.62,gas,fallback-gas,0.6377100000000001,1449.7079999999999,263971.38
419,2.013,gas,fallback-gas,0.6377100000000001,1449.7079999999999,263971.38
420,1.248,gas,fallback-gas,0.6377100000000001,1449.7079999999999,263971.38
421,1.258,gas,fallback-gas,0.6377100000000001,1449.7079999999999,263971.38
422,0.611,gas,fallback-gas,0.6377100000000001,1449.7079999999999,263971.38
423,0.994,gas,fallback-gas,0.6377100000000001,1449.7079999999999,263971.38
424,2.451,gas,fallback-gas,0.6377100000000001,1449.7079999999999,263971.38
425,2.888,gas,fallback-gas,0.6377100000000001,1449.7079999999999,263971.38
426,2.191,gas,fallback-gas,0.6377100000000001,1449.7079999999999,263971.38
427,2.343,gas,fallback-gas,0.6377100000000001,1449.7079999999999,263971.38
428,1.463,gas,fallback-gas,0.6377100000000001,1449.7079999999999,263971.38
429,0.923,gas,fallback-gas,0.6377100000000001,1449.7079999999999,263971.38
430,1.145,gas,fallback-gas,0.6377100000000001,1449.7079999999999,263971.38
431,1.416,gas,fallback-gas,0.6377100000000001,1449.7079999999999,263971.38
432,0.334,gas,fallback-gas,0.6377100000000001,1449.7079999999999,263971.38
433,2.682,gas,fallback-gas,0.6377100000000001,1449.7079999999999,263971.38
434,0.753,gas,fallback-gas,0.6377100000000001,1449.7079999999999,263971.38
435,1.441,gas,fallback-gas,0.6377100000000001,1449.7079999999999,263971.38
436,2.003,gas,fallback-gas,0.6377100000000001,1449.7079999999999,263971.38
437,2.451,gas,fallback-gas,0.6377100000000001,1449.7079999999999,263971.38
438,2.952,gas,fallback-gas,0.6377100000000001,1449.7079999999999,263971.38
439,1.666,gas,fallback-gas,0.6377100000000001,1449.7079999999999,263971.38
440,5.927,gas,fallback-gas,0.6377100000000001,1449.7079999999999,263971.38
441,5.927,gas,fallback-gas,0.6377100000000001,1449.7079999999999,263971.38
442,4.535,gas,fallback-gas,0.6377100000000001,1449.7079999999999,263971.38
443,0.62,gas,fallback-gas,0.6377100000000001,1449.7079999999999,263971.38
444,3.064,gas,fallback-gas,0.6377100000000001,1449.7079999999999,263971.38
445,2.823,gas,fallback-gas,0.6377100000000001,1449.7079999999999,263971.38
446,1.502,gas,fallback-gas,0.6377100000000001,1449.7079999999999,263971.38
447,3.395,gas,fallback-gas,0.6377100000000001,1449.7079999999999,263971.38
448,3.46,gas,fallback-gas,0.6377100000000001,1449.7079999999999,263971.38
449,5.106,gas,fallback-gas,0.6377100000000001,1449.7079999999999,263971.38
450,10.194,gas,fallback-gas,0.6377100000000001,1449.7079999999999,263971.38
451,5.51,gas,fallback-gas,0.6377100000000001,1449.7079999999999,263971.38
452,19.081,gas,fallback-gas,0.6377100000000001,1449.7079999999999,263971.38
453,2.028,gas,fallback-gas,0.6377100000000001,1449.7079999999999,263971.38
454,1.852,gas,fallback-gas,0.6377100000000001,1449.7079999999999,263971.38
455,2.133,gas,fallback-gas,0.6377100000000001,1449.7079999999999,263971.38
456,1.796,gas,fallback-gas,0.6377100000000001,1449.7079999999999,263971.38
457,3.625,gas,fallback-gas,0.6377100000000001,1449.7079999999999,263971.38
458,20.606,gas,fallback-gas,0.6377100000000001,1449.7079999999999,263971.38
459,2.234,gas,fallback-gas,0.6377100000000001,1449.7079999999999,263971.38
460,22.143,gas,fallback-gas,0.6377100000000001,1449.7079999999999,263971.38
461,5.235,gas,fallback-gas,0.6377100000000001,1449.7079999999999,263971.38
462,4.739,gas,fallback-gas,0.6377100000000001,1449.7079999999999,263971.38
463,12.922,gas,fallback-gas,0.6377100000000001,1449.7079999999999,263971.38
464,13.384,gas,fallback-gas,0.6377100000000001,1449.7079999999999,263971.38
465,6.825,gas,fallback-gas,0.6377100000000001,1449.7079999999999,263971.38
466,25.698,gas,fallback-gas,0.6377100000000001,1449.7079999999999,263971.38
467,11.554,gas,fallback-gas,0.6377100000000001,1449.7079999999999,263971.38
468,2.518,gas,fallback-gas,0.6377100000000001,1449.7079999999999,263971.38
469,11.566,gas,fallback-gas,0.6377100000000001,1449.7079999999999,263971.38
470,45.285,gas,fallback-gas,0.6377100000000001,1449.7079999999999,263971.38
471,28.331,gas,fallback-gas,0.6377100000000001,1449.7079999999999,263971.38
472,30.014,gas,fallback-gas,0.6377100000000001,1449.7079999999999,263971.38
473,28.705,gas,fallback-gas,0.6377100000000001,1449.7079999999999,263971.38
474,35.4,gas,fallback-gas,0.6377100000000001,1449.7079999999999,263971.38
475,37.778,gas,fallback-gas,0.6377100000000001,1449.7079999999999,263971.38
476,27.371,gas,fallback-gas,0.6377100000000001,1449.7079999999999,263971.38
477,18.149,gas,fallback-gas,0.6377100000000001,1449.7079999999999,263971.38
478,10.968,gas,fallback-gas,0.6377100000000001,1449.7079999999999,263971.38
479,13.819,gas,fallback-gas,0.6377100000000001,1449.7079999999999,263971.38
480,14.936,gas,fallback-gas,0.6377100000000001,1449.7079999999999,263971.38
481,27.872,gas,fallback-gas,0.6377100000000001,1449.7079999999999,263971.38
482,21.374,gas,fallback-gas,0.6377100000000001,1449.7079999999999,263971.38
483,9.967,gas,fallback-gas,0.6377100000000001,1449.7079999999999,263971.38
484,1.633,gas,fallback-gas,0.6377100000000001,1449.7079999999999,263971.38
485,39.09,gas,fallback-gas,0.6377100000000001,1449.7079999999999,263971.38
486,8.816,gas,fallback-gas,0.6377100000000001,1449.7079999999999,263971.38
487,7.886,gas,fallback-gas,0.6377100000000001,1449.7079999999999,263971.38
488,8.342,gas,fallback-gas,0.6377100000000001,1449.7079999999999,263971.38
489,7.462,gas,fallback-gas,0.6377100000000001,1449.7079999999999,263971.38
490,5.464,gas,fallback-gas,0.6377100000000001,1449.7079999999999,263971.38
491,2.638,gas,fallback-gas,0.6377100000000001,1449.7079999999999,263971.38
492,1.491,gas,fallback-gas,0.6377100000000001,1449.7079999999999,263971.38
493,3.43,gas,fallback-gas,0.6377100000000001,1449.7079999999999,263971.38
494,6.869,gas,fallback-gas,0.6377100000000001,1449.7079999999999,263971.38
495,2.721,gas,fallback-gas,0.6377100000000001,1449.7079999999999,263971.38
496,1.637,gas,fallback-gas,0.6377100000000001,1449.7079999999999,263971.38
497,4.657,gas,fallback-gas,0.6377100000000001,1449.7079999999999,263971.38
498,7.019,gas,fallback-gas,0.6377100000000001,1449.7079999999999,263971.38
499,2.809,gas,fallback-gas,0.6377100000000001,1449.7079999999999,263971.38
500,4.184,gas,fallback-gas,0.6377100000000001,1449.7079999999999,263971.38
501,7.249,gas,fallback-gas,0.6377100000000001,1449.7079999999999,263971.38
502,10.717,gas,fallback-gas,0.6377100000000001,1449.7079999999999,263971.38
503,13.736,gas,fallback-gas,0.6377100000000001,1449.7079999999999,263971.38
504,3.92,gas,fallback-gas,0.6377100000000001,1449.7079999999999,263971.38
505,8.66,gas,fallback-gas,0.6377100000000001,1449.7079999999999,263971.38
506,1.451,gas,fallback-gas,0.6377100000000001,1449.7079999999999,263971.38
507,3.116,gas,fallback-gas,0.6377100000000001,1449.7079999999999,263971.38
508,4.72,gas,fallback-gas,0.6377100000000001,1449.7079999999999,263971.38
509,10.253,gas,fallback-gas,0.6377100000000001,1449.7079999999999,263971.38
510,11.344,gas,fallback-gas,0.6377100000000001,1449.7079999999999,263971.38
511,11.136,gas,fallback-gas,0.6377100000000001,1449.7079999999999,263971.38
512,17.554,gas,fallback-gas,0.6377100000000001,1449.7079999999999,263971.38
513,11.962,gas,fallback-gas,0.6377100000000001,1449.7079999999999,263971.38
514,3.978,gas,fallback-gas,0.6377100000000001,1449.7079999999999,263971.38
515,16.762,gas,fallback-gas,0.6377100000000001,1449.7079999999999,263971.38
516,7.405,gas,fallback-gas,0.6377100000000001,1449.7079999999999,263971.38
517,14.259,gas,fallback-gas,0.6377100000000001,1449.7079999999999,263971.38
518,7.01,gas,fallback-gas,0.6377100000000001,1449.7079999999999,263971.38
519,9.772,gas,fallback-gas,0.6377100000000001,1449.7079999999999,263971.38
520,7.77,gas,fallback-gas,0.6377100000000001,1449.7079999999999,263971.38
521,4.831,gas,fallback-gas,0.6377100000000001,1449.7079999999999,263971.38
522,11.59,gas,fallback-gas,0.6377100000000001,1449.7079999999999,263971.38
523,21.004,gas,fallback-gas,0.6377100000000001,1449.7079999999999,263971.38
524,3.408,gas,fallback-gas,0.6377100000000001,1449.7079999999999,263971.38
525,0.504,gas,fallback-gas,0.6377100000000001,1449.7079999999999,263971.38
526,7.448,gas,fallback-gas,0.6377100000000001,1449.7079999999999,263971.38
527,9.662,gas,fallback-gas,0.6377100000000001,1449.7079999999999,263971.38
528,19.673,gas,fallback-gas,0.6377100000000001,1449.7079999999999,263971.38
529,4.264,gas,fallback-gas,0.6377100000000001,1449.7079999999999,263971.38
530,10.301,gas,fallback-gas,0.6377100000000001,1449.7079999999999,263971.38
531,7.96,gas,fallback-gas,0.6377100000000001,1449.7079999999999,263971.38
532,26.731,gas,fallback-gas,0.6377100000000001,1449.7079999999999,263971.38
533,13.134,gas,fallback-gas,0.6377100000000001,1449.7079999999999,263971.38
534,9.009,gas,fallback-gas,0.6377100000000001,1449.7079999999999,263971.38
535,4.277,gas,fallback-gas,0.6377100000000001,1449.7079999999999,263971.38
536,4.899,gas,fallback-gas,0.6377100000000001,1449.7079999999999,263971.38
537,5.678,gas,fallback-gas,0.6377100000000001,1449.7079999999999,263971.38
538,6.839,gas,fallback-gas,0.6377100000000001,1449.7079999999999,263971.38
539,11.953,gas,fallback-gas,0.6377100000000001,1449.7079999999999,263971.38
540,1.901,gas,fallback-gas,0.6377100000000001,1449.7079999999999,263971.38
541,24.603,gas,fallback-gas,0.6377100000000001,1449.7079999999999,263971.38
542,57.716,gas,fallback-gas,0.6377100000000001,1449.7079999999999,263971.38
543,25.155,gas,fallback-gas,0.6377100000000001,1449.7079999999999,263971.38
544,7.25,gas,fallback-gas,0.6377100000000001,1449.7079999999999,263971.38
545,15.297,gas,fallback-gas,0.6377100000000001,1449.7079999999999,263971.38
546,14.649,gas,fallback-gas,0.6377100000000001,1449.7079999999999,263971.38
547,28.597,gas,fallback-gas,0.6377100000000001,1449.7079999999999,263971.38
548,70.062,gas,fallback-gas,0.6377100000000001,1449.7079999999999,263971.38
549,75.608,gas,fallback-gas,0.6377100000000001,1449.7079999999999,263971.38
550,116.45,gas,capacity,0.6377100000000001,1449.7079999999999,263971.38
551,90.378,gas,capacity,0.6377100000000001,1449.7079999999999,263971.38
552,38.211,gas,fallback-gas,0.6377100000000001,1449.7079999999999,263971.38
553,90.723,gas,capacity,0.6377100000000001,1449.7079999999999,263971.38
554,11.967,gas,fallback-gas,0.6377100000000001,1449.7079999999999,263971.38
555,23.651,gas,fallback-gas,0.6377100000000001,1449.7079999999999,263971.38
556,35.247,gas,fallback-gas,0.6377100000000001,1449.7079999999999,263971.38
557,9.479,gas,fallback-gas,0.6377100000000001,1449.7079999999999,263971.38
558,21.027,gas,fallback-gas,0.6377100000000001,1449.7079999999999,263971.38
559,7.494,gas,fallback-gas,0.6377100000000001,1449.7079999999999,263971.38
560,17.4,gas,fallback-gas,0.6377100000000001,1449.7079999999999,263971.38
561,27.551,gas,fallback-gas,0.6377100000000001,1449.7079999999999,263971.38
562,34.752,gas,fallback-gas,0.6377100000000001,1449.7079999999999,263971.38
563,30.773,gas,fallback-gas,0.6377100000000001,1449.7079999999999,263971.38
564,57.297,gas,fallback-gas,0.6377100000000001,1449.7079999999999,263971.38
565,118.032,gas,fallback-gas,0.6377100000000001,1449.7079999999999,263971.38
566,77.906,gas,fallback-gas,0.6377100000000001,1449.7079999999999,263971.38
567,41.719,gas,fallback-gas,0.6377100000000001,1449.7079999999999,263971.38
568,52.283,gas,fallback-gas,0.6377100000000001,1449.7079999999999,263971.38
569,25.338,gas,fallback-gas,0.6377100000000001,1449.7079999999999,263971.38
570,54.312,gas,fallback-gas,0.6377100000000001,1449.7079999999999,263971.38
571,28.789,gas,fallback-gas,0.6377100000000001,1449.7079999999999,263971.38
572,37.027,gas,fallback-gas,0.6377100000000001,1449.7079999999999,263971.38
573,8.757,gas,fallback-gas,0.6377100000000001,1449.7079999999999,263971.38
574,34.457,gas,fallback-gas,0.6377100000000001,1449.7079999999999,263971.38
575,28.958,gas,fallback-gas,0.6377100000000001,1449.7079999999999,263971.38
576,84.677,gas,capacity,0.6377100000000001,1449.7079999999999,263971.38
577,13.087,gas,fallback-gas,0.6377100000000001,1449.7079999999999,263971.38
578,28.877,gas,fallback-gas,0.6377100000000001,1449.7079999999999,263971.38
579,64.669,gas,fallback-gas,0.6377100000000001,1449.7079999999999,263971.38
580,32.313,gas,fallback-gas,0.6377100000000001,1449.7079999999999,263971.38
581,14.872,gas,fallback-gas,0.6377100000000001,1449.7079999999999,263971.38
582,14.253,gas,fallback-gas,0.6377100000000001,1449.7079999999999,263971.38
583,29.993,gas,fallback-gas,0.6377100000000001,1449.7079999999999,263971.38
584,6.091,gas,fallback-gas,0.6377100000000001,1449.7079999999999,263971.38
585,26.101,gas,fallback-gas,0.6377100000000001,1449.7079999999999,263971.38
586,29.991,gas,fallback-gas,0.6377100000000001,1449.7079999999999,263971.38
587,60.687,gas,fallback-gas,0.6377100000000001,1449.7079999999999,263971.38
588,12.771,gas,fallback-gas,0.6377100000000001,1449.7079999999999,263971.38
589,66.664,gas,fallback-gas,0.6377100000000001,1449.7079999999999,263971.38
590,46.18,gas,fallback-gas,0.6377100000000001,1449.7079999999999,263971.38
591,10.922,gas,fallback-gas,0.6377100000000001,1449.7079999999999,263971.38
592,10.922,gas,fallback-gas,0.6377100000000001,1449.7079999999999,263971.38
593,35.859,gas,fallback-gas,0.6377100000000001,1449.7079999999999,263971.38
594,23.571,gas,fallback-gas,0.6377100000000001,1449.7079999999999,263971.38
595,14.064,gas,fallback-gas,0.6377100000000001,1449.7079999999999,263971.38
596,39.696,gas,fallback-gas,0.6377100000000001,1449.7079999999999,263971.38
597,44.998,gas,fallback-gas,0.6377100000000001,1449.7079999999999,263971.38
598,22.135,gas,fallback-gas,0.6377100000000001,1449.7079999999999,263971.38
599,40.059,gas,fallback-gas,0.6377100000000001,1449.7079999999999,263971.38
600,79.123,gas,fallback-gas,0.6377100000000001,1449.7079999999999,263971.38
601,18.235,gas,fallback-gas,0.6377100000000001,1449.7079999999999,263971.38
602,57.304,gas,fallback-gas,0.6377100000000001,1449.7079999999999,263971.38
603,32.164,gas,fallback-gas,0.6377100000000001,1449.7079999999999,263971.38
604,0.918,gas,fallback-gas,0.6377100000000001,1449.7079999999999,263971.38
605,1.682,gas,fallback-gas,0.6377100000000001,1449.7079999999999,263971.38
606,41.725,gas,fallback-gas,0.6377100000000001,1449.7079999999999,263971.38
607,10.235,gas,fallback-gas,0.6377100000000001,1449.7079999999999,263971.38
608,26.126,gas,fallback-gas,0.6377100000000001,1449.7079999999999,263971.38
609,12.641,gas,fallback-gas,0.6377100000000001,1449.7079999999999,263971.38
610,29.2,gas,fallback-gas,0.6377100000000001,1449.7079999999999,263971.38
611,28.412,gas,fallback-gas,0.6377100000000001,1449.7079999999999,263971.38
612,10.007,gas,fallback-gas,0.6377100000000001,1449.7079999999999,263971.38
613,3.815,gas,fallback-gas,0.6377100000000001,1449.7079999999999,263971.38
614,3.605,gas,fallback-gas,0.6377100000000001,1449.7079999999999,263971.38
615,7.969,gas,fallback-gas,0.6377100000000001,1449.7079999999999,263971.38
616,21.764,gas,fallback-gas,0.6377100000000001,1449.7079999999999,263971.38
617,4.393,gas,fallback-gas,0.6377100000000001,1449.7079999999999,263971.38
618,8.749,gas,fallback-gas,0.6377100000000001,1449.7079999999999,263971.38
619,6.334,gas,fallback-gas,0.6377100000000001,1449.7079999999999,263971.38
620,6.898,gas,fallback-gas,0.6377100000000001,1449.7079999999999,263971.38
621,1.18,gas,fallback-gas,0.6377100000000001,1449.7079999999999,263971.38
622,8.967,gas,fallback-gas,0.6377100000000001,1449.7079999999999,263971.38
623,7.961,gas,fallback-gas,0.6377100000000001,1449.7079999999999,263971.38
624,7.741,gas,fallback-gas,0.6377100000000001,1449.7079999999999,263971.38
625,20.347,gas,fallback-gas,0.6377100000000001,1449.7079999999999,263971.38
626,1.152,gas,fallback-gas,0.6377100000000001,1449.7079999999999,263971.38
627,31.854,gas,fallback-gas,0.6377100000000001,1449.7079999999999,263971.38
628,6.06,gas,fallback-gas,0.6377100000000001,1449.7079999999999,263971.38
629,19.844,gas,fallback-gas,0.6377100000000001,1449.7079999999999,263971.38
630,22.784,gas,fallback-gas,0.6377100000000001,1449.7079999999999,263971.38
631,61.257,gas,fallback-gas,0.6377100000000001,1449.7079999999999,263971.38
632,54.565,gas,fallback-gas,0.6377100000000001,1449.7079999999999,263971.38
633,35.785,gas,fallback-gas,0.6377100000000001,1449.7079999999999,263971.38
634,70.139,gas,fallback-gas,0.6377100000000001,1449.7079999999999,263971.38
635,10.861,gas,fallback-gas,0.6377100000000001,1449.7079999999999,263971.38
636,2.61,gas,fallback-gas,0.6377100000000001,1449.7079999999999,263971.38
637,0.931,gas,fallback-gas,0.6377100000000001,1449.7079999999999,263971.38
638,9.288,gas,fallback-gas,0.6377100000000001,1449.7079999999999,263971.38
639,6.714,gas,fallback-gas,0.6377100000000001,1449.7079999999999,263971.38
640,10.275,gas,fallback-gas,0.6377100000000001,1449.7079999999999,263971.38
641,5.278,gas,fallback-gas,0.6377100000000001,1449.7079999999999,263971.38
642,6.289,gas,fallback-gas,0.6377100000000001,1449.7079999999999,263971.38
643,8.557,gas,fallback-gas,0.6377100000000001,1449.7079999999999,263971.38
644,5.588,gas,fallback-gas,0.6377100000000001,1449.7079999999999,263971.38
645,36.0,gas,fallback-gas,0.6377100000000001,1449.7079999999999,263971.38
646,30.0,gas,fallback-gas,0.6377100000000001,1449.7079999999999,263971.38
647,36.0,gas,fallback-gas,0.6377100000000001,1449.7079999999999,263971.38
648,18.0,gas,fallback-gas,0.6377100000000001,1449.7079999999999,263971.38
649,8.0,gas,fallback-gas,0.6377100000000001,1449.7079999999999,263971.38
650,96.0,gas,capacity,0.6377100000000001,1449.7079999999999,263971.38
651,96.0,gas,capacity,0.6377100000000001,1449.7079999999999,263971.38
652,88.0,gas,capacity,0.6377100000000001,1449.7079999999999,263971.38
653,96.0,gas,capacity,0.6377100000000001,1449.7079999999999,263971.38
654,26.0,gas,fallback-gas,0.6377100000000001,1449.7079999999999,263971.38
655,31.2,gas,fallback-gas,0.6377100000000001,1449.7079999999999,263971.38
656,26.0,gas,fallback-gas,0.6377100000000001,1449.7079999999999,263971.38
657,26.0,gas,fallback-gas,0.6377100000000001,1449.7079999999999,263971.38
658,56.483,gas,fallback-gas,0.6377100000000001,1449.7079999999999,263971.38
659,64.552,gas,fallback-gas,0.6377100000000001,1449.7079999999999,263971.38
660,48.414,gas,fallback-gas,0.6377100000000001,1449.7079999999999,263971.38
661,64.552,gas,fallback-gas,0.6377100000000001,1449.7079999999999,263971.38
662,64.552,gas,fallback-gas,0.6377100000000001,1449.7079999999999,263971.38
663,64.552,gas,fallback-gas,0.6377100000000001,1449.7079999999999,263971.38
664,64.552,gas,fallback-gas,0.6377100000000001,1449.7079999999999,263971.38
665,64.552,gas,fallback-gas,0.6377100000000001,1449.7079999999999,263971.38
666,56.483,gas,fallback-gas,0.6377100000000001,1449.7079999999999,263971.38
667,56.483,gas,fallback-gas,0.6377100000000001,1449.7079999999999,263971.38
668,8.188,gas,fallback-gas,0.6377100000000001,1449.7079999999999,263971.38
669,49.128,gas,fallback-gas,0.6377100000000001,1449.7079999999999,263971.38
670,65.504,gas,fallback-gas,0.6377100000000001,1449.7079999999999,263971.38
671,65.504,gas,fallback-gas,0.6377100000000001,1449.7079999999999,263971.38
672,65.504,gas,fallback-gas,0.6377100000000001,1449.7079999999999,263971.38
673,40.94,gas,fallback-gas,0.6377100000000001,1449.7079999999999,263971.38
674,96.0,gas,capacity,0.6377100000000001,1449.7079999999999,263971.38
675,96.0,gas,capacity,0.6377100000000001,1449.7079999999999,263971.38
676,96.0,gas,capacity,0.6377100000000001,1449.7079999999999,263971.38
677,86.4,gas,capacity,0.6377100000000001,1449.7079999999999,263971.38
678,86.4,gas,capacity,0.6377100000000001,1449.7079999999999,263971.38
679,86.4,gas,capacity,0.6377100000000001,1449.7079999999999,263971.38
680,48.0,gas,fallback-gas,0.6377100000000001,1449.7079999999999,263971.38
681,70.0,gas,fallback-gas,0.6377100000000001,1449.7079999999999,263971.38
682,70.0,gas,fallback-gas,0.6377100000000001,1449.7079999999999,263971.38
683,42.0,gas,fallback-gas,0.6377100000000001,1449.7079999999999,263971.38
684,42.0,gas,fallback-gas,0.6377100000000001,1449.7079999999999,263971.38
685,70.0,gas,fallback-gas,0.6377100000000001,1449.7079999999999,263971.38
686,76.0,gas,fallback-gas,0.6377100000000001,1449.7079999999999,263971.38
687,76.0,gas,fallback-gas,0.6377100000000001,1449.7079999999999,263971.38
688,76.0,gas,fallback-gas,0.6377100000000001,1449.7079999999999,263971.38
689,66.5,gas,fallback-gas,0.6377100000000001,1449.7079999999999,263971.38
690,56.0,gas,fallback-gas,0.6377100000000001,1449.7079999999999,263971.38
691,70.0,gas,fallback-gas,0.6377100000000001,1449.7079999999999,263971.38
692,70.0,gas,fallback-gas,0.6377100000000001,1449.7079999999999,263971.38
693,28.0,gas,fallback-gas,0.6377100000000001,1449.7079999999999,263971.38
694,70.0,gas,fallback-gas,0.6377100000000001,1449.7079999999999,263971.38
695,70.0,gas,fallback-gas,0.6377100000000001,1449.7079999999999,263971.38
696,70.0,gas,fallback-gas,0.6377100000000001,1449.7079999999999,263971.38
697,42.0,gas,fallback-gas,0.6377100000000001,1449.7079999999999,263971.38
698,70.0,gas,fallback-gas,0.6377100000000001,1449.7079999999999,263971.38
699,70.0,gas,fallback-gas,0.6377100000000001,1449.7079999999999,263971.38
700,70.0,gas,fallback-gas,0.6377100000000001,1449.7079999999999,263971.38
701,42.0,gas,fallback-gas,0.6377100000000001,1449.7079999999999,263971.38
702,337.08,gas,fallback-gas,0.6377100000000001,1449.7079999999999,263971.38
703,291.438,gas,capacity,0.6377100000000001,1449.7079999999999,263971.38
704,291.438,gas,capacity,0.6377100000000001,1449.7079999999999,263971.38
705,48.0,gas,fallback-gas,0.6377100000000001,1449.7079999999999,263971.38
706,48.0,gas,fallback-gas,0.6377100000000001,1449.7079999999999,263971.38
707,56.0,gas,fallback-gas,0.6377100000000001,1449.7079999999999,263971.38
708,56.0,gas,fallback-gas,0.6377100000000001,1449.7079999999999,263971.38
709,56.0,gas,fallback-gas,0.6377100000000001,1449.7079999999999,263971.38
710,56.0,gas,fallback-gas,0.6377100000000001,1449.7079999999999,263971.38
711,56.0,gas,fallback-gas,0.6377100000000001,1449.7079999999999,263971.38
712,56.0,gas,fallback-gas,0.6377100000000001,1449.7079999999999,263971.38
713,56.0,gas,fallback-gas,0.6377100000000001,1449.7079999999999,263971.38
714,48.0,gas,fallback-gas,0.6377100000000001,1449.7079999999999,263971.38
715,56.0,gas,fallback-gas,0.6377100000000001,1449.7079999999999,263971.38
716,48.0,gas,fallback-gas,0.6377100000000001,1449.7079999999999,263971.38
717,6.0,gas,fallback-gas,0.6377100000000001,1449.7079999999999,263971.38
718,7.2,gas,fallback-gas,0.6377100000000001,1449.7079999999999,263971.38
719,15.1,gas,fallback-gas,0.6377100000000001,1449.7079999999999,263971.38
720,48.3,gas,fallback-gas,0.6377100000000001,1449.7079999999999,263971.38
721,4.2,gas,fallback-gas,0.6377100000000001,1449.7079999999999,263971.38
722,15.0,gas,fallback-gas,0.6377100000000001,1449.7079999999999,263971.38
723,46.0,gas,fallback-gas,0.6377100000000001,1449.7079999999999,263971.38
724,25.2,gas,fallback-gas,0.6377100000000001,1449.7079999999999,263971.38
725,55.2,gas,fallback-gas,0.6377100000000001,1449.7079999999999,263971.38
726,43.7,gas,fallback-gas,0.6377100000000001,1449.7079999999999,263971.38
727,32.2,gas,fallback-gas,0.6377100000000001,1449.7079999999999,263971.38
728,42.0,gas,fallback-gas,0.6377100000000001,1449.7079999999999,263971.38
729,11.5,gas,fallback-gas,0.6377100000000001,1449.7079999999999,263971.38
730,12.0,gas,fallback-gas,0.6377100000000001,1449.7079999999999,263971.38
731,28.0,gas,fallback-gas,0.6377100000000001,1449.7079999999999,263971.38
732,7.2,gas,fallback-gas,0.6377100000000001,1449.7079999999999,263971.38
733,4.2,gas,fallback-gas,0.6377100000000001,1449.7079999999999,263971.38
734,14.4,gas,fallback-gas,0.6377100000000001,1449.7079999999999,263971.38
735,3.6,gas,fallback-gas,0.6377100000000001,1449.7079999999999,263971.38
736,12.6,gas,fallback-gas,0.6377100000000001,1449.7079999999999,263971.38
737,7.2,gas,fallback-gas,0.6377100000000001,1449.7079999999999,263971.38
738,100.0,gas,capacity,0.6377100000000001,1449.7079999999999,263971.38
739,88.039,gas,capacity,0.6377100000000001,1449.7079999999999,263971.38
740,92.98,gas,capacity,0.6377100000000001,1449.7079999999999,263971.38
741,67.267,gas,fallback-gas,0.6377100000000001,1449.7079999999999,263971.38
742,93.96,gas,capacity,0.6377100000000001,1449.7079999999999,263971.38
743,98.313,gas,capacity,0.6377100000000001,1449.7079999999999,263971.38
744,13.264,gas,fallback-gas,0.6377100000000001,1449.7079999999999,263971.38
745,34.117,gas,fallback-gas,0.6377100000000001,1449.7079999999999,263971.38
746,149.092,gas,capacity,0.6377100000000001,1449.7079999999999,263971.38
747,150.0,gas,capacity,0.6377100000000001,1449.7079999999999,263971.38
748,67.853,gas,fallback-gas,0.6377100000000001,1449.7079999999999,263971.38
749,42.314,gas,fallback-gas,0.6377100000000001,1449.7079999999999,263971.38
750,19.507,gas,fallback-gas,0.6377100000000001,1449.7079999999999,263971.38
751,7.333,gas,fallback-gas,0.6377100000000001,1449.7079999999999,263971.38
752,39.138,gas,fallback-gas,0.6377100000000001,1449.7079999999999,263971.38
753,19.7,gas,fallback-gas,0.6377100000000001,1449.7079999999999,263971.38
754,19.567,gas,fallback-gas,0.6377100000000001,1449.7079999999999,263971.38
755,47.765,gas,fallback-gas,0.6377100000000001,1449.7079999999999,263971.38
756,45.83,gas,fallback-gas,0.6377100000000001,1449.7079999999999,263971.38
757,22.92,gas,fallback-gas,0.6377100000000001,1449.7079999999999,263971.38
758,52.464,gas,fallback-gas,0.6377100000000001,1449.7079999999999,263971.38
759,44.544,gas,fallback-gas,0.6377100000000001,1449.7079999999999,263971.38
760,77.52,gas,fallback-gas,0.6377100000000001,1449.7079999999999,263971.38
761,119.994,gas,fallback-gas,0.6377100000000001,1449.7079999999999,263971.38
762,133.944,gas,capacity,0.6377100000000001,1449.7079999999999,263971.38
763,138.024,gas,fallback-gas,0.6377100000000001,1449.7079999999999,263971.38
764,66.6,gas,fallback-gas,0.6377100000000001,1449.7079999999999,263971.38
765,50.007,gas,fallback-gas,0.6377100000000001,1449.7079999999999,263971.38
766,54.4,gas,fallback-gas,0.6377100000000001,1449.7079999999999,263971.38
767,6.795,gas,fallback-gas,0.6377100000000001,1449.7079999999999,263971.38
768,2.814,gas,fallback-gas,0.6377100000000001,1449.7079999999999,263971.38
769,32.05,gas,fallback-gas,0.6377100000000001,1449.7079999999999,263971.38
770,14.873,gas,fallback-gas,0.6377100000000001,1449.7079999999999,263971.38
771,6.127,gas,fallback-gas,0.6377100000000001,1449.7079999999999,263971.38
772,0.126,gas,fallback-gas,0.6377100000000001,1449.7079999999999,263971.38
773,6.41,gas,fallback-gas,0.6377100000000001,1449.7079999999999,263971.38
774,58.464,gas,fallback-gas,0.6377100000000001,1449.7079999999999,263971.38
775,27.248,gas,fallback-gas,0.6377100000000001,1449.7079999999999,263971.38
776,2.731,gas,fallback-gas,0.6377100000000001,1449.7079999999999,263971.38
777,38.882,gas,fallback-gas,0.6377100000000001,1449.7079999999999,263971.38
778,15.3,gas,fallback-gas,0.6377100000000001,1449.7079999999999,263971.38
779,44.0,gas,fallback-gas,0.6377100000000001,1449.7079999999999,263971.38
780,8.856,gas,fallback-gas,0.6377100000000001,1449.7079999999999,263971.38
781,24.379,gas,fallback-gas,0.6377100000000001,1449.7079999999999,263971.38
782,6.67,gas,fallback-gas,0.6377100000000001,1449.7079999999999,263971.38
783,4.238,gas,fallback-gas,0.6377100000000001,1449.7079999999999,263971.38
784,0.068,gas,fallback-gas,0.6377100000000001,1449.7079999999999,263971.38
785,0.187,gas,fallback-gas,0.6377100000000001,1449.7079999999999,263971.38
786,57.236,gas,fallback-gas,0.6377100000000001,1449.7079999999999,263971.38
787,60.028,gas,fallback-gas,0.6377100000000001,1449.7079999999999,263971.38
788,82.666,gas,capacity,0.6377100000000001,1449.7079999999999,263971.38
789,17.334,gas,fallback-gas,0.6377100000000001,1449.7079999999999,263971.38
790,99.0,gas,capacity,0.6377100000000001,1449.7079999999999,263971.38
791,99.0,gas,capacity,0.6377100000000001,1449.7079999999999,263971.38
792,50.0,gas,fallback-gas,0.6377100000000001,1449.7079999999999,263971.38
793,50.0,gas,fallback-gas,0.6377100000000001,1449.7079999999999,263971.38
794,50.0,gas,fallback-gas,0.6377100000000001,1449.7079999999999,263971.38
795,100.0,gas,capacity,0.6377100000000001,1449.7079999999999,263971.38
796,100.0,gas,capacity,0.6377100000000001,1449.7079999999999,263971.38
797,50.0,gas,fallback-gas,0.6377100000000001,1449.7079999999999,263971.38
798,40.0,gas,fallback-gas,0.6377100000000001,1449.7079999999999,263971.38
799,60.0,gas,fallback-gas,0.6377100000000001,1449.7079999999999,263971.38
800,60.0,gas,fallback-gas,0.6377100000000001,1449.7079999999999,263971.38
801,100.0,gas,capacity,0.6377100000000001,1449.7079999999999,263971.38
802,19.58,gas,fallback-gas,0.6377100000000001,1449.7079999999999,263971.38
803,21.6,gas,fallback-gas,0.6377100000000001,1449.7079999999999,263971.38
804,15.0,gas,fallback-gas,0.6377100000000001,1449.7079999999999,263971.38
805,100.0,gas,capacity,0.6377100000000001,1449.7079999999999,263971.38
806,16.0,gas,fallback-gas,0.6377100000000001,1449.7079999999999,263971.38
807,169.9,gas,capacity,0.6377100000000001,1449.7079999999999,263971.38
808,78.0,gas,fallback-gas,0.6377100000000001,1449.7079999999999,263971.38
809,100.0,gas,capacity,0.6377100000000001,1449.7079999999999,263971.38
810,64.0,gas,fallback-gas,0.6377100000000001,1449.7079999999999,263971.38
811,100.0,gas,capacity,0.6377100000000001,1449.7079999999999,263971.38
812,100.0,gas,capacity,0.6377100000000001,1449.7079999999999,263971.38
813,100.0,gas,capacity,0.6377100000000001,1449.7079999999999,263971.38
814,29.78,gas,fallback-gas,0.6377100000000001,1449.7079999999999,263971.38
815,0.8,gas,fallback-gas,0.6377100000000001,1449.7079999999999,263971.38
